Date,Close,Log_Return
2010-01-05,1136.52001953125,0.3110831966759719
2010-01-06,1137.1400146484375,0.05453718878234133
2010-01-07,1141.68994140625,0.3993218354654243
2010-01-08,1144.97998046875,0.2877583075096213
2010-01-11,1146.97998046875,0.174523162858463
2010-01-12,1136.219970703125,-0.942544643894456
2010-01-13,1145.6800537109375,0.8291456333360419
2010-01-14,1148.4599609375,0.2423486421414183
2010-01-15,1136.030029296875,-1.0882126301208588
2010-01-19,1150.22998046875,1.2422151207737095
2010-01-20,1138.0400390625,-1.0654386601861303
2010-01-21,1116.47998046875,-1.9126657272987804
2010-01-22,1091.760009765625,-2.238977963010898
2010-01-25,1096.780029296875,0.4587559053796009
2010-01-26,1092.1700439453125,-0.4212057847785588
2010-01-27,1097.5,0.4868282868611808
2010-01-28,1084.530029296875,-1.188812553427926
2010-01-29,1073.8699951171875,-0.9877799049982582
2010-02-01,1089.18994140625,1.4165305546369655
2010-02-02,1103.3199462890625,1.28895204452028
2010-02-03,1097.280029296875,-0.5489350382538535
2010-02-04,1063.1099853515625,-3.1635856049806907
2010-02-05,1066.18994140625,0.28929303608266027
2010-02-08,1056.739990234375,-0.8902803100374193
2010-02-09,1070.52001953125,1.295584177358637
2010-02-10,1068.1300048828125,-0.22350694280074235
2010-02-11,1078.469970703125,0.9633882335101287
2010-02-12,1075.510009765625,-0.2748366119941131
2010-02-16,1094.8699951171875,1.7840653536261433
2010-02-17,1099.510009765625,0.42290045967103734
2010-02-18,1106.75,0.6563157733795463
2010-02-19,1109.1700439453125,0.21842348635910053
2010-02-22,1108.010009765625,-0.10464051249203224
2010-02-23,1094.5999755859375,-1.21766449451987
2010-02-24,1105.239990234375,0.9673519697189884
2010-02-25,1102.93994140625,-0.20832085528651542
2010-02-26,1104.489990234375,0.14043925568579446
2010-03-01,1115.7099609375,1.0107257423603737
2010-03-02,1118.31005859375,0.23277310028862694
2010-03-03,1118.7900390625,0.04291095214003986
2010-03-04,1122.969970703125,0.37291560795713796
2010-03-05,1138.699951171875,1.3910282801603981
2010-03-08,1138.5,-0.017561143217653643
2010-03-09,1140.449951171875,0.17112720239721047
2010-03-10,1145.6099853515625,0.451435490421295
2010-03-11,1150.239990234375,0.40333743135059696
2010-03-12,1149.989990234375,-0.021736957009269708
2010-03-15,1150.510009765625,0.045209262343589775
2010-03-16,1159.4599609375,0.7749014983159959
2010-03-17,1166.2099609375,0.5804795332563638
2010-03-18,1165.8299560546875,-0.03258991266890941
2010-03-19,1159.9000244140625,-0.5099426451612706
2010-03-22,1165.81005859375,0.5082359099180065
2010-03-23,1174.1700439453125,0.7145377784800172
2010-03-24,1167.719970703125,-0.5508447887288308
2010-03-25,1165.72998046875,-0.1705621083328679
2010-03-26,1166.5899658203125,0.07374506159884132
2010-03-29,1173.219970703125,0.5667146312798056
2010-03-30,1173.27001953125,0.004265846293038881
2010-03-31,1169.4300537109375,-0.327824231803275
2010-04-01,1178.0999755859375,0.7386454005524301
2010-04-05,1187.43994140625,0.7896729443087884
2010-04-06,1189.43994140625,0.1682878875349027
2010-04-07,1182.449951171875,-0.5894042967262019
2010-04-08,1186.43994140625,0.33686614308549273
2010-04-09,1194.3699951171875,0.666166829683167
2010-04-12,1196.47998046875,0.17650508571401097
2010-04-13,1197.300048828125,0.06851660398368414
2010-04-14,1210.6500244140625,1.1088363099908616
2010-04-15,1211.6700439453125,0.08421839911768203
2010-04-16,1192.1300048828125,-1.6257982418547083
2010-04-19,1197.52001953125,0.4511140739529798
2010-04-20,1207.1700439453125,0.8026045737071379
2010-04-21,1205.93994140625,-0.10195164357019706
2010-04-22,1208.6700439453125,0.22613206430901964
2010-04-23,1217.280029296875,0.7098267683218249
2010-04-26,1212.050048828125,-0.43057043550931084
2010-04-27,1183.7099609375,-2.3659640178701644
2010-04-28,1191.3599853515625,0.6441958378180899
2010-04-29,1206.780029296875,1.2860180281289573
2010-04-30,1186.68994140625,-1.6787810139866295
2010-05-03,1202.260009765625,1.303525745326214
2010-05-04,1173.5999755859375,-2.412719995741821
2010-05-05,1165.8699951171875,-0.6608341800780098
2010-05-06,1128.1500244140625,-3.2888440643963666
2010-05-07,1110.8800048828125,-1.5426646180907493
2010-05-10,1159.72998046875,4.303470414561544
2010-05-11,1155.7900390625,-0.3403075918466228
2010-05-12,1171.6700439453125,1.3645992401824483
2010-05-13,1157.43994140625,-1.221949988922511
2010-05-14,1135.6800537109375,-1.8978981387949807
2010-05-17,1136.93994140625,0.11087536210084369
2010-05-18,1120.800048828125,-1.429763178499772
2010-05-19,1115.050048828125,-0.5143468860015589
2010-05-20,1071.5899658203125,-3.9755795837766263
2010-05-21,1087.68994140625,1.4912632585704337
2010-05-24,1073.6500244140625,-1.299204632368772
2010-05-25,1074.030029296875,0.035387476465256085
2010-05-26,1067.949951171875,-0.5677078693651669
2010-05-27,1103.06005859375,3.2347311768677054
2010-05-28,1089.4100341796875,-1.2451892345405802
2010-06-01,1070.7099609375,-1.7314353324598772
2010-06-02,1098.3800048828125,2.551442810834267
2010-06-03,1102.8299560546875,0.4043191983442443
2010-06-04,1064.8800048828125,-3.5017442089831103
2010-06-07,1050.469970703125,-1.3624466165715647
2010-06-08,1062.0,1.091626764351899
2010-06-09,1055.68994140625,-0.5959396741888011
2010-06-10,1086.8399658203125,2.907984566617691
2010-06-11,1091.5999755859375,0.43701157426175097
2010-06-14,1089.6300048828125,-0.18062939317567234
2010-06-15,1115.22998046875,2.322245059850045
2010-06-16,1114.6099853515625,-0.05560893540954269
2010-06-17,1116.0400390625,0.1282185812389404
2010-06-18,1117.510009765625,0.13162641384549062
2010-06-21,1113.199951171875,-0.3864297943398893
2010-06-22,1095.31005859375,-1.620122508698942
2010-06-23,1092.0400390625,-0.29899392610687203
2010-06-24,1073.68994140625,-1.6946283204951273
2010-06-25,1076.760009765625,0.2855281931545411
2010-06-28,1074.5699462890625,-0.20360096106544404
2010-06-29,1041.239990234375,-3.1508230342208914
2010-06-30,1030.7099609375,-1.0164453973335281
2010-07-01,1027.3699951171875,-0.32457133092441126
2010-07-02,1022.5800170898438,-0.4673271754301508
2010-07-06,1028.06005859375,0.5344725887457726
2010-07-07,1060.27001953125,3.0850023008263836
2010-07-08,1070.25,0.936865495165787
2010-07-09,1077.9599609375,0.7178063766629461
2010-07-12,1078.75,0.07326336059528174
2010-07-13,1095.3399658203125,1.5261822735573063
2010-07-14,1095.1700439453125,-0.015514366479341991
2010-07-15,1096.47998046875,0.11953885564136067
2010-07-16,1064.8800048828125,-2.924290970075012
2010-07-19,1071.25,0.5964069587908596
2010-07-20,1083.47998046875,1.1351874168992775
2010-07-21,1069.5899658203125,-1.2902699582286208
2010-07-22,1093.6700439453125,2.2263687822425644
2010-07-23,1102.6600341796875,0.8186420184344789
2010-07-26,1115.010009765625,1.113790871672976
2010-07-27,1113.8399658203125,-0.10499083075197903
2010-07-28,1106.1300048828125,-0.6946032638280119
2010-07-29,1101.530029296875,-0.4167292220516642
2010-07-30,1101.5999755859375,0.006349719619899018
2010-08-02,1125.8599853515625,2.178352878116676
2010-08-03,1120.4599609375,-0.48078946413303936
2010-08-04,1127.239990234375,0.6032878060028029
2010-08-05,1125.81005859375,-0.12693298432147423
2010-08-06,1121.6400146484375,-0.37109155663972965
2010-08-09,1127.7900390625,0.5468087107405527
2010-08-10,1121.06005859375,-0.5985281603927614
2010-08-11,1089.469970703125,-2.8583405997961564
2010-08-12,1083.6099853515625,-0.5393266400071398
2010-08-13,1079.25,-0.4031690712189038
2010-08-16,1079.3800048828125,0.012045128871151445
2010-08-17,1092.5400390625,1.2118489601347648
2010-08-18,1094.1600341796875,0.14816804859392602
2010-08-19,1075.6300048828125,-1.708043585689712
2010-08-20,1071.68994140625,-0.3669753922919338
2010-08-23,1067.3599853515625,-0.40484907945532
2010-08-24,1051.8699951171875,-1.4618768361991257
2010-08-25,1055.3299560546875,0.3283944691638116
2010-08-26,1047.219970703125,-0.7714466580892417
2010-08-27,1064.5899658203125,1.6450710403283033
2010-08-30,1048.9200439453125,-1.4828611113085735
2010-08-31,1049.3299560546875,0.0390718088492601
2010-09-01,1080.2900390625,2.9077736386750193
2010-09-02,1090.0999755859375,0.903985298673457
2010-09-03,1104.510009765625,1.3132393793160997
2010-09-07,1091.8399658203125,-1.1537491412768315
2010-09-08,1098.8699951171875,0.6418059490903166
2010-09-09,1104.1800537109375,0.48206520589967217
2010-09-10,1109.550048828125,0.4851545040690317
2010-09-13,1121.9000244140625,1.106912660314444
2010-09-14,1121.0999755859375,-0.07133739296067344
2010-09-15,1125.0699462890625,0.35348838022687706
2010-09-16,1124.6600341796875,-0.03644100558466401
2010-09-17,1125.5899658203125,0.0826514114932464
2010-09-20,1142.7099609375,1.5095287889557545
2010-09-21,1139.780029296875,-0.25673131207138566
2010-09-22,1134.280029296875,-0.4837172794451643
2010-09-23,1124.8299560546875,-0.8366240177841381
2010-09-24,1148.6700439453125,2.0972915547808246
2010-09-27,1142.1600341796875,-0.5683553181933576
2010-09-28,1147.699951171875,0.4838660735848585
2010-09-29,1144.72998046875,-0.2591112883144724
2010-09-30,1141.199951171875,-0.30884867064552596
2010-10-01,1146.239990234375,0.44067143598945757
2010-10-04,1137.030029296875,-0.8067386519721716
2010-10-05,1160.75,2.064672250716406
2010-10-06,1159.969970703125,-0.0672230459595621
2010-10-07,1158.06005859375,-0.16478755817934904
2010-10-08,1165.1500244140625,0.6103613171284074
2010-10-11,1165.3199462890625,0.014582627318711123
2010-10-12,1169.77001953125,0.38114836641496563
2010-10-13,1178.0999755859375,0.7095785561559261
2010-10-14,1173.81005859375,-0.3648032184403023
2010-10-15,1176.18994140625,0.2025432873275127
2010-10-18,1184.7099609375,0.721763469070623
2010-10-19,1165.9000244140625,-1.6004644029054833
2010-10-20,1178.1700439453125,1.0469082613678415
2010-10-21,1180.260009765625,0.17723369527991778
2010-10-22,1183.0799560546875,0.23864087842906395
2010-10-25,1185.6199951171875,0.214467014688162
2010-10-26,1185.6400146484375,0.0016885142218022245
2010-10-27,1182.449951171875,-0.2694209639216564
2010-10-28,1183.780029296875,0.11242172367564925
2010-10-29,1183.260009765625,-0.04393838135683326
2010-11-01,1184.3800048828125,0.09460857172530168
2010-11-02,1193.5699462890625,0.7729336064693736
2010-11-03,1197.9599609375,0.3671306443685746
2010-11-04,1221.06005859375,1.9099304409664533
2010-11-05,1225.8499755859375,0.3915079053611362
2010-11-08,1223.25,-0.21232098228606586
2010-11-09,1213.4000244140625,-0.8084894540661062
2010-11-10,1218.7099609375,0.43665335797252625
2010-11-11,1213.5400390625,-0.4251149890857143
2010-11-12,1199.2099609375,-1.1878766244753407
2010-11-15,1197.75,-0.12181773094550821
2010-11-16,1178.3399658203125,-1.6338157414688126
2010-11-17,1178.5899658203125,0.02121403759877297
2010-11-18,1196.68994140625,1.5240583543647692
2010-11-19,1199.72998046875,0.25371519119104957
2010-11-22,1197.8399658203125,-0.15766088850612958
2010-11-23,1180.72998046875,-1.4387031590549966
2010-11-24,1198.3499755859375,1.481271551861717
2010-11-26,1189.4000244140625,-0.749659142423389
2010-11-29,1187.760009765625,-0.1379810265237083
2010-11-30,1180.550048828125,-0.6088715610163862
2010-12-01,1206.0699462890625,2.138662226312978
2010-12-02,1221.530029296875,1.2737100160620847
2010-12-03,1224.7099609375,0.2599854016351503
2010-12-06,1223.1199951171875,-0.12990821033003647
2010-12-07,1223.75,0.051494758445800724
2010-12-08,1228.280029296875,0.3694925752614823
2010-12-09,1233.0,0.3835383567009256
2010-12-10,1240.4000244140625,0.5983703744360294
2010-12-13,1240.4599609375,0.00483191504584528
2010-12-14,1241.5899658203125,0.09105416846800492
2010-12-15,1235.22998046875,-0.5135617015335396
2010-12-16,1242.8699951171875,0.6166045704273937
2010-12-17,1243.9100341796875,0.08364544598930705
2010-12-20,1247.0799560546875,0.25451114605429465
2010-12-21,1254.5999755859375,0.60119938497866
2010-12-22,1258.8399658203125,0.33738576255426245
2010-12-23,1256.77001953125,-0.16456817776046478
2010-12-27,1257.5400390625,0.06125096248109704
2010-12-28,1258.510009765625,0.07710265951420124
2010-12-29,1259.780029296875,0.10086365106648648
2010-12-30,1257.8800048828125,-0.15093576964174302
2010-12-31,1257.6400146484375,-0.019080765268397786
2011-01-03,1271.8699951171875,1.125129414776139
2011-01-04,1270.199951171875,-0.1313924652635054
2011-01-05,1276.56005859375,0.49946760743084984
2011-01-06,1273.8499755859375,-0.2125214370637225
2011-01-07,1271.5,-0.1846485769081899
2011-01-10,1269.75,-0.13772751808198855
2011-01-11,1274.47998046875,0.3718206258407198
2011-01-12,1285.9599609375,0.8967253798850817
2011-01-13,1283.760009765625,-0.1712211240459357
2011-01-14,1293.239990234375,0.7357410347301483
2011-01-18,1295.02001953125,0.13754642661832542
2011-01-19,1281.9200439453125,-1.0167165793385584
2011-01-20,1280.260009765625,-0.12957984038339024
2011-01-21,1283.3499755859375,0.24106376042604427
2011-01-24,1290.8399658203125,0.5819315234595438
2011-01-25,1291.1800537109375,0.026342777361852737
2011-01-26,1296.6300048828125,0.4212024148480004
2011-01-27,1299.5400390625,0.2241791060799816
2011-01-28,1276.3399658203125,-1.8013805424182845
2011-01-31,1286.1199951171875,0.7633349932881147
2011-02-01,1307.5899658203125,1.6555791837834375
2011-02-02,1304.030029296875,-0.27262302593629273
2011-02-03,1307.0999755859375,0.23514322901266807
2011-02-04,1310.8699951171875,0.28801110627525583
2011-02-07,1319.050048828125,0.6220782345952653
2011-02-08,1324.5699462890625,0.41760203758396963
2011-02-09,1320.8800048828125,-0.2789653077800705
2011-02-10,1321.8699951171875,0.0749212207498601
2011-02-11,1329.1500244140625,0.5492261501886461
2011-02-14,1332.3199462890625,0.2382084644068833
2011-02-15,1328.010009765625,-0.3240154691578971
2011-02-16,1336.3199462890625,0.6237938698850808
2011-02-17,1340.4300537109375,0.30709708803804936
2011-02-18,1343.010009765625,0.19228727220244873
2011-02-22,1315.43994140625,-2.0742204920454523
2011-02-23,1307.4000244140625,-0.6130715010508628
2011-02-24,1306.0999755859375,-0.09948719612429038
2011-02-25,1319.8800048828125,1.0495248165324718
2011-02-28,1327.219970703125,0.5545679951233037
2011-03-01,1306.3299560546875,-1.5864861791058633
2011-03-02,1308.43994140625,0.16138978895201783
2011-03-03,1330.969970703125,1.7072434579238578
2011-03-04,1321.1500244140625,-0.740538978936872
2011-03-07,1310.1300048828125,-0.8376215256269803
2011-03-08,1321.8199462890625,0.8883161530176172
2011-03-09,1320.02001953125,-0.13626313929708095
2011-03-10,1295.1099853515625,-1.9051280476330656
2011-03-11,1304.280029296875,0.7055564524569619
2011-03-14,1296.3900146484375,-0.6067696956773772
2011-03-15,1281.8699951171875,-1.1263544394845546
2011-03-16,1256.8800048828125,-1.9687481949372254
2011-03-17,1273.719970703125,1.3309266231874257
2011-03-18,1279.2099609375,0.43009395825458097
2011-03-21,1298.3800048828125,1.487466793018228
2011-03-22,1293.77001953125,-0.35568853410381707
2011-03-23,1297.5400390625,0.29097422585029215
2011-03-24,1309.6600341796875,0.9297393435475378
2011-03-25,1313.800048828125,0.31561510021889394
2011-03-28,1310.18994140625,-0.2751618499391395
2011-03-29,1319.43994140625,0.7035239607301627
2011-03-30,1328.260009765625,0.6662462626235184
2011-03-31,1325.8299560546875,-0.1831177104975248
2011-04-01,1332.4100341796875,0.49507129444560716
2011-04-04,1332.8699951171875,0.03451501808517552
2011-04-05,1332.6300048828125,-0.018007145753026057
2011-04-06,1335.5400390625,0.2181296758153027
2011-04-07,1333.510009765625,-0.15211626992252944
2011-04-08,1328.1700439453125,-0.40124830009741963
2011-04-11,1324.4599609375,-0.279728829140217
2011-04-12,1314.1600341796875,-0.7807095445724583
2011-04-13,1314.4100341796875,0.01902174903101045
2011-04-14,1314.52001953125,0.008367309086169079
2011-04-15,1319.6800537109375,0.39177288255680137
2011-04-18,1305.1400146484375,-1.1078997728577973
2011-04-19,1312.6199951171875,0.5714810218094469
2011-04-20,1330.3599853515625,1.3424435132347328
2011-04-21,1337.3800048828125,0.5262908499655702
2011-04-25,1335.25,-0.15939395500958123
2011-04-26,1347.239990234375,0.8939507790192993
2011-04-27,1355.6600341796875,0.6230397799828821
2011-04-28,1360.47998046875,0.35491184714345464
2011-04-29,1363.6099853515625,0.2298019742020782
2011-05-02,1361.219970703125,-0.1754249109045456
2011-05-03,1356.6199951171875,-0.33850263710526607
2011-05-04,1347.3199462890625,-0.6878914252832363
2011-05-05,1335.0999755859375,-0.9111217180694529
2011-05-06,1340.199951171875,0.3812642995876722
2011-05-09,1346.2900390625,0.45338701019314065
2011-05-10,1357.1600341796875,0.804161600966336
2011-05-11,1342.0799560546875,-1.1173689687885626
2011-05-12,1348.6500244140625,0.4883493672167491
2011-05-13,1337.77001953125,-0.8100047045425268
2011-05-16,1329.469970703125,-0.6223718638095737
2011-05-17,1328.97998046875,-0.03686285233300362
2011-05-18,1340.6800537109375,0.8765271983703135
2011-05-19,1343.5999755859375,0.21755725891674885
2011-05-20,1333.27001953125,-0.7717974612614023
2011-05-23,1317.3699951171875,-1.1997264840988668
2011-05-24,1316.280029296875,-0.08277226453314669
2011-05-25,1320.469970703125,0.31781131566695725
2011-05-26,1325.68994140625,0.3945322767699228
2011-05-27,1331.0999755859375,0.4072615318765918
2011-05-31,1345.199951171875,1.053701485636789
2011-06-01,1314.550048828125,-2.3048225700640406
2011-06-02,1312.93994140625,-0.1225586114047521
2011-06-03,1300.1600341796875,-0.978149266519151
2011-06-06,1286.1700439453125,-1.0818516013722312
2011-06-07,1284.93994140625,-0.09568650426676839
2011-06-08,1279.56005859375,-0.41956644216076977
2011-06-09,1289.0,0.7350409328991669
2011-06-10,1270.97998046875,-1.407848288184634
2011-06-13,1271.8299560546875,0.06685325595012269
2011-06-14,1287.8699951171875,1.2532913485107313
2011-06-15,1265.4200439453125,-1.7585569507258008
2011-06-16,1267.6400146484375,0.17527979756827483
2011-06-17,1271.5,0.3040390291799793
2011-06-20,1278.3599853515625,0.5380689090158733
2011-06-21,1295.52001953125,1.33341790614636
2011-06-22,1287.1400146484375,-0.6489459844407727
2011-06-23,1283.5,-0.2831992858193941
2011-06-24,1268.449951171875,-1.1795077176858442
2011-06-27,1280.0999755859375,0.9142536655730837
2011-06-28,1296.6700439453125,1.2861292735996777
2011-06-29,1307.4100341796875,0.8248633534913172
2011-06-30,1320.6400146484375,1.0068371595162744
2011-07-01,1339.6700439453125,1.4306869106082432
2011-07-05,1337.8800048828125,-0.1337072545078201
2011-07-06,1339.219970703125,0.10010578196052823
2011-07-07,1353.219970703125,1.0399582892092554
2011-07-08,1343.800048828125,-0.6985458106936123
2011-07-11,1319.489990234375,-1.8256166936573934
2011-07-12,1313.6400146484375,-0.44433698298372165
2011-07-13,1317.719970703125,0.31010271091221175
2011-07-14,1308.8699951171875,-0.6738782369334765
2011-07-15,1316.1400146484375,0.5539055540283085
2011-07-18,1305.43994140625,-0.8163117539368405
2011-07-19,1326.72998046875,1.617714964684356
2011-07-20,1325.8399658203125,-0.06710584073998067
2011-07-21,1343.800048828125,1.3455262786265243
2011-07-22,1345.02001953125,0.09074395131127662
2011-07-25,1337.4300537109375,-0.5658995223243947
2011-07-26,1331.93994140625,-0.41134200623285405
2011-07-27,1304.8900146484375,-2.051772480729147
2011-07-28,1300.6700439453125,-0.3239207155505587
2011-07-29,1292.280029296875,-0.6471427287173138
2011-08-01,1286.93994140625,-0.41408608662307433
2011-08-02,1254.050048828125,-2.5888909190623943
2011-08-03,1260.3399658203125,0.5003145952717516
2011-08-04,1200.0699462890625,-4.90016550437416
2011-08-05,1199.3800048828125,-0.057508298927246036
2011-08-08,1119.4599609375,-6.895836939262512
2011-08-09,1172.530029296875,4.631744106338802
2011-08-10,1120.760009765625,-4.515679702747437
2011-08-11,1172.6400146484375,4.5250594363771555
2011-08-12,1178.81005859375,0.5247875067275939
2011-08-15,1204.489990234375,2.1550727976033657
2011-08-16,1192.760009765625,-0.9786275177620173
2011-08-17,1193.8900146484375,0.09469381398126654
2011-08-18,1140.6500244140625,-4.561859893236344
2011-08-19,1123.530029296875,-1.5122756128207964
2011-08-22,1123.8199462890625,0.02580078732242726
2011-08-23,1162.3499755859375,3.3710248386474015
2011-08-24,1177.5999755859375,1.3034651368546804
2011-08-25,1159.27001953125,-1.568793473796148
2011-08-26,1176.800048828125,1.5008418274915636
2011-08-29,1210.0799560546875,2.788750501216433
2011-08-30,1212.9200439453125,0.23442750237692417
2011-08-31,1218.8900146484375,0.4909908712070555
2011-09-01,1204.4200439453125,-1.1942460792303735
2011-09-02,1173.969970703125,-2.5607017291752765
2011-09-06,1165.239990234375,-0.7464076457609709
2011-09-07,1198.6199951171875,2.8243824959147195
2011-09-08,1185.9000244140625,-1.0668890387302459
2011-09-09,1154.22998046875,-2.706856251096215
2011-09-12,1162.27001953125,0.6941568182022928
2011-09-13,1172.8699951171875,0.9078726180354302
2011-09-14,1188.6800537109375,1.338976051823038
2011-09-15,1209.1099853515625,1.704104671810514
2011-09-16,1216.010009765625,0.5690475561935461
2011-09-19,1204.0899658203125,-0.9850948688080359
2011-09-20,1202.0899658203125,-0.16623864527241425
2011-09-21,1166.760009765625,-2.9830995087147443
2011-09-22,1129.56005859375,-3.2402456759229787
2011-09-23,1136.4300537109375,0.6063588829469748
2011-09-26,1162.949951171875,2.306802129696945
2011-09-27,1175.3800048828125,1.0631665357294655
2011-09-28,1151.06005859375,-2.090819585269548
2011-09-29,1160.4000244140625,0.8081486435358656
2011-09-30,1131.4200439453125,-2.529127447886567
2011-10-03,1099.22998046875,-2.886360290378494
2011-10-04,1123.949951171875,2.223930613115467
2011-10-05,1144.030029296875,1.7707918945510777
2011-10-06,1164.969970703125,1.8138168466480482
2011-10-07,1155.4599609375,-0.819681118762265
2011-10-10,1194.8900146484375,3.3555643919288363
2011-10-11,1195.5400390625,0.05438556372526529
2011-10-12,1207.25,0.9747046937638062
2011-10-13,1203.6600341796875,-0.29781023951361335
2011-10-14,1224.5799560546875,1.7230948802478145
2011-10-17,1200.8599853515625,-1.955993759944958
2011-10-18,1225.3800048828125,2.021304938031121
2011-10-19,1209.8800048828125,-1.2729818787026608
2011-10-20,1215.3900146484375,0.45438398210843994
2011-10-21,1238.25,1.863406749243458
2011-10-24,1254.18994140625,1.279080668037179
2011-10-25,1229.050048828125,-2.0248346199382077
2011-10-26,1242.0,1.048143054408723
2011-10-27,1284.5899658203125,3.3716591168134338
2011-10-28,1285.0899658203125,0.03891535285413573
2011-10-31,1253.300048828125,-2.5048616612977614
2011-11-01,1218.280029296875,-2.834005962159464
2011-11-02,1237.9000244140625,1.5976363304397205
2011-11-03,1261.1500244140625,1.8607607200930414
2011-11-04,1253.22998046875,-0.6299819537189565
2011-11-07,1261.1199951171875,0.6276008211166596
2011-11-08,1275.9200439453125,1.1667310321725162
2011-11-09,1229.0999755859375,-3.7385347098988095
2011-11-10,1239.699951171875,0.8587201099481742
2011-11-11,1263.8499755859375,1.9293223004513553
2011-11-14,1251.780029296875,-0.9596036687554769
2011-11-15,1257.81005859375,0.480559827730043
2011-11-16,1236.9100341796875,-1.6755798341954984
2011-11-17,1216.1300048828125,-1.6942671987706432
2011-11-18,1215.6500244140625,-0.03947564904724282
2011-11-21,1192.97998046875,-1.882457110494877
2011-11-22,1188.0400390625,-0.4149438857005794
2011-11-23,1161.7900390625,-2.2342970458596256
2011-11-25,1158.6700439453125,-0.26891193002505226
2011-11-28,1192.550048828125,2.8821079038609922
2011-11-29,1195.18994140625,0.22112069693969919
2011-11-30,1246.9599609375,4.240343833622763
2011-12-01,1244.5799560546875,-0.19104695778526481
2011-12-02,1244.280029296875,-0.024101537332728126
2011-12-05,1257.0799560546875,1.02344632992658
2011-12-06,1258.469970703125,0.11051379065262915
2011-12-07,1261.010009765625,0.20163207826575202
2011-12-08,1234.3499755859375,-2.1368498950929857
2011-12-09,1255.18994140625,1.6742412907085384
2011-12-12,1236.469970703125,-1.502638690477899
2011-12-13,1225.72998046875,-0.8723953020305214
2011-12-14,1211.8199462890625,-1.141325149713759
2011-12-15,1215.75,0.3237852858081692
2011-12-16,1219.6600341796875,0.3210989101900451
2011-12-19,1205.3499755859375,-1.180219845855773
2011-12-20,1241.300048828125,2.938929593094407
2011-12-21,1243.719970703125,0.1947608164854339
2011-12-22,1254.0,0.8231577169829831
2011-12-23,1265.3299560546875,0.8994480783105518
2011-12-27,1265.4300537109375,0.007910481903918607
2011-12-28,1249.6400146484375,-1.2556506256502387
2011-12-29,1263.02001953125,1.0650172463280614
2011-12-30,1257.5999755859375,-0.4300570740064627
2012-01-03,1277.06005859375,1.5355483670177896
2012-01-04,1277.300048828125,0.018790634443729307
2012-01-05,1281.06005859375,0.2939392669493865
2012-01-06,1277.81005859375,-0.2540185002539133
2012-01-09,1280.699951171875,0.22590443626086362
2012-01-10,1292.0799560546875,0.88465236130604
2012-01-11,1292.47998046875,0.030954934463217332
2012-01-12,1295.5,0.23338827385691882
2012-01-13,1289.0899658203125,-0.4960204447869401
2012-01-17,1293.6700439453125,0.3546657768174128
2012-01-18,1308.0400390625,1.104668913022228
2012-01-19,1314.5,0.49265017172440156
2012-01-20,1315.3800048828125,0.06692357932856269
2012-01-23,1316.0,0.047123192204085035
2012-01-24,1314.6500244140625,-0.10263438252235968
2012-01-25,1326.06005859375,0.8641694717196025
2012-01-26,1318.4300537109375,-0.5770508287989055
2012-01-27,1316.3299560546875,-0.1594147545290945
2012-01-30,1313.010009765625,-0.25253090863453725
2012-01-31,1312.4100341796875,-0.045705112807793644
2012-02-01,1324.0899658203125,0.8860237474265962
2012-02-02,1325.5400390625,0.10945478306671234
2012-02-03,1344.9000244140625,1.4499725948107647
2012-02-06,1344.3299560546875,-0.042396401353111846
2012-02-07,1347.050048828125,0.20213375254701532
2012-02-08,1349.9599609375,0.21578809333250354
2012-02-09,1351.949951171875,0.14730251258786603
2012-02-10,1342.6400146484375,-0.6910122643616179
2012-02-13,1351.77001953125,0.6777023326497382
2012-02-14,1350.5,-0.09399650039259268
2012-02-15,1343.22998046875,-0.5397747536216692
2012-02-16,1358.0400390625,1.09653658332769
2012-02-17,1361.22998046875,0.23461758829402962
2012-02-21,1362.2099609375,0.07196637576957368
2012-02-22,1357.6600341796875,-0.33456974121455285
2012-02-23,1363.4599609375,0.426290318060624
2012-02-24,1365.739990234375,0.1670841175508428
2012-02-27,1367.5899658203125,0.13536425518792067
2012-02-28,1372.1800537109375,0.3350713492314775
2012-02-29,1365.6800537109375,-0.47482427569533836
2012-03-01,1374.0899658203125,0.6139156544532941
2012-03-02,1369.6300048828125,-0.32510350278581207
2012-03-05,1364.3299560546875,-0.38772005028211404
2012-03-06,1343.3599853515625,-1.5489506127544146
2012-03-07,1352.6300048828125,0.6876921722994126
2012-03-08,1365.9100341796875,0.9770049174722242
2012-03-09,1370.8699951171875,0.36246730207315236
2012-03-12,1371.0899658203125,0.016044778678812075
2012-03-13,1395.949951171875,1.7969133090434228
2012-03-14,1394.280029296875,-0.11969780885961415
2012-03-15,1402.5999755859375,0.5949465701560221
2012-03-16,1404.1700439453125,0.11187724767004655
2012-03-19,1409.75,0.39659715140711566
2012-03-20,1405.52001953125,-0.3005028734390367
2012-03-21,1402.8900146484375,-0.18729499037742287
2012-03-22,1392.780029296875,-0.7232634226897842
2012-03-23,1397.1099853515625,0.31040360075561585
2012-03-26,1416.510009765625,1.3790299964088288
2012-03-27,1412.52001953125,-0.2820749754246321
2012-03-28,1405.5400390625,-0.49537586832890157
2012-03-29,1403.280029296875,-0.16092239433873862
2012-03-30,1408.469970703125,0.3691613621621361
2012-04-02,1419.0400390625,0.7476626120982405
2012-04-03,1413.3800048828125,-0.3996611820141247
2012-04-04,1398.9599609375,-1.0254926852538038
2012-04-05,1398.0799560546875,-0.0629240152421399
2012-04-09,1382.199951171875,-1.1423437999542612
2012-04-10,1358.5899658203125,-1.7229025277185803
2012-04-11,1368.7099609375,0.7421289800123757
2012-04-12,1387.5699462890625,1.3685315235975748
2012-04-13,1370.260009765625,-1.255346712505612
2012-04-16,1369.5699462890625,-0.050372724017345265
2012-04-17,1390.780029296875,1.5367979157954645
2012-04-18,1385.1400146484375,-0.4063533761746023
2012-04-19,1376.9200439453125,-0.5952075477202332
2012-04-20,1378.530029296875,0.11685826213373295
2012-04-23,1366.93994140625,-0.8443113102887432
2012-04-24,1371.969970703125,0.3673019641628904
2012-04-25,1390.68994140625,1.3552342898741399
2012-04-26,1399.97998046875,0.6657952133507797
2012-04-27,1403.3599853515625,0.24114139290230932
2012-04-30,1397.9100341796875,-0.38910622753696145
2012-05-01,1405.8199462890625,0.5642435719684133
2012-05-02,1402.31005859375,-0.24998055766587626
2012-05-03,1391.5699462890625,-0.7688351103506842
2012-05-04,1369.0999755859375,-1.6278995721590046
2012-05-07,1369.5799560546875,0.035051958289764595
2012-05-08,1363.719970703125,-0.4287853134969311
2012-05-09,1354.5799560546875,-0.672482753178195
2012-05-10,1357.989990234375,0.25142474063852527
2012-05-11,1353.3900146484375,-0.3393091334281743
2012-05-14,1338.3499755859375,-1.1175073102338486
2012-05-15,1330.6600341796875,-0.5762408276502476
2012-05-16,1324.800048828125,-0.44135439289479245
2012-05-17,1304.8599853515625,-1.5165797405604462
2012-05-18,1295.219970703125,-0.7415201826754865
2012-05-21,1315.989990234375,1.5908684395839308
2012-05-22,1316.6300048828125,0.048621879514186846
2012-05-23,1318.8599853515625,0.1692270514548765
2012-05-24,1320.6800537109375,0.13790801585880885
2012-05-25,1317.8199462890625,-0.2167980702760717
2012-05-29,1332.4200439453125,1.101805527882847
2012-05-30,1313.3199462890625,-1.4438629304797284
2012-05-31,1310.3299560546875,-0.22792610600432575
2012-06-01,1278.0400390625,-2.4951295414361523
2012-06-04,1278.1800537109375,0.010954819498779878
2012-06-05,1285.5,0.5710514594359025
2012-06-06,1315.1300048828125,2.2787776048048256
2012-06-07,1314.989990234375,-0.010647016016737381
2012-06-08,1325.6600341796875,0.8081420799989608
2012-06-11,1308.9300537109375,-1.2700423815401067
2012-06-12,1324.1800537109375,1.1583389901239802
2012-06-13,1314.8800048828125,-0.7048030071104174
2012-06-14,1329.0999755859375,1.0756592649869776
2012-06-15,1342.8399658203125,1.0284745652146794
2012-06-18,1344.780029296875,0.1443703958935358
2012-06-19,1357.97998046875,0.9767834417612747
2012-06-20,1355.68994140625,-0.1687780512771723
2012-06-21,1325.510009765625,-2.2513208183375855
2012-06-22,1335.02001953125,0.7148989234504349
2012-06-25,1313.719970703125,-1.6083502390603004
2012-06-26,1319.989990234375,0.47613681610202147
2012-06-27,1331.8499755859375,0.894478141961743
2012-06-28,1329.0400390625,-0.21120283457667527
2012-06-29,1362.1600341796875,2.4614793734920246
2012-07-02,1365.510009765625,0.2456292158706836
2012-07-03,1374.02001953125,0.6212771568424255
2012-07-05,1367.5799560546875,-0.46980415663211994
2012-07-06,1354.6800537109375,-0.947741865558198
2012-07-09,1352.4599609375,-0.164017617051813
2012-07-10,1341.469970703125,-0.815912178959069
2012-07-11,1341.449951171875,-0.0014923688990578575
2012-07-12,1334.760009765625,-0.4999574352459078
2012-07-13,1356.780029296875,1.6362759247573275
2012-07-16,1353.6400146484375,-0.23169958916205513
2012-07-17,1363.6700439453125,0.738235580991176
2012-07-18,1372.780029296875,0.6658275330085007
2012-07-19,1376.510009765625,0.2713415248511383
2012-07-20,1362.6600341796875,-1.0112620534169032
2012-07-23,1350.52001953125,-0.8948979003707246
2012-07-24,1338.31005859375,-0.9082050192424119
2012-07-25,1337.8900146484375,-0.031391072211795545
2012-07-26,1360.02001953125,1.6405662864951118
2012-07-27,1385.969970703125,1.8900814490450273
2012-07-30,1385.300048828125,-0.048347644461061726
2012-07-31,1379.3199462890625,-0.4326172766220222
2012-08-01,1375.3199462890625,-0.29041929017454254
2012-08-02,1365.0,-0.7531963624136045
2012-08-03,1390.989990234375,1.8861288185302485
2012-08-06,1394.22998046875,0.2326560724057678
2012-08-07,1401.3499755859375,0.5093762742592908
2012-08-08,1402.219970703125,0.062063380745319294
2012-08-09,1402.800048828125,0.041359999517301904
2012-08-10,1405.8699951171875,0.21860506671047944
2012-08-13,1404.1099853515625,-0.12526850781939547
2012-08-14,1403.9300537109375,-0.012815461201997174
2012-08-15,1405.530029296875,0.11389916294490678
2012-08-16,1415.510009765625,0.7075420387505466
2012-08-17,1418.1600341796875,0.18703837394767023
2012-08-20,1418.1300048828125,-0.0021175053652821643
2012-08-21,1413.1700439453125,-0.3503666814444632
2012-08-22,1413.489990234375,0.022637762345679675
2012-08-23,1402.0799560546875,-0.8104999597722565
2012-08-24,1411.1300048828125,0.6433988343262266
2012-08-27,1410.43994140625,-0.04891344205224454
2012-08-28,1409.300048828125,-0.08085090427962799
2012-08-29,1410.489990234375,0.08439929642994781
2012-08-30,1399.47998046875,-0.7836429729673381
2012-08-31,1406.5799560546875,0.5060469767645165
2012-09-04,1404.93994140625,-0.11666393226880797
2012-09-05,1403.43994140625,-0.10682316532888013
2012-09-06,1432.1199951171875,2.022953661200689
2012-09-07,1437.9200439453125,0.40417949889430294
2012-09-10,1429.0799560546875,-0.6166805654652836
2012-09-11,1433.56005859375,0.3130052101452872
2012-09-12,1436.56005859375,0.2090505602596938
2012-09-13,1459.989990234375,1.617817215384428
2012-09-14,1465.77001953125,0.3951135292808127
2012-09-17,1461.18994140625,-0.31295828602655196
2012-09-18,1459.3199462890625,-0.1280595132117327
2012-09-19,1461.050048828125,0.11848517443742584
2012-09-20,1460.260009765625,-0.054087999282133994
2012-09-21,1460.1500244140625,-0.007532185571705149
2012-09-24,1456.8900146484375,-0.2235150069379947
2012-09-25,1441.5899658203125,-1.0557389418567713
2012-09-26,1433.3199462890625,-0.5753253211740956
2012-09-27,1447.1500244140625,0.9602727708234702
2012-09-28,1440.6700439453125,-0.4487808236766832
2012-10-01,1444.489990234375,0.2647997667994667
2012-10-02,1445.75,0.08719067272658147
2012-10-03,1450.989990234375,0.3617857293033645
2012-10-04,1461.4000244140625,0.7148821731697362
2012-10-05,1460.9300537109375,-0.03216410840751239
2012-10-08,1455.8800048828125,-0.3462723847428905
2012-10-09,1441.47998046875,-0.9940182135141966
2012-10-10,1432.56005859375,-0.6207255566481142
2012-10-11,1432.8399658203125,0.019537043698457743
2012-10-12,1428.5899658203125,-0.2970544956016541
2012-10-15,1440.1300048828125,0.8045470752666933
2012-10-16,1454.9200439453125,1.0217555817170516
2012-10-17,1460.9100341796875,0.4108606125954804
2012-10-18,1457.3399658203125,-0.24467198768949572
2012-10-19,1433.18994140625,-1.671014460003599
2012-10-22,1433.8199462890625,0.04394856785508615
2012-10-23,1413.1099853515625,-1.4549234970738008
2012-10-24,1408.75,-0.30901524835878325
2012-10-25,1412.969970703125,0.2991064948394708
2012-10-26,1411.93994140625,-0.07292475686444065
2012-10-31,1412.1600341796875,0.015586755128053293
2012-11-01,1427.5899658203125,1.0867212600985972
2012-11-02,1414.199951171875,-0.9423718242892513
2012-11-05,1417.260009765625,0.21614713450575923
2012-11-06,1428.3900146484375,0.7822509122727109
2012-11-07,1394.530029296875,-2.3990484179204747
2012-11-08,1377.510009765625,-1.22799333135091
2012-11-09,1379.8499755859375,0.16972512798215902
2012-11-12,1380.030029296875,0.013047937654856286
2012-11-13,1374.530029296875,-0.3993383474745327
2012-11-14,1355.489990234375,-1.3948870444327603
2012-11-15,1353.3299560546875,-0.15948159570167258
2012-11-16,1359.8800048828125,0.4828274735175702
2012-11-19,1386.8900146484375,1.966737673954756
2012-11-20,1387.81005859375,0.06631664358276915
2012-11-21,1391.030029296875,0.2317493660971613
2012-11-23,1409.1500244140625,1.294220206896831
2012-11-26,1406.2900390625,-0.20316442693263445
2012-11-27,1398.93994140625,-0.5240293685227754
2012-11-28,1409.9300537109375,0.7825330760125263
2012-11-29,1415.949951171875,0.4260553566881813
2012-11-30,1416.1800537109375,0.01624943340681183
2012-12-03,1409.4599609375,-0.4756519166260062
2012-12-04,1407.050048828125,-0.1711275791054211
2012-12-05,1409.280029296875,0.1583607654586976
2012-12-06,1413.93994140625,0.3301135858709377
2012-12-07,1418.0699462890625,0.2916661999350491
2012-12-10,1418.550048828125,0.03385032499758963
2012-12-11,1427.8399658203125,0.6527531315292976
2012-12-12,1428.47998046875,0.044813933395670504
2012-12-13,1419.449951171875,-0.6341489977008348
2012-12-14,1413.5799560546875,-0.4143975679491531
2012-12-17,1430.3599853515625,1.1800688037811027
2012-12-18,1446.7900390625,1.1421185666775555
2012-12-19,1435.81005859375,-0.7618145562821222
2012-12-20,1443.68994140625,0.5473104693568626
2012-12-21,1430.1500244140625,-0.9422944450144789
2012-12-24,1426.6600341796875,-0.24432789712663985
2012-12-26,1419.8299560546875,-0.47989567899257196
2012-12-27,1418.0999755859375,-0.12191849162664065
2012-12-28,1402.4300537109375,-1.1111445674961484
2012-12-31,1426.18994140625,1.680002726988578
2013-01-02,1462.4200439453125,2.5086115958697297
2013-01-03,1459.3699951171875,-0.20877954235245738
2013-01-04,1466.469970703125,0.48532999789810666
2013-01-07,1461.8900146484375,-0.3128003259122683
2013-01-08,1457.1500244140625,-0.32476391807331084
2013-01-09,1461.02001953125,0.265234535868163
2013-01-10,1472.1199951171875,0.756870010921085
2013-01-11,1472.050048828125,-0.0047515114977522335
2013-01-14,1470.6800537109375,-0.09311049049197806
2013-01-15,1472.3399658203125,0.11280332953043061
2013-01-16,1472.6300048828125,0.01969725099562613
2013-01-17,1480.93994140625,0.5627060541354582
2013-01-18,1485.97998046875,0.3397492378151099
2013-01-22,1492.56005859375,0.44183316277115203
2013-01-23,1494.81005859375,0.1506341924293118
2013-01-24,1494.8199462890625,0.000661466154430249
2013-01-25,1502.9599609375,0.5430708661868183
2013-01-28,1500.1800537109375,-0.18513342747921246
2013-01-29,1507.8399658203125,0.5093003781205059
2013-01-30,1501.9599609375,-0.3907244671751714
2013-01-31,1498.1099853515625,-0.2566591958392015
2013-02-01,1513.1700439453125,1.0002513224009681
2013-02-04,1495.7099609375,-1.16058327096515
2013-02-05,1511.2900390625,1.0362632222059642
2013-02-06,1512.1199951171875,0.05490198591339299
2013-02-07,1509.3900146484375,-0.1807031055856767
2013-02-08,1517.9300537109375,0.5641994585043149
2013-02-11,1517.010009765625,-0.06063012476382776
2013-02-12,1519.4300537109375,0.15940011376042063
2013-02-13,1520.3299560546875,0.059208777479065645
2013-02-14,1521.3800048828125,0.0690433265053607
2013-02-15,1519.7900390625,-0.10456277960136191
2013-02-19,1530.93994140625,0.7309694441361245
2013-02-20,1511.949951171875,-1.2481711430005844
2013-02-21,1502.4200439453125,-0.632300546566533
2013-02-22,1515.5999755859375,0.8734213386774423
2013-02-25,1487.8499755859375,-1.8479275584774388
2013-02-26,1496.93994140625,0.6090876862567387
2013-02-27,1515.989990234375,1.2645699119019573
2013-02-28,1514.6800537109375,-0.08644534614572404
2013-03-01,1518.199951171875,0.23211594495267213
2013-03-04,1525.199951171875,0.46001265483496306
2013-03-05,1539.7900390625,0.9520551872499975
2013-03-06,1541.4599609375,0.10839250554146815
2013-03-07,1544.260009765625,0.18148436172064245
2013-03-08,1551.1800537109375,0.447112871295497
2013-03-11,1556.219970703125,0.32438188658736855
2013-03-12,1552.47998046875,-0.2406145396801988
2013-03-13,1554.52001953125,0.13131891571707574
2013-03-14,1563.22998046875,0.5587352158971998
2013-03-15,1560.699951171875,-0.16197737499887566
2013-03-18,1552.0999755859375,-0.5525570335024047
2013-03-19,1548.3399658203125,-0.24254697268762293
2013-03-20,1558.7099609375,0.6675163815817943
2013-03-21,1545.800048828125,-0.8316923756005078
2013-03-22,1556.8900146484375,0.7148643803299891
2013-03-25,1551.68994140625,-0.3345629300947282
2013-03-26,1563.77001953125,0.7754963194634992
2013-03-27,1562.8499755859375,-0.05885230525645967
2013-03-28,1569.18994140625,0.4048463396191122
2013-04-01,1562.1700439453125,-0.4483616865356026
2013-04-02,1570.25,0.5158933898853431
2013-04-03,1553.68994140625,-1.0602133218841154
2013-04-04,1559.97998046875,0.40402790127371013
2013-04-05,1553.280029296875,-0.43041451689076393
2013-04-08,1563.0699462890625,0.6282958765270947
2013-04-09,1568.6099853515625,0.3538065806577469
2013-04-10,1587.72998046875,1.2115443329548887
2013-04-11,1593.3699951171875,0.3545956179576568
2013-04-12,1588.8499755859375,-0.2840798318549253
2013-04-15,1552.3599853515625,-2.323412455036433
2013-04-16,1574.5699462890625,1.4205840828064487
2013-04-17,1552.010009765625,-1.4431313685984553
2013-04-18,1541.6099853515625,-0.6723555969544303
2013-04-19,1555.25,0.8808989051054724
2013-04-22,1562.5,0.46507982154273886
2013-04-23,1578.780029296875,1.036531280555277
2013-04-24,1578.7900390625,0.0006340170072840042
2013-04-25,1585.1600341796875,0.40266145649913837
2013-04-26,1582.239990234375,-0.18438118015177635
2013-04-29,1593.6099853515625,0.716031536940742
2013-04-30,1597.5699462890625,0.24818174185819603
2013-05-01,1582.699951171875,-0.9351472649564404
2013-05-02,1597.5899658203125,0.9364003810320709
2013-05-03,1614.4200439453125,1.047956394817034
2013-05-06,1617.5,0.1905961128483939
2013-05-07,1625.9599609375,0.5216639159837863
2013-05-08,1632.68994140625,0.4130538866696586
2013-05-09,1626.6700439453125,-0.36939180287733103
2013-05-10,1633.699951171875,0.4312343771584845
2013-05-13,1633.77001953125,0.004288844886953105
2013-05-14,1650.3399658203125,1.0091066969150286
2013-05-15,1658.780029296875,0.5101103490210886
2013-05-16,1650.469970703125,-0.5022331985410746
2013-05-17,1667.469970703125,1.0247411986562578
2013-05-20,1666.2900390625,-0.07078684047072334
2013-05-21,1669.1600341796875,0.17209046830023478
2013-05-22,1655.3499755859375,-0.8308074265778554
2013-05-23,1650.510009765625,-0.29281151046060855
2013-05-24,1649.5999755859375,-0.055151749898889435
2013-05-28,1660.06005859375,0.6320962109160131
2013-05-29,1648.3599853515625,-0.7072936243165862
2013-05-30,1654.4100341796875,0.36636251143134246
2013-05-31,1630.739990234375,-1.4410576921857086
2013-06-03,1640.4200439453125,0.5918439859741687
2013-06-04,1631.3800048828125,-0.5526048005605536
2013-06-05,1608.9000244140625,-1.3875554543922224
2013-06-06,1622.56005859375,0.8454454144230643
2013-06-07,1643.3800048828125,1.274991452694569
2013-06-10,1642.81005859375,-0.03468736036370341
2013-06-11,1626.1300048828125,-1.0205264184821081
2013-06-12,1612.52001953125,-0.8404776908050976
2013-06-13,1636.3599853515625,1.4676069097359319
2013-06-14,1626.72998046875,-0.5902401062457968
2013-06-17,1639.0400390625,0.7538875562714678
2013-06-18,1651.81005859375,0.7760963428783294
2013-06-19,1628.9300537109375,-1.3948301328481996
2013-06-20,1588.18994140625,-2.532842439229829
2013-06-21,1592.4300537109375,0.26662190535255614
2013-06-24,1573.0899658203125,-1.221936895962692
2013-06-25,1588.030029296875,0.9452456559302368
2013-06-26,1603.260009765625,0.9544789666190033
2013-06-27,1613.199951171875,0.6180691300296602
2013-06-28,1606.280029296875,-0.4298788980467904
2013-07-01,1614.9599609375,0.5389199609389811
2013-07-02,1614.0799560546875,-0.05450566900508968
2013-07-03,1615.4100341796875,0.08237078945754475
2013-07-05,1631.8900146484375,1.0150045703225963
2013-07-08,1640.4599609375,0.5237805213836031
2013-07-09,1652.3199462890625,0.7203661934863007
2013-07-10,1652.6199951171875,0.018157596462801375
2013-07-11,1675.02001953125,1.3463212765353811
2013-07-12,1680.18994140625,0.3081730220628843
2013-07-15,1682.5,0.13739351515561535
2013-07-16,1676.260009765625,-0.3715655417706993
2013-07-17,1680.9100341796875,0.27702066483981413
2013-07-18,1689.3699951171875,0.5020341712006725
2013-07-19,1692.0899658203125,0.16087555796456546
2013-07-22,1695.530029296875,0.20309625424268185
2013-07-23,1692.3900146484375,-0.185365386833642
2013-07-24,1685.93994140625,-0.38185027297184215
2013-07-25,1690.25,0.2553209985188819
2013-07-26,1691.6500244140625,0.08279514379092263
2013-07-29,1685.3299560546875,-0.37430341753677177
2013-07-30,1685.9599609375,0.037374708533409455
2013-07-31,1685.72998046875,-0.01364185159984208
2013-08-01,1706.8699951171875,1.2462588230416578
2013-08-02,1709.6700439453125,0.16391140879470276
2013-08-05,1707.1400146484375,-0.14809308775636418
2013-08-06,1697.3699951171875,-0.573947283055402
2013-08-07,1690.9100341796875,-0.3813125661941763
2013-08-08,1697.47998046875,0.3877921074046536
2013-08-09,1691.4200439453125,-0.3576348041426874
2013-08-12,1689.469970703125,-0.11535858605248943
2013-08-13,1694.1600341796875,0.2772210007268357
2013-08-14,1685.3900146484375,-0.5190063227858108
2013-08-15,1661.3199462890625,-1.4384564947961866
2013-08-16,1655.8299560546875,-0.3310067623478068
2013-08-19,1646.06005859375,-0.5917777957153822
2013-08-20,1652.3499755859375,0.38139130983711445
2013-08-21,1642.800048828125,-0.5796369467346861
2013-08-22,1656.9599609375,0.8582441743413965
2013-08-23,1663.5,0.393924191021318
2013-08-26,1656.780029296875,-0.4047839230058562
2013-08-27,1630.47998046875,-1.6001539229183352
2013-08-28,1634.9599609375,0.27438773089689755
2013-08-29,1638.1700439453125,0.19614766490956537
2013-08-30,1632.969970703125,-0.3179367192635175
2013-09-03,1639.77001953125,0.41555752269595936
2013-09-04,1653.0799560546875,0.8084187928560308
2013-09-05,1655.0799560546875,0.12091315394673384
2013-09-06,1655.1700439453125,0.005442965978223178
2013-09-09,1671.7099609375,0.9943282138970118
2013-09-10,1683.989990234375,0.7318940484802409
2013-09-11,1689.1300048828125,0.30476346138184846
2013-09-12,1683.4200439453125,-0.3386141827801778
2013-09-13,1687.989990234375,0.2711001653103429
2013-09-16,1697.5999755859375,0.5677008295820801
2013-09-17,1704.760009765625,0.420886959655227
2013-09-18,1725.52001953125,1.2104121558415792
2013-09-19,1722.3399658203125,-0.18446541484815582
2013-09-20,1709.9100341796875,-0.7243053962847499
2013-09-23,1701.8399658203125,-0.47307589419510576
2013-09-24,1697.4200439453125,-0.2600521497731875
2013-09-25,1692.77001953125,-0.27432251543777136
2013-09-26,1698.6700439453125,0.34793658479979506
2013-09-27,1691.75,-0.40821216634435287
2013-09-30,1681.550048828125,-0.6047479981190951
2013-10-01,1695.0,0.7966724683406784
2013-10-02,1693.8699951171875,-0.06668918703408629
2013-10-03,1678.6600341796875,-0.9019972500552985
2013-10-04,1690.5,0.7028466704283861
2013-10-07,1676.1199951171875,-0.8542747536819599
2013-10-08,1655.449951171875,-1.2408749931083476
2013-10-09,1656.4000244140625,0.057374173060579806
2013-10-10,1692.56005859375,2.1595622882836496
2013-10-11,1703.199951171875,0.6266595617327234
2013-10-14,1710.1400146484375,0.4066441145288558
2013-10-15,1698.06005859375,-0.7088789613758755
2013-10-16,1721.5400390625,1.3732804307132302
2013-10-17,1733.1500244140625,0.6721314413737084
2013-10-18,1744.5,0.652740546362272
2013-10-21,1744.6600341796875,0.009173220960465484
2013-10-22,1754.6700439453125,0.5721116239627231
2013-10-23,1746.3800048828125,-0.47357532400367486
2013-10-24,1752.0699462890625,0.3252838544355574
2013-10-25,1759.77001953125,0.43852143927746773
2013-10-28,1762.1099853515625,0.1328816519236969
2013-10-29,1771.949951171875,0.5568661214094168
2013-10-30,1763.31005859375,-0.48878496945693045
2013-10-31,1756.5400390625,-0.3846770567938354
2013-11-01,1761.6400146484375,0.28992144122096125
2013-11-04,1767.9300537109375,0.35641993780981684
2013-11-05,1762.969970703125,-0.28095308483402837
2013-11-06,1770.489990234375,0.42564687122875744
2013-11-07,1747.1500244140625,-1.3270435999594776
2013-11-08,1770.6099853515625,1.3338208792264143
2013-11-11,1771.8900146484375,0.07226700649729084
2013-11-12,1767.68994140625,-0.2373205445619954
2013-11-13,1782.0,0.8062752720499361
2013-11-14,1790.6199951171875,0.48255968204506566
2013-11-15,1798.1800537109375,0.42131462738810765
2013-11-18,1791.530029296875,-0.3705052423504697
2013-11-19,1787.8699951171875,-0.20450552776006603
2013-11-20,1781.3699951171875,-0.3642235996161311
2013-11-21,1795.8499755859375,0.8095705420755901
2013-11-22,1804.760009765625,0.49491905000291736
2013-11-25,1802.47998046875,-0.12641407872397545
2013-11-26,1802.75,0.014979323550383502
2013-11-27,1807.22998046875,0.24819986774607428
2013-11-29,1805.81005859375,-0.07859984571164318
2013-12-02,1800.9000244140625,-0.2722723534716429
2013-12-03,1795.1500244140625,-0.31979559918936146
2013-12-04,1792.81005859375,-0.13043434697867973
2013-12-05,1785.030029296875,-0.4349015813080098
2013-12-06,1805.0899658203125,1.1175194876875878
2013-12-09,1808.3699951171875,0.18154512479509813
2013-12-10,1802.6199951171875,-0.31847248956570495
2013-12-11,1782.219970703125,-1.1381397674606988
2013-12-12,1775.5,-0.37776883791563437
2013-12-13,1775.3199462890625,-0.010141528650587886
2013-12-16,1786.5400390625,0.6300152129396221
2013-12-17,1781.0,-0.31058059363714124
2013-12-18,1810.6500244140625,1.651090600917418
2013-12-19,1809.5999755859375,-0.058009742839373164
2013-12-20,1818.3199462890625,0.4807155440690711
2013-12-23,1827.989990234375,0.530402888620606
2013-12-24,1833.3199462890625,0.2911504304306033
2013-12-26,1842.02001953125,0.4734304621132077
2013-12-27,1841.4000244140625,-0.03366410106074713
2013-12-30,1841.0699462890625,-0.017926996201467878
2013-12-31,1848.3599853515625,0.39518563491115477
2014-01-02,1831.97998046875,-0.8901413016629188
2014-01-03,1831.3699951171875,-0.033302052016060915
2014-01-06,1826.77001953125,-0.2514927253759435
2014-01-07,1837.8800048828125,0.606334537539104
2014-01-08,1837.489990234375,-0.02122315034510835
2014-01-09,1838.1300048828125,0.03482485435141758
2014-01-10,1842.3699951171875,0.23040304904553008
2014-01-13,1819.199951171875,-1.265596645879401
2014-01-14,1838.8800048828125,1.0759876119934082
2014-01-15,1848.3800048828125,0.5152889134682223
2014-01-16,1845.8900146484375,-0.1348028486425814
2014-01-17,1838.699951171875,-0.39027803200150835
2014-01-21,1843.800048828125,0.2769912242817671
2014-01-22,1844.8599853515625,0.05747000497681626
2014-01-23,1828.4599609375,-0.892932476457093
2014-01-24,1790.2900390625,-2.109642142734084
2014-01-27,1781.56005859375,-0.4888221853339347
2014-01-28,1792.5,0.6121875622432071
2014-01-29,1774.199951171875,-1.026170390849596
2014-01-30,1794.18994140625,1.1204044372218205
2014-01-31,1782.5899658203125,-0.6486290214250375
2014-02-03,1741.8900146484375,-2.309660470448658
2014-02-04,1755.199951171875,0.7612043683081426
2014-02-05,1751.6400146484375,-0.20302824086565885
2014-02-06,1773.4300537109375,1.2363054453375717
2014-02-07,1797.02001953125,1.321419350429692
2014-02-10,1799.8399658203125,0.15680048032540356
2014-02-11,1819.75,1.1001375944254965
2014-02-12,1819.260009765625,-0.026929864772088686
2014-02-13,1829.8299560546875,0.5793211978776681
2014-02-14,1838.6300048828125,0.47976893855483044
2014-02-18,1840.760009765625,0.11578033925587676
2014-02-19,1828.75,-0.6545861773195999
2014-02-20,1839.780029296875,0.6013341826934013
2014-02-21,1836.25,-0.19205666731810658
2014-02-24,1847.6099853515625,0.6167455552331448
2014-02-25,1845.1199951171875,-0.13485906767746497
2014-02-26,1845.1600341796875,0.0021699742124629577
2014-02-27,1854.2900390625,0.4935881408416543
2014-02-28,1859.449951171875,0.27788242813380903
2014-03-03,1845.72998046875,-0.7405866200454787
2014-03-04,1873.9100341796875,1.5152322676141787
2014-03-05,1873.81005859375,-0.0053352749664553455
2014-03-06,1877.030029296875,0.17169334968570882
2014-03-07,1878.0400390625,0.053794457711570584
2014-03-10,1877.1700439453125,-0.04633536412194934
2014-03-11,1867.6300048828125,-0.5095096975215844
2014-03-12,1868.199951171875,0.03051243232100062
2014-03-13,1846.3399658203125,-1.1770091695883622
2014-03-14,1841.1300048828125,-0.2825766417445165
2014-03-17,1858.8299560546875,0.9567717695038962
2014-03-18,1872.25,0.7193682245473189
2014-03-19,1860.77001953125,-0.6150525096734505
2014-03-20,1872.010009765625,0.6022334087521748
2014-03-21,1866.52001953125,-0.2936980116608755
2014-03-24,1857.43994140625,-0.4876580959363224
2014-03-25,1865.6199951171875,0.4394270848822234
2014-03-26,1852.56005859375,-0.7024936954876045
2014-03-27,1849.0400390625,-0.19018913439770552
2014-03-28,1857.6199951171875,0.4629489243409657
2014-03-31,1872.3399658203125,0.7892871384796676
2014-04-01,1885.52001953125,0.7014688044213445
2014-04-02,1890.9000244140625,0.2849263831838461
2014-04-03,1888.77001953125,-0.11270852130106553
2014-04-04,1865.0899658203125,-1.2616542925313996
2014-04-07,1845.0400390625,-1.0808312332149783
2014-04-08,1851.9599609375,0.37435379801772806
2014-04-09,1872.1800537109375,1.0859039341965573
2014-04-10,1833.0799560546875,-2.1105967737387243
2014-04-11,1815.68994140625,-0.9532059739897396
2014-04-14,1830.6099853515625,0.8183708150740607
2014-04-15,1842.97998046875,0.6734579517703411
2014-04-16,1862.31005859375,1.043386794876615
2014-04-17,1864.8499755859375,0.13629237070939354
2014-04-21,1871.8900146484375,0.37680156555725475
2014-04-22,1879.550048828125,0.40837889961278256
2014-04-23,1875.3900146484375,-0.22157668625220617
2014-04-24,1878.6099853515625,0.17154882753308748
2014-04-25,1863.4000244140625,-0.8129344743501644
2014-04-28,1869.4300537109375,0.3230811162502344
2014-04-29,1878.3299560546875,0.47494605046335214
2014-04-30,1883.949951171875,0.298754980270127
2014-05-01,1883.6800537109375,-0.014327174433229933
2014-05-02,1881.1400146484375,-0.13493550298709084
2014-05-05,1884.6600341796875,0.18694675823397822
2014-05-06,1867.719970703125,-0.9029031461991046
2014-05-07,1878.2099609375,0.5600754871033284
2014-05-08,1875.6300048828125,-0.1374569232786406
2014-05-09,1878.47998046875,0.15183231948788392
2014-05-12,1896.6500244140625,0.9626256172315508
2014-05-13,1897.449951171875,0.042166878828303375
2014-05-14,1888.530029296875,-0.47120895650170913
2014-05-15,1870.8499755859375,-0.9405904183934792
2014-05-16,1877.8599853515625,0.37399628190006035
2014-05-19,1885.0799560546875,0.3837414189704193
2014-05-20,1872.8299560546875,-0.6519604608543308
2014-05-21,1888.030029296875,0.8083340547746922
2014-05-22,1892.489990234375,0.23594441947138817
2014-05-23,1900.530029296875,0.4239392917884754
2014-05-27,1911.9100341796875,0.5969950211528873
2014-05-28,1909.780029296875,-0.11146927500584232
2014-05-29,1920.030029296875,0.5352758657361124
2014-05-30,1923.5699462890625,0.18419804431013698
2014-06-02,1924.969970703125,0.07275613640587
2014-06-03,1924.239990234375,-0.03792884695348666
2014-06-04,1927.8800048828125,0.18898766063629324
2014-06-05,1940.4599609375,0.6504082119662982
2014-06-06,1949.43994140625,0.46170835480189804
2014-06-09,1951.27001953125,0.09383308564868176
2014-06-10,1950.7900390625,-0.02460138818795375
2014-06-11,1943.8900146484375,-0.354331115166594
2014-06-12,1930.1099853515625,-0.711413908891029
2014-06-13,1936.1600341796875,0.312965919907076
2014-06-16,1937.780029296875,0.08363553307868064
2014-06-17,1941.989990234375,0.21702124448891516
2014-06-18,1956.97998046875,0.7689243160729405
2014-06-19,1959.47998046875,0.1276663295165036
2014-06-20,1962.8699951171875,0.172856349567606
2014-06-23,1962.6099853515625,-0.01324728528989271
2014-06-24,1949.97998046875,-0.645610649861748
2014-06-25,1959.530029296875,0.48855574227171933
2014-06-26,1957.219970703125,-0.11795794276391144
2014-06-27,1960.9599609375,0.1909045238083737
2014-06-30,1960.22998046875,-0.03723259970013541
2014-07-01,1973.3199462890625,0.6655572896822518
2014-07-02,1974.6199951171875,0.06585960751231935
2014-07-03,1985.43994140625,0.5464550227672395
2014-07-07,1977.6500244140625,-0.3931239054323629
2014-07-08,1963.7099609375,-0.7073762181680687
2014-07-09,1972.8299560546875,0.4633516553259208
2014-07-10,1964.6800537109375,-0.41396283244737225
2014-07-11,1967.5699462890625,0.14698419980472352
2014-07-14,1977.0999755859375,0.48318607269969255
2014-07-15,1973.280029296875,-0.19339645679456247
2014-07-16,1981.5699462890625,0.41922850094485553
2014-07-17,1958.1199951171875,-1.1904605927478003
2014-07-18,1978.219970703125,1.0212608899671183
2014-07-21,1973.6300048828125,-0.2322946423904652
2014-07-22,1983.530029296875,0.5003611167300126
2014-07-23,1987.010009765625,0.1752900777012884
2014-07-24,1987.97998046875,0.0488036812550669
2014-07-25,1978.3399658203125,-0.4860946046109087
2014-07-28,1978.9100341796875,0.028811339355283253
2014-07-29,1969.949951171875,-0.4538068413714011
2014-07-30,1970.0699462890625,0.0060910919410201375
2014-07-31,1930.6700439453125,-2.020193215523012
2014-08-01,1925.1500244140625,-0.2863216231298331
2014-08-04,1938.989990234375,0.7163314449646608
2014-08-05,1920.2099609375,-0.9732679197336651
2014-08-06,1920.239990234375,0.0015638426360123552
2014-08-07,1909.5699462890625,-0.5572115446733026
2014-08-08,1931.5899658203125,1.1465422557972031
2014-08-11,1936.9200439453125,0.27556250258418474
2014-08-12,1933.75,-0.16379823741559416
2014-08-13,1946.719970703125,0.6684767102510805
2014-08-14,1955.1800537109375,0.4336398273697699
2014-08-15,1955.06005859375,-0.006137480757126603
2014-08-18,1971.739990234375,0.84954832196601
2014-08-19,1981.5999755859375,0.49881901791977945
2014-08-20,1986.510009765625,0.24747482825436223
2014-08-21,1992.3699951171875,0.2945547280270624
2014-08-22,1988.4000244140625,-0.19945749188226203
2014-08-25,1997.9200439453125,0.4776353863603847
2014-08-26,2000.02001953125,0.10505288952435787
2014-08-27,2000.1199951171875,0.004998604328455613
2014-08-28,1996.739990234375,-0.1691330544946164
2014-08-29,2003.3699951171875,0.3314914329019902
2014-09-02,2002.280029296875,-0.05442142177026967
2014-09-03,2000.719970703125,-0.07794447528015455
2014-09-04,1997.6500244140625,-0.1535599204712169
2014-09-05,2007.7099609375,0.5023247704958487
2014-09-08,2001.5400390625,-0.3077845854315851
2014-09-09,1988.43994140625,-0.6566521532685439
2014-09-10,1995.68994140625,0.3639443600367803
2014-09-11,1997.449951171875,0.08815167647232053
2014-09-12,1985.5400390625,-0.5980405492006543
2014-09-15,1984.1300048828125,-0.07104037481093733
2014-09-16,1998.97998046875,0.7456507324556423
2014-09-17,2001.5699462890625,0.12948050790884347
2014-09-18,2011.3599853515625,0.4879257127339826
2014-09-19,2010.4000244140625,-0.04773835104033983
2014-09-22,1994.2900390625,-0.80456025302185
2014-09-23,1982.77001953125,-0.5793250079626252
2014-09-24,1998.300048828125,0.7801976758654436
2014-09-25,1965.989990234375,-1.6300913265170507
2014-09-26,1982.8499755859375,0.8539261124001539
2014-09-29,1977.800048828125,-0.2550050856915823
2014-09-30,1972.2900390625,-0.2789816544312018
2014-10-01,1946.1600341796875,-1.3337106112637436
2014-10-02,1946.1700439453125,0.0005143328250229687
2014-10-03,1967.9000244140625,1.1103635523902509
2014-10-06,1964.8199462890625,-0.15663860013981837
2014-10-07,1935.0999755859375,-1.5241618619128634
2014-10-08,1968.8900146484375,1.731094749805919
2014-10-09,1928.2099609375,-2.087784845431496
2014-10-10,1906.1300048828125,-1.1517080026210946
2014-10-13,1874.739990234375,-1.6605033202522508
2014-10-14,1877.699951171875,0.1577619680866768
2014-10-15,1862.489990234375,-0.8133300726077349
2014-10-16,1862.760009765625,0.01449672004417697
2014-10-17,1886.760009765625,1.280181337714614
2014-10-20,1904.010009765625,0.9101116121281314
2014-10-21,1941.280029296875,1.938537082775091
2014-10-22,1927.1099853515625,-0.7326100661612184
2014-10-23,1950.8199462890625,1.2228305721599457
2014-10-24,1964.5799560546875,0.7028690175716193
2014-10-27,1961.6300048828125,-0.1502696878837878
2014-10-28,1985.050048828125,1.1868364566910392
2014-10-29,1982.300048828125,-0.13863159906425204
2014-10-30,1994.6500244140625,0.6210797247873184
2014-10-31,2018.050048828125,1.1663114233148568
2014-11-03,2017.81005859375,-0.011892891639947337
2014-11-04,2012.0999755859375,-0.28338532526650334
2014-11-05,2023.5699462890625,0.5684311060804489
2014-11-06,2031.2099609375,0.3768403644328259
2014-11-07,2031.9200439453125,0.034952512678080784
2014-11-10,2038.260009765625,0.3115327019558855
2014-11-11,2039.6800537109375,0.06964516302874352
2014-11-12,2038.25,-0.07013625789179807
2014-11-13,2039.3299560546875,0.052970442840023106
2014-11-14,2039.8199462890625,0.02402413485468054
2014-11-17,2041.3199462890625,0.07350887776586797
2014-11-18,2051.800048828125,0.5120849353688389
2014-11-19,2048.719970703125,-0.15022868756188182
2014-11-20,2052.75,0.19651640132027542
2014-11-21,2063.5,0.5223212603738253
2014-11-24,2069.409912109375,0.285992981373923
2014-11-25,2067.030029296875,-0.11506914684172845
2014-11-26,2072.830078125,0.28020524716035633
2014-11-28,2067.56005859375,-0.2545664637012221
2014-12-01,2053.43994140625,-0.6852789344834435
2014-12-02,2066.550048828125,0.6364166758848178
2014-12-03,2074.330078125,0.37576738340269794
2014-12-04,2071.919921875,-0.11625717317858437
2014-12-05,2075.3701171875,0.16638315989210528
2014-12-08,2060.31005859375,-0.7283022149715385
2014-12-09,2059.820068359375,-0.023785182583414742
2014-12-10,2026.1400146484375,-1.6486121183048656
2014-12-11,2035.3299560546875,0.45254339716207764
2014-12-12,2002.3299560546875,-1.634646579165845
2014-12-15,1989.6300048828125,-0.6362786271721939
2014-12-16,1972.739990234375,-0.8525259865380821
2014-12-17,2012.8900146484375,2.0148073243295617
2014-12-18,2061.22998046875,2.373137488570905
2014-12-19,2070.64990234375,0.4559637967419008
2014-12-22,2078.5400390625,0.3803222479927145
2014-12-23,2082.169921875,0.17448386297044874
2014-12-24,2081.8798828125,-0.01393062410745646
2014-12-26,2088.77001953125,0.33041099821209485
2014-12-29,2090.570068359375,0.0861403428089447
2014-12-30,2080.35009765625,-0.4900593034504285
2014-12-31,2058.89990234375,-1.036438356125046
2015-01-02,2058.199951171875,-0.03400214731352804
2015-01-05,2020.5799560546875,-1.844721353258727
2015-01-06,2002.6099853515625,-0.8933254690700171
2015-01-07,2025.9000244140625,1.1562735844876304
2015-01-08,2062.139892578125,1.7730168127155692
2015-01-09,2044.81005859375,-0.8439322147078786
2015-01-12,2028.260009765625,-0.8126616843470486
2015-01-13,2023.030029296875,-0.2581885435816322
2015-01-14,2011.27001953125,-0.583002896797565
2015-01-15,1992.6700439453125,-0.9290903004567546
2015-01-16,2019.4200439453125,1.3334893186267298
2015-01-20,2022.550048828125,0.1548752433400387
2015-01-21,2032.1199951171875,0.47204650221893607
2015-01-22,2063.14990234375,1.5154313070630328
2015-01-23,2051.820068359375,-0.5506656279301936
2015-01-26,2057.090087890625,0.25651679986232745
2015-01-27,2029.550048828125,-1.3478287815857577
2015-01-28,2002.1600341796875,-1.358750281102202
2015-01-29,2021.25,0.948951705826357
2015-01-30,1994.989990234375,-1.3077099006318498
2015-02-02,2020.8499755859375,1.2879170000215516
2015-02-03,2050.030029296875,1.4336238577453098
2015-02-04,2041.510009765625,-0.41647065724529614
2015-02-05,2062.52001953125,1.0238810710909236
2015-02-06,2055.469970703125,-0.342402761187852
2015-02-09,2046.739990234375,-0.4256239310481708
2015-02-10,2068.590087890625,1.0618979554062367
2015-02-11,2068.530029296875,-0.0029034010158247173
2015-02-12,2088.47998046875,0.9598295065916026
2015-02-13,2096.989990234375,0.4066459227779422
2015-02-17,2100.340087890625,0.15962996977983962
2015-02-18,2099.679931640625,-0.03143586232287482
2015-02-19,2097.449951171875,-0.10626217157189283
2015-02-20,2110.300048828125,0.6107842721055837
2015-02-23,2109.659912109375,-0.0303385211985694
2015-02-24,2115.47998046875,0.2754972468831103
2015-02-25,2113.860107421875,-0.07660169636026022
2015-02-26,2110.739990234375,-0.147711863025381
2015-02-27,2104.5,-0.29606830486323704
2015-03-02,2117.389892578125,0.6106238181133017
2015-03-03,2107.780029296875,-0.45488726038175675
2015-03-04,2098.530029296875,-0.4398161230154572
2015-03-05,2101.0400390625,0.11953652510360889
2015-03-06,2071.260009765625,-1.4275356362467067
2015-03-09,2079.429931640625,0.39366623579759685
2015-03-10,2044.1600341796875,-1.7106820937141425
2015-03-11,2040.239990234375,-0.1919520676484767
2015-03-12,2065.949951171875,1.2522702206037069
2015-03-13,2053.39990234375,-0.6093237090196838
2015-03-16,2081.18994140625,1.3442909023855907
2015-03-17,2074.280029296875,-0.33256977077820027
2015-03-18,2099.5,1.2085101501628708
2015-03-19,2089.27001953125,-0.4884489126950175
2015-03-20,2108.10009765625,0.8972382193259681
2015-03-23,2104.419921875,-0.17472566067133016
2015-03-24,2091.5,-0.6158345701590925
2015-03-25,2061.050048828125,-1.4665926527239062
2015-03-26,2056.14990234375,-0.23803307374738966
2015-03-27,2061.02001953125,0.23657607295033603
2015-03-30,2086.239990234375,1.2162382647149435
2015-03-31,2067.889892578125,-0.8834686217530795
2015-04-01,2059.68994140625,-0.39732542018475253
2015-04-02,2066.9599609375,0.35234523037141535
2015-04-06,2080.6201171875,0.6587072647165644
2015-04-07,2076.330078125,-0.2064032708587167
2015-04-08,2081.89990234375,0.26789415573472003
2015-04-09,2091.179931640625,0.4447575873625805
2015-04-10,2102.06005859375,0.5189376899456222
2015-04-13,2092.429931640625,-0.4591806820961145
2015-04-14,2095.840087890625,0.162843225851382
2015-04-15,2106.6298828125,0.5134989044995592
2015-04-16,2104.989990234375,-0.07787467579851994
2015-04-17,2081.179931640625,-1.137570418905323
2015-04-20,2100.39990234375,0.9192748586536723
2015-04-21,2097.2900390625,-0.1481702504767951
2015-04-22,2107.9599609375,0.5074582853386292
2015-04-23,2112.929931640625,0.23549408425523674
2015-04-24,2117.68994140625,0.22502668247534868
2015-04-27,2108.919921875,-0.4149913240734652
2015-04-28,2114.760009765625,0.27654044373465075
2015-04-29,2106.85009765625,-0.37473481275732223
2015-04-30,2085.510009765625,-1.0180553033248205
2015-05-01,2108.2900390625,1.0863776563455256
2015-05-04,2114.489990234375,0.29364331477630207
2015-05-05,2089.4599609375,-1.19080033585301
2015-05-06,2080.14990234375,-0.4465681140931977
2015-05-07,2088.0,0.3766710469475405
2015-05-08,2116.10009765625,1.3368147987361163
2015-05-11,2105.330078125,-0.5102556456082039
2015-05-12,2099.1201171875,-0.29539964393672663
2015-05-13,2098.47998046875,-0.030500129065166772
2015-05-14,2121.10009765625,1.0721604261760034
2015-05-15,2122.72998046875,0.07681188278664758
2015-05-18,2129.199951171875,0.3043312472570502
2015-05-19,2127.830078125,-0.06435815978420155
2015-05-20,2125.85009765625,-0.09309494507940488
2015-05-21,2130.820068359375,0.23351459087448084
2015-05-22,2126.06005859375,-0.22363851494835973
2015-05-26,2104.199951171875,-1.0335204907502333
2015-05-27,2123.47998046875,0.9120918929110081
2015-05-28,2120.7900390625,-0.12675639174870543
2015-05-29,2107.389892578125,-0.6338515184097658
2015-06-01,2111.72998046875,0.20573434991476608
2015-06-02,2109.60009765625,-0.10091051653478204
2015-06-03,2114.070068359375,0.21166294697559992
2015-06-04,2095.840087890625,-0.8660562215101069
2015-06-05,2092.830078125,-0.14372152327325358
2015-06-08,2079.280029296875,-0.6495560338305542
2015-06-09,2080.14990234375,0.04182655190027647
2015-06-10,2105.199951171875,1.1970491752514407
2015-06-11,2108.860107421875,0.17371167565281323
2015-06-12,2094.110107421875,-0.7018874653102702
2015-06-15,2084.429931640625,-0.46332896217713476
2015-06-16,2096.2900390625,0.5673730515753803
2015-06-17,2100.43994140625,0.19776843950728407
2015-06-18,2121.239990234375,0.9854000054008836
2015-06-19,2109.989990234375,-0.531761523794962
2015-06-22,2122.85009765625,0.6076367981542122
2015-06-23,2124.199951171875,0.06356664251933869
2015-06-24,2108.580078125,-0.7380465718305258
2015-06-25,2102.31005859375,-0.2978004156596414
2015-06-26,2101.489990234375,-0.03901557449223848
2015-06-29,2057.639892578125,-2.108696950861153
2015-06-30,2063.110107421875,0.26549623524674104
2015-07-01,2077.419921875,0.6912096434637041
2015-07-02,2076.780029296875,-0.030807018954653403
2015-07-06,2068.760009765625,-0.3869232698897424
2015-07-07,2081.340087890625,0.6062560593868743
2015-07-08,2046.6800537109375,-1.6792964912141515
2015-07-09,2051.31005859375,0.22596476448199895
2015-07-10,2076.6201171875,1.226298638500772
2015-07-13,2099.60009765625,1.1005268507355188
2015-07-14,2108.949951171875,0.44432732365001704
2015-07-15,2107.39990234375,-0.07352563007372866
2015-07-16,2124.2900390625,0.7982733444475738
2015-07-17,2126.639892578125,0.110557162445071
2015-07-20,2128.280029296875,0.07709366240016023
2015-07-21,2119.2099609375,-0.4270796242723094
2015-07-22,2114.14990234375,-0.23905650201902798
2015-07-23,2102.14990234375,-0.5692210211379454
2015-07-24,2079.64990234375,-1.0761020696661188
2015-07-27,2067.639892578125,-0.5791755065064178
2015-07-28,2093.25,1.2310073801889354
2015-07-29,2108.570068359375,0.7292142927383681
2015-07-30,2108.6298828125,0.0028366904022368087
2015-07-31,2103.840087890625,-0.2274103801051709
2015-08-03,2098.0400390625,-0.27606939449045503
2015-08-04,2093.320068359375,-0.22522391669328679
2015-08-05,2099.840087890625,0.3109838185490679
2015-08-06,2083.56005859375,-0.7783195922562142
2015-08-07,2077.570068359375,-0.28790228563377146
2015-08-10,2104.179931640625,1.2726835632025084
2015-08-11,2084.070068359375,-0.9603064680182269
2015-08-12,2086.050048828125,0.09496036382146948
2015-08-13,2083.389892578125,-0.12760258683812037
2015-08-14,2091.5400390625,0.39043322743591374
2015-08-17,2102.43994140625,0.5197891709402951
2015-08-18,2096.919921875,-0.26289829356331
2015-08-19,2079.610107421875,-0.8289136409597112
2015-08-20,2035.72998046875,-2.1325960454146156
2015-08-21,1970.8900146484375,-3.2369242521878174
2015-08-24,1893.2099609375,-4.021144434651927
2015-08-25,1867.6099853515625,-1.3614249742655897
2015-08-26,1940.510009765625,3.829129943453164
2015-08-27,1987.6600341796875,2.400725448969004
2015-08-28,1988.8699951171875,0.06085511568762156
2015-08-31,1972.1800537109375,-0.8427078663984054
2015-09-01,1913.8499755859375,-3.0022649842427995
2015-09-02,1948.8599853515625,1.8127671423214637
2015-09-03,1951.1300048828125,0.11641156994188924
2015-09-04,1921.219970703125,-1.5448308754276239
2015-09-08,1969.4100341796875,2.4773637197038503
2015-09-09,1942.0400390625,-1.3995035769084718
2015-09-10,1952.2900390625,0.5264075444935657
2015-09-11,1961.050048828125,0.44770064449862806
2015-09-14,1953.030029296875,-0.409804122304381
2015-09-15,1978.0899658203125,1.274968763143236
2015-09-16,1995.31005859375,0.8667740715375899
2015-09-17,1990.199951171875,-0.25643444425600986
2015-09-18,1958.030029296875,-1.629623095438354
2015-09-21,1966.969970703125,0.45553920336726966
2015-09-22,1942.739990234375,-1.2394930019378314
2015-09-23,1938.760009765625,-0.20507442295939468
2015-09-24,1932.239990234375,-0.336865187130644
2015-09-25,1931.3399658203125,-0.046590180122054944
2015-09-28,1881.77001953125,-2.600121116280911
2015-09-29,1884.0899658203125,0.12320939129817131
2015-09-30,1920.030029296875,1.889589860356512
2015-10-01,1923.8199462890625,0.19719386783371728
2015-10-02,1951.3599853515625,1.4213793016405512
2015-10-05,1987.050048828125,1.8124593518502157
2015-10-06,1979.9200439453125,-0.35946893441433
2015-10-07,1995.8299560546875,0.8003519857552759
2015-10-08,2013.4300537109375,0.8779780144558488
2015-10-09,2014.8900146484375,0.07248485605153578
2015-10-12,2017.4599609375,0.1274664477332838
2015-10-13,2003.68994140625,-0.6848823690127077
2015-10-14,1994.239990234375,-0.47274309119391433
2015-10-15,2023.8599853515625,1.4743551351355089
2015-10-16,2033.1099853515625,0.4560061373697022
2015-10-19,2033.6600341796875,0.02705089438730595
2015-10-20,2030.77001953125,-0.14221010558937613
2015-10-21,2018.93994140625,-0.5842448911134254
2015-10-22,2052.510009765625,1.6490847012594123
2015-10-23,2075.14990234375,1.0969953969042787
2015-10-26,2071.179931640625,-0.19149330011001103
2015-10-27,2065.889892578125,-0.255738586508774
2015-10-28,2090.35009765625,1.1770488488143476
2015-10-29,2089.409912109375,-0.044987538066072315
2015-10-30,2079.360107421875,-0.48214816884254313
2015-11-02,2104.050048828125,1.1803876338814607
2015-11-03,2109.7900390625,0.2724352925067521
2015-11-04,2102.31005859375,-0.3551666939647187
2015-11-05,2099.929931640625,-0.11327897564983025
2015-11-06,2099.199951171875,-0.03476817800236606
2015-11-09,2078.580078125,-0.9871290656502512
2015-11-10,2081.719970703125,0.15094551534496445
2015-11-11,2075.0,-0.32333073215689456
2015-11-12,2045.969970703125,-1.4089163336632673
2015-11-13,2023.0400390625,-1.1270640432155439
2015-11-16,2053.18994140625,1.4793302794234362
2015-11-17,2050.43994140625,-0.13402770182465745
2015-11-18,2083.580078125,1.6033229877172244
2015-11-19,2081.239990234375,-0.11237403289792015
2015-11-20,2089.169921875,0.38029552801494165
2015-11-23,2086.590087890625,-0.12356238416840883
2015-11-24,2089.139892578125,0.12212499449607925
2015-11-25,2088.8701171875,-0.012914061496715576
2015-11-27,2090.110107421875,0.05934415594808398
2015-11-30,2080.409912109375,-0.4651800139618441
2015-12-01,2102.6298828125,1.062393894673922
2015-12-02,2079.510009765625,-1.1056592639448921
2015-12-03,2049.6201171875,-1.4477826444150088
2015-12-04,2091.68994140625,2.031785636385123
2015-12-07,2077.070068359375,-0.7014043960397749
2015-12-08,2063.590087890625,-0.6511052625594548
2015-12-09,2047.6199951171875,-0.7769086365692726
2015-12-10,2052.22998046875,0.22488565785946774
2015-12-11,2012.3699951171875,-1.961386775581532
2015-12-14,2021.93994140625,0.47442880640680246
2015-12-15,2043.4100341796875,1.0562580105914385
2015-12-16,2073.070068359375,1.4410635650771484
2015-12-17,2041.8900146484375,-1.5154776635876313
2015-12-18,2005.550048828125,-1.7957495007106936
2015-12-21,2021.1500244140625,0.77483067271562
2015-12-22,2038.969970703125,0.8778095591568889
2015-12-23,2064.2900390625,1.2341596527553889
2015-12-24,2060.989990234375,-0.15999154038633195
2015-12-28,2056.5,-0.21809364563060168
2015-12-29,2078.360107421875,1.0573664173022947
2015-12-30,2063.360107421875,-0.7243398783778549
2015-12-31,2043.93994140625,-0.9456485041467846
2016-01-04,2012.6600341796875,-1.5422041797805928
2016-01-05,2016.7099609375,0.20102041393599396
2016-01-06,1990.260009765625,-1.320216300262602
2016-01-07,1943.0899658203125,-2.3985816519344776
2016-01-08,1922.030029296875,-1.0897537445847907
2016-01-11,1923.6700439453125,0.08529082958226729
2016-01-12,1938.6800537109375,0.7772514117774859
2016-01-13,1890.280029296875,-2.528237507790902
2016-01-14,1921.8399658203125,1.6558060934383971
2016-01-15,1880.3299560546875,-2.1835772698162375
2016-01-19,1881.3299560546875,0.053168018742882864
2016-01-20,1859.3299560546875,-1.1762766025898372
2016-01-21,1868.989990234375,0.5181988635948063
2016-01-22,1906.9000244140625,2.008072688221347
2016-01-25,1877.0799560546875,-1.5761545172821467
2016-01-26,1903.6300048828125,1.4045237830367907
2016-01-27,1882.949951171875,-1.0922922300528426
2016-01-28,1893.3599853515625,0.5513350717591524
2016-01-29,1940.239990234375,2.4458650994556432
2016-02-01,1939.3800048828125,-0.044333484554180534
2016-02-02,1903.030029296875,-1.892096871823143
2016-02-03,1912.530029296875,0.49796200215740233
2016-02-04,1915.449951171875,0.15255682925234376
2016-02-05,1880.050048828125,-1.8654158276351849
2016-02-08,1853.43994140625,-1.4255057923057348
2016-02-09,1852.2099609375,-0.06638406467602255
2016-02-10,1851.8599853515625,-0.018896813076091645
2016-02-11,1829.0799560546875,-1.2377447329256215
2016-02-12,1864.780029296875,1.933001520704595
2016-02-16,1895.5799560546875,1.6381737741684916
2016-02-17,1926.8199462890625,1.6346110625641337
2016-02-18,1917.8299560546875,-0.46766321239347053
2016-02-19,1917.780029296875,-0.00260332818018429
2016-02-22,1945.5,1.4350731099076084
2016-02-23,1921.27001953125,-1.253257757078849
2016-02-24,1929.800048828125,0.44299600346319484
2016-02-25,1951.699951171875,1.1284366730450845
2016-02-26,1948.050048828125,-0.18718653295646534
2016-02-29,1932.22998046875,-0.8154131091571704
2016-03-01,1978.3499755859375,2.3588385401618943
2016-03-02,1986.449951171875,0.40859498611017003
2016-03-03,1993.4000244140625,0.3492634320316937
2016-03-04,1999.989990234375,0.33004398659416984
2016-03-07,2001.760009765625,0.08846228008639487
2016-03-08,1979.260009765625,-1.1303756056006187
2016-03-09,1989.260009765625,0.5039672782814251
2016-03-10,1989.5699462890625,0.015579279712262695
2016-03-11,2022.18994140625,1.626254558885149
2016-03-14,2019.6400146484375,-0.12617686166117467
2016-03-15,2015.9300537109375,-0.18386309343179588
2016-03-16,2027.219970703125,0.5584727881779697
2016-03-17,2040.5899658203125,0.6573583068596323
2016-03-18,2049.580078125,0.43959672510261777
2016-03-21,2051.60009765625,0.09850919042923015
2016-03-22,2049.800048828125,-0.08777728967722512
2016-03-23,2036.7099609375,-0.640650953066712
2016-03-24,2035.93994140625,-0.03781417793768198
2016-03-28,2037.050048828125,0.0545106888072358
2016-03-29,2055.010009765625,0.877801205423741
2016-03-30,2063.949951171875,0.43408799935662196
2016-03-31,2059.739990234375,-0.20418423596207116
2016-04-01,2072.780029296875,0.6310959066599756
2016-04-04,2066.1298828125,-0.3213480045854618
2016-04-05,2045.1700439453125,-1.019629841179453
2016-04-06,2066.659912109375,1.0452797932013158
2016-04-07,2041.9100341796875,-1.2048073970004867
2016-04-08,2047.5999755859375,0.27827026046165043
2016-04-11,2041.989990234375,-0.2743545889603945
2016-04-12,2061.719970703125,0.9615753881389975
2016-04-13,2082.419921875,0.9990069768557895
2016-04-14,2082.780029296875,0.017291243013242585
2016-04-15,2080.72998046875,-0.0984769576145959
2016-04-18,2094.340087890625,0.6519725613797989
2016-04-19,2100.800048828125,0.3079737902866533
2016-04-20,2102.39990234375,0.07612550492345004
2016-04-21,2091.47998046875,-0.5207562857292034
2016-04-22,2091.580078125,0.004785857954074228
2016-04-25,2087.7900390625,-0.18136896207629954
2016-04-26,2091.699951171875,0.18710001742369306
2016-04-27,2095.14990234375,0.16479941117468402
2016-04-28,2075.81005859375,-0.9273636061561671
2016-04-29,2065.300048828125,-0.5075949230557177
2016-05-02,2081.429931640625,0.7779606697244105
2016-05-03,2063.3701171875,-0.8714499388395888
2016-05-04,2051.1201171875,-0.595458270547255
2016-05-05,2050.6298828125,-0.023903669279415212
2016-05-06,2057.139892578125,0.31696105535526065
2016-05-09,2058.68994140625,0.07532133076099479
2016-05-10,2084.389892578125,1.2406365236037333
2016-05-11,2064.4599609375,-0.9607522877868724
2016-05-12,2064.110107421875,-0.016947926796424463
2016-05-13,2046.6099853515625,-0.8514434161752484
2016-05-16,2066.659912109375,0.9748976389612767
2016-05-17,2047.2099609375,-0.9455863552162806
2016-05-18,2047.6300048828125,0.020515768640127933
2016-05-19,2040.0400390625,-0.37135945227206246
2016-05-20,2052.320068359375,0.6001459222804671
2016-05-23,2048.0400390625,-0.20876365681016884
2016-05-24,2076.06005859375,1.3588637533990109
2016-05-25,2090.5400390625,0.6950529651583447
2016-05-26,2090.10009765625,-0.02104660499285901
2016-05-27,2099.06005859375,0.4277694939439437
2016-05-31,2096.949951171875,-0.10057686205899895
2016-06-01,2099.330078125,0.1134398653926189
2016-06-02,2105.260009765625,0.2820696166986195
2016-06-03,2099.1298828125,-0.2916062236694851
2016-06-06,2109.409912109375,0.48853285193636237
2016-06-07,2112.1298828125,0.1288615629197613
2016-06-08,2119.1201171875,0.3304101971954724
2016-06-09,2115.47998046875,-0.17192355978938076
2016-06-10,2096.070068359375,-0.9217532410166118
2016-06-13,2079.06005859375,-0.8148298789709478
2016-06-14,2075.320068359375,-0.18005050719719037
2016-06-15,2071.5,-0.1842409063810195
2016-06-16,2077.989990234375,0.31280931110455723
2016-06-17,2071.219970703125,-0.3263284144608922
2016-06-20,2083.25,0.5791382778423102
2016-06-21,2088.89990234375,0.2708390604209703
2016-06-22,2085.449951171875,-0.165292899657585
2016-06-23,2113.320068359375,1.3275567071955108
2016-06-24,2037.4100341796875,-3.6580792805582627
2016-06-27,2000.5400390625,-1.8262246511702755
2016-06-28,2036.0899658203125,1.7614121604087918
2016-06-29,2070.77001953125,1.6889242971253917
2016-06-30,2098.860107421875,1.3473863149466128
2016-07-01,2102.949951171875,0.19467062930320223
2016-07-05,2088.550048828125,-0.6871028985598719
2016-07-06,2099.72998046875,0.5338687058275959
2016-07-07,2097.89990234375,-0.08719578867330008
2016-07-08,2129.89990234375,1.51381865659924
2016-07-11,2137.159912109375,0.34028193119982386
2016-07-12,2152.139892578125,0.6984842307345719
2016-07-13,2152.429931640625,0.013475867498170382
2016-07-14,2163.75,0.5245422801697
2016-07-15,2161.739990234375,-0.09293790598711438
2016-07-18,2166.889892578125,0.23794618218687366
2016-07-19,2163.780029296875,-0.14362045004153862
2016-07-20,2173.02001953125,0.42612083157639913
2016-07-21,2165.169921875,-0.36190698565249757
2016-07-22,2175.030029296875,0.4543626789510244
2016-07-25,2168.47998046875,-0.30160187399297006
2016-07-26,2169.179931640625,0.03227321607194127
2016-07-27,2166.580078125,-0.11992609468086371
2016-07-28,2170.06005859375,0.1604920448092453
2016-07-29,2173.60009765625,0.1629980117657865
2016-08-01,2170.840087890625,-0.12705941474910584
2016-08-02,2157.030029296875,-0.6381940812667669
2016-08-03,2163.7900390625,0.3129042716071097
2016-08-04,2164.25,0.021254929948908707
2016-08-05,2182.8701171875,0.856669728938006
2016-08-08,2180.889892578125,-0.09075772915415996
2016-08-09,2181.739990234375,0.03897179865559824
2016-08-10,2175.489990234375,-0.2868797063488285
2016-08-11,2185.7900390625,0.4723415102443644
2016-08-12,2184.050048828125,-0.07963633869140574
2016-08-15,2190.14990234375,0.2789016294521772
2016-08-16,2178.14990234375,-0.5494142216478226
2016-08-17,2182.219970703125,0.1866846006155566
2016-08-18,2187.02001953125,0.2197201696382422
2016-08-19,2183.8701171875,-0.14413095687681865
2016-08-22,2182.639892578125,-0.05634818833231075
2016-08-23,2186.89990234375,0.1949867178361733
2016-08-24,2175.43994140625,-0.5254055259671874
2016-08-25,2172.469970703125,-0.1366160396645455
2016-08-26,2169.0400390625,-0.15800642387132788
2016-08-29,2180.3798828125,0.5214428428674345
2016-08-30,2176.1201171875,-0.1955591407122778
2016-08-31,2170.949951171875,-0.23786911055626064
2016-09-01,2170.860107421875,-0.004138538941144249
2016-09-02,2179.97998046875,0.41922415990346173
2016-09-06,2186.47998046875,0.2977242370005349
2016-09-07,2186.159912109375,-0.014639593829345095
2016-09-08,2181.300048828125,-0.22254881924702882
2016-09-09,2127.81005859375,-2.4827742410836415
2016-09-12,2159.0400390625,1.4570387233434434
2016-09-13,2127.02001953125,-1.4941748278210834
2016-09-14,2125.77001953125,-0.058784939981283583
2016-09-15,2147.260009765625,1.005851644943989
2016-09-16,2139.159912109375,-0.37794277955721
2016-09-19,2139.1201171875,-0.0018603233824686035
2016-09-20,2139.760009765625,0.029909348423417772
2016-09-21,2163.1201171875,1.0858000333635953
2016-09-22,2177.179931640625,0.6478751917642122
2016-09-23,2164.68994140625,-0.5753292959718775
2016-09-26,2146.10009765625,-0.8624850117916046
2016-09-27,2159.929931640625,0.6423495165298114
2016-09-28,2171.3701171875,0.5282576603642458
2016-09-29,2151.1298828125,-0.9365127730081197
2016-09-30,2168.27001953125,0.79363925880277
2016-10-03,2161.199951171875,-0.32660231815271223
2016-10-04,2150.489990234375,-0.4967881786362002
2016-10-05,2159.72998046875,0.4287486231196994
2016-10-06,2160.77001953125,0.04814438526045025
2016-10-07,2153.739990234375,-0.32587874416142043
2016-10-10,2163.659912109375,0.4595330317324387
2016-10-11,2136.72998046875,-1.2524577697755965
2016-10-12,2139.179931640625,0.11459322063988205
2016-10-13,2132.550048828125,-0.3104076412233994
2016-10-14,2132.97998046875,0.02015841591211507
2016-10-17,2126.5,-0.3042618111840263
2016-10-18,2139.60009765625,0.6141505605698631
2016-10-19,2144.2900390625,0.21895721553504996
2016-10-20,2141.340087890625,-0.13766711313809551
2016-10-21,2141.159912109375,-0.008414514015477907
2016-10-24,2151.330078125,0.47385946474273655
2016-10-25,2143.159912109375,-0.3804957464706359
2016-10-26,2139.429931640625,-0.1741927921187231
2016-10-27,2133.0400390625,-0.29911959060088666
2016-10-28,2126.409912109375,-0.311314013962507
2016-10-31,2126.14990234375,-0.012228388419855381
2016-11-01,2111.719970703125,-0.6810019108735079
2016-11-02,2097.93994140625,-0.6546884453454002
2016-11-03,2088.659912109375,-0.4433213022609399
2016-11-04,2085.179931640625,-0.16675202716929607
2016-11-07,2131.52001953125,2.19801997294649
2016-11-08,2139.56005859375,0.37648783971575306
2016-11-09,2163.260009765625,1.1016119879656034
2016-11-10,2167.47998046875,0.1948845716095396
2016-11-11,2164.449951171875,-0.13989283477976058
2016-11-14,2164.199951171875,-0.011550945718323703
2016-11-15,2180.389892578125,0.7452955022089459
2016-11-16,2176.93994140625,-0.15835165223759537
2016-11-17,2187.1201171875,0.4665469361197901
2016-11-18,2181.89990234375,-0.238965136554844
2016-11-21,2198.179931640625,0.7433702070873875
2016-11-22,2202.93994140625,0.2163091103593048
2016-11-23,2204.719970703125,0.0807698156908801
2016-11-25,2213.35009765625,0.39067456134237083
2016-11-28,2201.719970703125,-0.5268389254735216
2016-11-29,2204.659912109375,0.1334402353261901
2016-11-30,2198.81005859375,-0.2656930555156394
2016-12-01,2191.080078125,-0.3521722966763813
2016-12-02,2191.949951171875,0.03969277200846238
2016-12-05,2204.7099609375,0.5804426926743671
2016-12-06,2212.22998046875,0.34050844688746096
2016-12-07,2241.35009765625,1.307735874472335
2016-12-08,2246.18994140625,0.21570150168711014
2016-12-09,2259.530029296875,0.5921418532969714
2016-12-12,2256.9599609375,-0.1138082290599516
2016-12-13,2271.719970703125,0.651848320123699
2016-12-14,2253.280029296875,-0.8150295461858615
2016-12-15,2262.030029296875,0.3875707687553573
2016-12-16,2258.070068359375,-0.17521567509802416
2016-12-19,2262.530029296875,0.19731727152112588
2016-12-20,2270.760009765625,0.3630912401152755
2016-12-21,2265.179931640625,-0.24603857246776667
2016-12-22,2260.9599609375,-0.18647112223965046
2016-12-23,2263.7900390625,0.12509325350792358
2016-12-27,2268.8798828125,0.22458489045486346
2016-12-28,2249.919921875,-0.8391640709771516
2016-12-29,2249.260009765625,-0.029334773186837294
2016-12-30,2238.830078125,-0.4647834696854234
2017-01-03,2257.830078125,0.8450766753157112
2017-01-04,2270.75,0.5705963770549438
2017-01-05,2269.0,-0.07709676024811847
2017-01-06,2276.97998046875,0.3510789180579059
2017-01-09,2268.89990234375,-0.3554905471559629
2017-01-10,2268.89990234375,0.0
2017-01-11,2275.320068359375,0.2825642389101951
2017-01-12,2270.43994140625,-0.21471123937296172
2017-01-13,2274.639892578125,0.18481313951466558
2017-01-17,2267.889892578125,-0.2971914456218445
2017-01-18,2271.889892578125,0.17622004698093202
2017-01-19,2263.68994140625,-0.3615837624319374
2017-01-20,2271.31005859375,0.33605840612999427
2017-01-23,2265.199951171875,-0.2693749646069815
2017-01-24,2280.070068359375,0.6543140528962317
2017-01-25,2298.3701171875,0.7994052795968681
2017-01-26,2296.679931640625,-0.07356549352631034
2017-01-27,2294.68994140625,-0.08668394897415926
2017-01-30,2280.89990234375,-0.6027673496096654
2017-01-31,2278.8701171875,-0.08903016080325453
2017-02-01,2279.550048828125,0.029831898811628964
2017-02-02,2280.85009765625,0.057014683869101364
2017-02-03,2297.419921875,0.7238496854553608
2017-02-06,2292.56005859375,-0.21175975137091033
2017-02-07,2293.080078125,0.022680346384577152
2017-02-08,2294.669921875,0.06930821486096318
2017-02-09,2307.8701171875,0.573606373596025
2017-02-10,2316.10009765625,0.35597068220090916
2017-02-13,2328.25,0.5232133584011204
2017-02-14,2337.580078125,0.39993271956725795
2017-02-15,2349.25,0.49798886657344504
2017-02-16,2347.219970703125,-0.08644916015501691
2017-02-17,2351.159912109375,0.1677149327237158
2017-02-21,2365.3798828125,0.6029850020069154
2017-02-22,2362.820068359375,-0.10827861468040931
2017-02-23,2363.81005859375,0.04188989712592335
2017-02-24,2367.340087890625,0.14922502320316527
2017-02-27,2369.75,0.10174652677336642
2017-02-28,2363.639892578125,-0.2581706115194909
2017-03-01,2395.9599609375,1.3581211083725322
2017-03-02,2381.919921875,-0.587711697210527
2017-03-03,2383.1201171875,0.050375036853478966
2017-03-06,2375.31005859375,-0.32826227635658123
2017-03-07,2368.389892578125,-0.29176259020898776
2017-03-08,2362.97998046875,-0.2286827964063899
2017-03-09,2364.8701171875,0.07995756127663867
2017-03-10,2372.60009765625,0.3263339705858542
2017-03-13,2373.469970703125,0.03665656191696328
2017-03-14,2365.449951171875,-0.33847489808910053
2017-03-15,2385.260009765625,0.8339879124686365
2017-03-16,2381.3798828125,-0.16280347991836144
2017-03-17,2378.25,-0.13151792642314353
2017-03-20,2373.469970703125,-0.20119160803802946
2017-03-21,2344.02001953125,-1.2485594590102116
2017-03-22,2348.449951171875,0.18881028474626677
2017-03-23,2345.9599609375,-0.10608321448300831
2017-03-24,2343.97998046875,-0.08443522139384829
2017-03-27,2341.590087890625,-0.10201075858456302
2017-03-28,2358.570068359375,0.7225308829623951
2017-03-29,2361.1298828125,0.10847362038301697
2017-03-30,2368.06005859375,0.29308109117050135
2017-03-31,2362.719970703125,-0.22575939382668175
2017-04-03,2358.840087890625,-0.16434753080133316
2017-04-04,2360.159912109375,0.055936607466137135
2017-04-05,2352.949951171875,-0.3059536811522123
2017-04-06,2357.489990234375,0.19276502937349932
2017-04-07,2355.5400390625,-0.08274724629448715
2017-04-10,2357.159912109375,0.0687450135783276
2017-04-11,2353.780029296875,-0.14349082919582845
2017-04-12,2344.929931640625,-0.37670374189869066
2017-04-13,2328.949951171875,-0.6838020289804216
2017-04-17,2349.010009765625,0.8576465691107291
2017-04-18,2342.18994140625,-0.2907602845833255
2017-04-19,2338.169921875,-0.17178253968685744
2017-04-20,2355.840087890625,0.7528850362973852
2017-04-21,2348.68994140625,-0.3039688107115378
2017-04-24,2374.14990234375,1.0781736588111828
2017-04-25,2388.610107421875,0.6072214211751177
2017-04-26,2387.449951171875,-0.04858214756873499
2017-04-27,2388.77001953125,0.055276700029920633
2017-04-28,2384.199951171875,-0.19149794714900412
2017-05-01,2388.330078125,0.17307918268938255
2017-05-02,2391.169921875,0.11883435858115295
2017-05-03,2388.1298828125,-0.12721693958273864
2017-05-04,2389.52001953125,0.05819332878695466
2017-05-05,2399.2900390625,0.40803594074783595
2017-05-08,2399.3798828125,0.0037445271907879016
2017-05-09,2396.919921875,-0.10257745567932175
2017-05-10,2399.6298828125,0.11299627174494742
2017-05-11,2394.43994140625,-0.21651513741066186
2017-05-12,2390.89990234375,-0.14795353407942594
2017-05-15,2402.320068359375,0.47651423030152334
2017-05-16,2400.669921875,-0.06871330369860457
2017-05-17,2357.030029296875,-1.8345468171115042
2017-05-18,2365.719970703125,0.36800386272159513
2017-05-19,2381.72998046875,0.67447032082007
2017-05-22,2394.02001953125,0.514686329600843
2017-05-23,2398.419921875,0.18361851723804104
2017-05-24,2404.389892578125,0.24860338045762945
2017-05-25,2415.070068359375,0.44321120419781745
2017-05-26,2415.820068359375,0.031050178530242344
2017-05-30,2412.909912109375,-0.12053507295338199
2017-05-31,2411.800048828125,-0.04600746199513276
2017-06-01,2430.06005859375,0.7542595584847225
2017-06-02,2439.070068359375,0.370087461804602
2017-06-05,2436.10009765625,-0.12184071404286387
2017-06-06,2429.330078125,-0.27829086662040836
2017-06-07,2433.139892578125,0.1567028796347538
2017-06-08,2433.7900390625,0.026716903566476713
2017-06-09,2431.77001953125,-0.08303338661872763
2017-06-12,2429.389892578125,-0.09792424797181137
2017-06-13,2440.35009765625,0.450135884323014
2017-06-14,2437.919921875,-0.09963269653176028
2017-06-15,2432.4599609375,-0.22421097968403741
2017-06-16,2433.14990234375,0.028359915005969523
2017-06-19,2453.4599609375,0.8312583206893995
2017-06-20,2437.030029296875,-0.6719160446931665
2017-06-21,2435.610107421875,-0.05828141932715965
2017-06-22,2434.5,-0.04558859724380852
2017-06-23,2438.300048828125,0.15596985554090975
2017-06-26,2439.070068359375,0.031575193973236125
2017-06-27,2419.3798828125,-0.8105586575672906
2017-06-28,2440.68994140625,0.8769501646551084
2017-06-29,2419.699951171875,-0.8637216844141349
2017-06-30,2423.409912109375,0.15320576108735331
2017-07-03,2429.010009765625,0.23081679791475807
2017-07-05,2432.5400390625,0.14522240362887007
2017-07-06,2409.75,-0.9412987306866183
2017-07-07,2425.179931640625,0.6382712569615802
2017-07-10,2427.429931640625,0.09273361035125655
2017-07-11,2425.530029296875,-0.07829870660821735
2017-07-12,2443.25,0.7279050947821435
2017-07-13,2447.830078125,0.1872829473473065
2017-07-14,2459.27001953125,0.4662616170009233
2017-07-17,2459.139892578125,-0.005291423670686425
2017-07-18,2460.610107421875,0.059767869811098745
2017-07-19,2473.830078125,0.535825821605345
2017-07-20,2473.449951171875,-0.015367108860704477
2017-07-21,2472.5400390625,-0.03679393292088825
2017-07-24,2469.909912109375,-0.10643009954088047
2017-07-25,2477.1298828125,0.2918907519898033
2017-07-26,2477.830078125,0.028262400611947947
2017-07-27,2475.419921875,-0.09731616373937137
2017-07-28,2472.10009765625,-0.13420156781160386
2017-07-31,2470.300048828125,-0.07284108345598019
2017-08-01,2476.35009765625,0.2446120774938466
2017-08-02,2477.570068359375,0.04925274073474498
2017-08-03,2472.159912109375,-0.21860418349456703
2017-08-04,2476.830078125,0.18873214175395683
2017-08-07,2480.909912109375,0.16458446442804672
2017-08-08,2474.919921875,-0.2417352230385335
2017-08-09,2474.02001953125,-0.03636747927123762
2017-08-10,2438.2099609375,-1.458021840074153
2017-08-11,2441.320068359375,0.12747571279871367
2017-08-14,2465.840087890625,0.9993651246049404
2017-08-15,2464.610107421875,-0.049893232688349
2017-08-16,2468.110107421875,0.14190955233323715
2017-08-17,2430.010009765625,-1.5557342487191417
2017-08-18,2425.550048828125,-0.18370536613519936
2017-08-21,2428.3701171875,0.11619757145661966
2017-08-22,2452.510009765625,0.9891695260625077
2017-08-23,2444.0400390625,-0.3459570132639007
2017-08-24,2438.969970703125,-0.20766167471384417
2017-08-25,2443.050048828125,0.16714716689374215
2017-08-28,2444.239990234375,0.04869534732960745
2017-08-29,2446.300048828125,0.08424667620097917
2017-08-30,2457.590087890625,0.46045317880610437
2017-08-31,2471.64990234375,0.5704673584713544
2017-09-01,2476.550048828125,0.1980578042335197
2017-09-05,2457.85009765625,-0.7579458552144929
2017-09-06,2465.5400390625,0.31238424931441333
2017-09-07,2465.10009765625,-0.017845204485370907
2017-09-08,2461.429931640625,-0.1489960143457705
2017-09-11,2488.110107421875,1.0780975197147025
2017-09-12,2496.47998046875,0.3358302594883113
2017-09-13,2498.3701171875,0.07568342480825294
2017-09-14,2495.6201171875,-0.11013238508279735
2017-09-15,2500.22998046875,0.1845477546159349
2017-09-18,2503.8701171875,0.14548619291293302
2017-09-19,2506.64990234375,0.11095796167313857
2017-09-20,2508.239990234375,0.0634146702309437
2017-09-21,2500.60009765625,-0.3050565946914834
2017-09-22,2502.219970703125,0.06475839951670206
2017-09-25,2496.659912109375,-0.22245226998538567
2017-09-26,2496.840087890625,0.007216412589487934
2017-09-27,2507.0400390625,0.40768224019879246
2017-09-28,2510.06005859375,0.12038906289380277
2017-09-29,2519.360107421875,0.3698263068498826
2017-10-02,2529.1201171875,0.3866518829712313
2017-10-03,2534.580078125,0.21565111846609192
2017-10-04,2537.739990234375,0.12459436611136386
2017-10-05,2552.070068359375,0.563090403129274
2017-10-06,2549.330078125,-0.10742111652397249
2017-10-09,2544.72998046875,-0.18060638680135568
2017-10-10,2550.639892578125,0.23197196304780643
2017-10-11,2555.239990234375,0.1801882929663564
2017-10-12,2550.929931640625,-0.16881771203513884
2017-10-13,2553.169921875,0.08777220048463043
2017-10-16,2557.639892578125,0.1749222532305753
2017-10-17,2559.360107421875,0.0672352905433993
2017-10-18,2561.260009765625,0.07420595113295467
2017-10-19,2562.10009765625,0.03279441150104855
2017-10-20,2575.2099609375,0.5103796185030386
2017-10-23,2564.97998046875,-0.39803953129971953
2017-10-24,2569.1298828125,0.16166008745580412
2017-10-25,2557.14990234375,-0.46739556872599847
2017-10-26,2560.39990234375,0.12701392506023992
2017-10-27,2581.070068359375,0.8040609979727099
2017-10-30,2572.830078125,-0.31975773767407195
2017-10-31,2575.260009765625,0.09440129366793155
2017-11-01,2579.360107421875,0.15908441079038696
2017-11-02,2579.85009765625,0.01899477696667152
2017-11-03,2587.840087890625,0.3092289326314394
2017-11-06,2591.1298828125,0.12704438847764302
2017-11-07,2590.639892578125,-0.018912080508191733
2017-11-08,2594.3798828125,0.14426139320604148
2017-11-09,2584.6201171875,-0.37689813393701366
2017-11-10,2582.300048828125,-0.08980469760537102
2017-11-13,2584.840087890625,0.0983150911293032
2017-11-14,2578.8701171875,-0.23122805602819227
2017-11-15,2564.6201171875,-0.5540998742123611
2017-11-16,2585.639892578125,0.8162652782972404
2017-11-17,2578.85009765625,-0.2629416978897395
2017-11-20,2582.139892578125,0.12748698887901105
2017-11-21,2599.030029296875,0.6519838879752696
2017-11-22,2597.080078125,-0.07505427033295442
2017-11-24,2602.419921875,0.20539842782319662
2017-11-27,2601.419921875,-0.038433158680325395
2017-11-28,2627.0400390625,0.9800332196793644
2017-11-29,2626.070068359375,-0.03692938827907781
2017-11-30,2647.580078125,0.8157586662811174
2017-12-01,2642.219970703125,-0.20265829358053325
2017-12-04,2639.43994140625,-0.10527105492864533
2017-12-05,2629.570068359375,-0.3746390525955308
2017-12-06,2629.27001953125,-0.011411217053034996
2017-12-07,2636.97998046875,0.29280670101093853
2017-12-08,2651.5,0.5491202035518141
2017-12-11,2659.989990234375,0.3196842121695832
2017-12-12,2664.110107421875,0.1547723722089516
2017-12-13,2662.85009765625,-0.0473068970150185
2017-12-14,2652.010009765625,-0.4079167730762682
2017-12-15,2675.81005859375,0.8934313410142761
2017-12-18,2690.159912109375,0.5348478579597589
2017-12-19,2681.469970703125,-0.3235498043118501
2017-12-20,2679.25,-0.08282360735725663
2017-12-21,2684.570068359375,0.19836870126583983
2017-12-22,2683.340087890625,-0.04582716381137555
2017-12-26,2680.5,-0.10589757000585695
2017-12-27,2682.6201171875,0.07906283102422612
2017-12-28,2687.5400390625,0.18323190029195555
2017-12-29,2673.610107421875,-0.5196632292748299
2018-01-02,2695.81005859375,0.8269078218398127
2018-01-03,2713.06005859375,0.6378433243936035
2018-01-04,2723.989990234375,0.4020542855326989
2018-01-05,2743.14990234375,0.7009145888585349
2018-01-08,2747.7099609375,0.1660963767296979
2018-01-09,2751.2900390625,0.13020835172984224
2018-01-10,2748.22998046875,-0.11128458115206878
2018-01-11,2767.56005859375,0.7009025768882019
2018-01-12,2786.239990234375,0.6726926399094035
2018-01-16,2776.419921875,-0.353071326160267
2018-01-17,2802.56005859375,0.9371006206502086
2018-01-18,2798.030029296875,-0.1617697497473624
2018-01-19,2810.300048828125,0.4375647986990156
2018-01-22,2832.969970703125,0.803436438221324
2018-01-23,2839.1298828125,0.21720049682223191
2018-01-24,2837.5400390625,-0.05601325472320471
2018-01-25,2839.25,0.06024393988328895
2018-01-26,2872.8701171875,1.1771638106084168
2018-01-29,2853.530029296875,-0.6754736284863033
2018-01-30,2822.429931640625,-1.0958642805337084
2018-01-31,2823.81005859375,0.04888658586947881
2018-02-01,2821.97998046875,-0.06482983520233253
2018-02-02,2762.1298828125,-2.143668051669881
2018-02-05,2648.93994140625,-4.184254093838143
2018-02-06,2695.139892578125,1.7290573348937088
2018-02-07,2681.659912109375,-0.5014138223752627
2018-02-08,2581.0,-3.82590522458017
2018-02-09,2619.550048828125,1.4825645199524344
2018-02-12,2656.0,1.3818665678186273
2018-02-13,2662.93994140625,0.2609521980277558
2018-02-14,2698.6298828125,1.3313439808897014
2018-02-15,2731.199951171875,1.199686177677526
2018-02-16,2732.219970703125,0.03733996499216942
2018-02-20,2716.260009765625,-0.5858517106837343
2018-02-21,2701.330078125,-0.5511664483310909
2018-02-22,2703.9599609375,0.09730774855778604
2018-02-23,2747.300048828125,1.5901278245121022
2018-02-26,2779.60009765625,1.16884386206274
2018-02-27,2744.280029296875,-1.2788311441467541
2018-02-28,2713.830078125,-1.1157806083656079
2018-03-01,2677.669921875,-1.3413965854876448
2018-03-02,2691.25,0.5058785485198549
2018-03-05,2720.93994140625,1.097161761052657
2018-03-06,2728.1201171875,0.26353829319968103
2018-03-07,2726.800048828125,-0.0483991825716375
2018-03-08,2738.969970703125,0.4453148208884627
2018-03-09,2786.570068359375,1.7229546741207586
2018-03-12,2783.02001953125,-0.1274797337998416
2018-03-13,2765.31005859375,-0.6383910414314703
2018-03-14,2749.47998046875,-0.5740969825188785
2018-03-15,2747.330078125,-0.07822363990965508
2018-03-16,2752.010009765625,0.17019979472317417
2018-03-19,2712.919921875,-1.4306040541373417
2018-03-20,2716.93994140625,0.14807086617189258
2018-03-21,2711.929931640625,-0.18456921256294062
2018-03-22,2643.68994140625,-2.5484886972854417
2018-03-23,2588.260009765625,-2.1189807311750664
2018-03-26,2658.550048828125,2.6795040706035387
2018-03-27,2612.6201171875,-1.7427285645321902
2018-03-28,2605.0,-0.2920918899462677
2018-03-29,2640.8701171875,1.3675777493843446
2018-04-02,2581.8798828125,-2.259068234349587
2018-04-03,2614.449951171875,1.2535961315741067
2018-04-04,2644.68994140625,1.150010234644679
2018-04-05,2662.840087890625,0.6839421401651201
2018-04-06,2604.469970703125,-2.2164067057064987
2018-04-09,2613.159912109375,0.33309949675928296
2018-04-10,2656.8701171875,1.6588598996314068
2018-04-11,2642.18994140625,-0.5540685772461174
2018-04-12,2663.989990234375,0.8216898697657044
2018-04-13,2656.300048828125,-0.2890799826706634
2018-04-16,2677.840087890625,0.8076336801563068
2018-04-17,2706.389892578125,1.060507161386675
2018-04-18,2708.639892578125,0.08310204075532665
2018-04-19,2693.1298828125,-0.574258179583257
2018-04-20,2670.139892578125,-0.8573177188352707
2018-04-23,2670.2900390625,0.005623011118453955
2018-04-24,2634.56005859375,-1.3470888006475166
2018-04-25,2639.39990234375,0.18353742328236347
2018-04-26,2666.93994140625,1.0380144187376954
2018-04-27,2669.909912109375,0.11130052713638149
2018-04-30,2648.050048828125,-0.8221192548921248
2018-05-01,2654.800048828125,0.25458021710273926
2018-05-02,2635.669921875,-0.7231951201402356
2018-05-03,2629.72998046875,-0.22562175850640762
2018-05-04,2663.419921875,1.2729810028334958
2018-05-07,2672.6298828125,0.3451980554989958
2018-05-08,2671.919921875,-0.02656766117338216
2018-05-09,2697.7900390625,0.9635647934868785
2018-05-10,2723.070068359375,0.9327011603848374
2018-05-11,2727.719970703125,0.1706139270961256
2018-05-14,2730.1298828125,0.08830995101265589
2018-05-15,2711.449951171875,-0.6865655043990812
2018-05-16,2722.4599609375,0.4052339847514407
2018-05-17,2720.1298828125,-0.08562387886101003
2018-05-18,2712.969970703125,-0.26356652545503156
2018-05-21,2733.010009765625,0.7359604547933372
2018-05-22,2724.43994140625,-0.31406885928751893
2018-05-23,2733.2900390625,0.32431452068987515
2018-05-24,2727.760009765625,-0.20252629577225517
2018-05-25,2721.330078125,-0.2360003054185922
2018-05-29,2689.860107421875,-1.1631572511792225
2018-05-30,2724.010009765625,1.2615875351923802
2018-05-31,2705.27001953125,-0.6903333243434208
2018-06-01,2734.6201171875,1.079079970923988
2018-06-04,2746.8701171875,0.4469594898352221
2018-06-05,2748.800048828125,0.0702346269575674
2018-06-06,2772.35009765625,0.8530900637311971
2018-06-07,2770.3701171875,-0.07144436219845289
2018-06-08,2779.030029296875,0.31210289077513476
2018-06-11,2782.0,0.10681370069403208
2018-06-12,2786.85009765625,0.17418672787038483
2018-06-13,2775.6298828125,-0.40342545414114567
2018-06-14,2782.489990234375,0.24685005225036868
2018-06-15,2779.659912109375,-0.101762031549408
2018-06-18,2773.75,-0.2128391180886516
2018-06-19,2762.590087890625,-0.4031517951391294
2018-06-20,2767.320068359375,0.17106902241125452
2018-06-21,2749.760009765625,-0.6365728843220269
2018-06-22,2754.8798828125,0.18602032551338835
2018-06-25,2717.070068359375,-1.3819722967770653
2018-06-26,2723.06005859375,0.22021505056967236
2018-06-27,2699.6298828125,-0.8641586313141116
2018-06-28,2716.31005859375,0.6159680019031287
2018-06-29,2718.3701171875,0.07581158875170001
2018-07-02,2726.7099609375,0.3063260834293461
2018-07-03,2713.219970703125,-0.4959629280533677
2018-07-05,2736.610107421875,0.8583856745537827
2018-07-06,2759.820068359375,0.844551760058016
2018-07-09,2784.169921875,0.8784290785341505
2018-07-10,2793.840087890625,0.3467249318821859
2018-07-11,2774.02001953125,-0.7119486371916502
2018-07-12,2798.2900390625,0.87109915801719
2018-07-13,2801.31005859375,0.10786555366086474
2018-07-16,2798.429931640625,-0.10286646208985384
2018-07-17,2809.550048828125,0.39658243434434315
2018-07-18,2815.6201171875,0.21581820767374627
2018-07-19,2804.489990234375,-0.3960826849049506
2018-07-20,2801.830078125,-0.09488977712743676
2018-07-23,2806.97998046875,0.18363623432315188
2018-07-24,2820.39990234375,0.47695188860535614
2018-07-25,2846.070068359375,0.9060435070372713
2018-07-26,2837.43994140625,-0.303690274886736
2018-07-27,2818.820068359375,-0.6583834644845457
2018-07-30,2802.60009765625,-0.5770789315587143
2018-07-31,2816.2900390625,0.48728372193030933
2018-08-01,2813.360107421875,-0.10408930675711335
2018-08-02,2827.219970703125,0.49143495822086997
2018-08-03,2840.35009765625,0.4633432065347987
2018-08-06,2850.39990234375,0.3531982650801626
2018-08-07,2858.449951171875,0.28202017464857676
2018-08-08,2857.699951171875,-0.026241439329510795
2018-08-09,2853.580078125,-0.14427146770399496
2018-08-10,2833.280029296875,-0.7139312263244473
2018-08-13,2821.929931640625,-0.4014037665980266
2018-08-14,2839.9599609375,0.6368930016417421
2018-08-15,2818.3701171875,-0.7631208581378816
2018-08-16,2840.68994140625,0.788821455263811
2018-08-17,2850.1298828125,0.3317606375263089
2018-08-20,2857.050048828125,0.2425074902128281
2018-08-21,2862.9599609375,0.20663999546270578
2018-08-22,2861.820068359375,-0.03982310542435054
2018-08-23,2856.97998046875,-0.1692693923535106
2018-08-24,2874.68994140625,0.6179705928285333
2018-08-27,2896.739990234375,0.7641141407110444
2018-08-28,2897.52001953125,0.026924207759835516
2018-08-29,2914.0400390625,0.5685242468911669
2018-08-30,2901.1298828125,-0.4440172044458075
2018-08-31,2901.52001953125,0.013446846730492032
2018-09-04,2896.719970703125,-0.16556920488793075
2018-09-05,2888.60009765625,-0.2807062801265972
2018-09-06,2878.050048828125,-0.36589910366181577
2018-09-07,2871.679931640625,-0.22157978950144838
2018-09-10,2877.1298828125,0.18960282146933796
2018-09-11,2887.889892578125,0.3732865689715426
2018-09-12,2888.919921875,0.03566083498935524
2018-09-13,2904.179931640625,0.5268352159391334
2018-09-14,2904.97998046875,0.027544390076635554
2018-09-17,2888.800048828125,-0.5585290991549207
2018-09-18,2904.31005859375,0.5354652867625239
2018-09-19,2907.949951171875,0.12524880331719868
2018-09-20,2930.75,0.7810014185329059
2018-09-21,2929.669921875,-0.03686009370070487
2018-09-24,2919.3701171875,-0.3521882314013849
2018-09-25,2915.56005859375,-0.1305948493117946
2018-09-26,2905.969970703125,-0.3294699681159941
2018-09-27,2914.0,0.27594762285113966
2018-09-28,2913.97998046875,-0.0006870144138179519
2018-10-01,2924.590087890625,0.36344923421985015
2018-10-02,2923.429931640625,-0.03967689102790794
2018-10-03,2925.510009765625,0.07112667367183716
2018-10-04,2901.610107421875,-0.8203035421009814
2018-10-05,2885.570068359375,-0.5543314584622145
2018-10-08,2884.429931640625,-0.039519470834969796
2018-10-09,2880.340087890625,-0.14189098341542977
2018-10-10,2785.679931640625,-3.3416389042602077
2018-10-11,2728.3701171875,-2.078757997254153
2018-10-12,2767.1298828125,1.4106235408376289
2018-10-15,2750.7900390625,-0.5922482291300049
2018-10-16,2809.919921875,2.126782803490127
2018-10-17,2809.2099609375,-0.02526942626648821
2018-10-18,2768.780029296875,-1.4496490575341185
2018-10-19,2767.780029296875,-0.036123513527937905
2018-10-22,2755.8798828125,-0.43087970964778677
2018-10-23,2740.68994140625,-0.5527076180694164
2018-10-24,2656.10009765625,-3.1350773861140837
2018-10-25,2705.570068359375,1.8453717978714166
2018-10-26,2658.68994140625,-1.7479138010003175
2018-10-29,2641.25,-0.658120829519397
2018-10-30,2682.6298828125,1.5545322971877482
2018-10-31,2711.739990234375,1.0792878754571094
2018-11-01,2740.3701171875,1.0502498868529206
2018-11-02,2723.06005859375,-0.6336721055879746
2018-11-05,2738.31005859375,0.5584693697194117
2018-11-06,2755.449951171875,0.6239787744408636
2018-11-07,2813.889892578125,2.0987078560774024
2018-11-08,2806.830078125,-0.2512068988491457
2018-11-09,2781.010009765625,-0.9241585915372431
2018-11-12,2726.219970703125,-1.9898150985467495
2018-11-13,2722.179931640625,-0.14830188221738935
2018-11-14,2701.580078125,-0.7596188818450545
2018-11-15,2730.199951171875,1.053803274264194
2018-11-16,2736.27001953125,0.22208375374839828
2018-11-19,2690.72998046875,-1.6783161235721438
2018-11-20,2641.889892578125,-1.831799555658597
2018-11-21,2649.929931640625,0.30386693107672014
2018-11-23,2632.56005859375,-0.6576419711855616
2018-11-26,2673.449951171875,1.5412975845366428
2018-11-27,2682.169921875,0.3256384364612641
2018-11-28,2743.7900390625,2.271405130311378
2018-11-29,2737.800048828125,-0.21854945453934532
2018-11-30,2760.169921875,0.8137547716617559
2018-12-03,2790.3701171875,1.0882001794362435
2018-12-04,2700.06005859375,-3.290022883855611
2018-12-06,2695.949951171875,-0.15233879141442858
2018-12-07,2633.080078125,-2.359633545632224
2018-12-10,2637.719970703125,0.17606032229163218
2018-12-11,2636.780029296875,-0.03564096753056664
2018-12-12,2651.070068359375,0.5404871010351243
2018-12-13,2650.5400390625,-0.019995031241503897
2018-12-14,2599.949951171875,-1.927121226869981
2018-12-17,2545.93994140625,-2.0992284828576646
2018-12-18,2546.159912109375,0.008639685378910399
2018-12-19,2506.9599609375,-1.55154591759368
2018-12-20,2467.419921875,-1.5897809484103957
2018-12-21,2416.6201171875,-2.080312049854063
2018-12-24,2351.10009765625,-2.748657287831441
2018-12-26,2467.699951171875,4.840317767080503
2018-12-27,2488.830078125,0.8526228968816992
2018-12-28,2485.739990234375,-0.12423539102312722
2018-12-31,2506.85009765625,0.8456625862206875
2019-01-02,2510.030029296875,0.12676930626261643
2019-01-03,2447.889892578125,-2.506833181891511
2019-01-04,2531.93994140625,3.375939906034647
2019-01-07,2549.68994140625,0.6985975995229761
2019-01-08,2574.409912109375,0.9648587336497393
2019-01-09,2584.9599609375,0.40896713328221607
2019-01-10,2596.639892578125,0.4508241374462229
2019-01-11,2596.260009765625,-0.01463085444824661
2019-01-14,2582.610107421875,-0.5271394587249489
2019-01-15,2610.300048828125,1.0664618879761
2019-01-16,2616.10009765625,0.22195205290883643
2019-01-17,2635.9599609375,0.7562730706235749
2019-01-18,2670.7099609375,1.3096912839855779
2019-01-22,2632.89990234375,-1.425847682797247
2019-01-23,2638.699951171875,0.2200489919450871
2019-01-24,2642.330078125,0.1374780110977555
2019-01-25,2664.760009765625,0.8452867700518018
2019-01-28,2643.85009765625,-0.7877775848708899
2019-01-29,2640.0,-0.14573079351148382
2019-01-30,2681.050048828125,1.5429609891560045
2019-01-31,2704.10009765625,0.8560648809767757
2019-02-01,2706.530029296875,0.08982065848071141
2019-02-04,2724.8701171875,0.6753381117479677
2019-02-05,2737.699951171875,0.46973704373501995
2019-02-06,2731.610107421875,-0.2226915717508786
2019-02-07,2706.050048828125,-0.9401193202230232
2019-02-08,2707.8798828125,0.06759725660127
2019-02-11,2709.800048828125,0.07088518038183947
2019-02-12,2744.72998046875,1.2807852902838603
2019-02-13,2753.030029296875,0.3019431593710975
2019-02-14,2745.72998046875,-0.26551633836986216
2019-02-15,2775.60009765625,1.0820004664957539
2019-02-19,2779.760009765625,0.14976213265920058
2019-02-20,2784.699951171875,0.177553356074094
2019-02-21,2774.8798828125,-0.3532669325841389
2019-02-22,2792.669921875,0.6390638694710404
2019-02-25,2796.110107421875,0.12311044497517107
2019-02-26,2793.89990234375,-0.07907696728402984
2019-02-27,2792.3798828125,-0.05441974362980739
2019-02-28,2784.489990234375,-0.2829507598950442
2019-03-01,2803.68994140625,0.6871656588713029
2019-03-04,2792.81005859375,-0.3888107395255168
2019-03-05,2789.64990234375,-0.1132173489706859
2019-03-06,2771.449951171875,-0.6545473604125029
2019-03-07,2748.929931640625,-0.8158911138331157
2019-03-08,2743.070068359375,-0.21339641314536495
2019-03-11,2783.300048828125,1.4559535563489445
2019-03-12,2791.52001953125,0.2948965727805163
2019-03-13,2810.919921875,0.6925546757019283
2019-03-14,2808.47998046875,-0.08683993315961827
2019-03-15,2822.47998046875,0.49725194084307206
2019-03-18,2832.93994140625,0.3699096798908033
2019-03-19,2832.570068359375,-0.013057007992675946
2019-03-20,2824.22998046875,-0.2948696740769673
2019-03-21,2854.8798828125,1.0794015494689355
2019-03-22,2800.7099609375,-1.9156827134273258
2019-03-25,2798.360107421875,-0.0839372833310059
2019-03-26,2818.4599609375,0.7157052947934055
2019-03-27,2805.3701171875,-0.46551432765988704
2019-03-28,2815.43994140625,0.35830547152617265
2019-03-29,2834.39990234375,0.6711706043324668
2019-04-01,2867.18994140625,1.1502195518044496
2019-04-02,2867.239990234375,0.0017455554858152623
2019-04-03,2873.39990234375,0.2146072420089187
2019-04-04,2879.389892578125,0.20824652429942736
2019-04-05,2892.739990234375,0.46257176230991226
2019-04-08,2895.77001953125,0.10469117505236662
2019-04-09,2878.199951171875,-0.6085976435669539
2019-04-10,2888.2099609375,0.3471837754499924
2019-04-11,2888.320068359375,0.0038122340342693697
2019-04-12,2907.409912109375,0.6587578389545727
2019-04-15,2905.580078125,-0.06295672443571088
2019-04-16,2907.06005859375,0.050922832513996215
2019-04-17,2900.449951171875,-0.22764008207388597
2019-04-18,2905.030029296875,0.15778468242496746
2019-04-22,2907.969970703125,0.10115058169329091
2019-04-23,2933.679931640625,0.8802351174995391
2019-04-24,2927.25,-0.21941686030362367
2019-04-25,2926.169921875,-0.036904174027285755
2019-04-26,2939.8798828125,0.4674350323304823
2019-04-29,2943.030029296875,0.10709485042338864
2019-04-30,2945.830078125,0.09509646987914452
2019-05-01,2923.72998046875,-0.753044585029134
2019-05-02,2917.52001953125,-0.21262446486827888
2019-05-03,2945.639892578125,0.959212747891747
2019-05-06,2932.469970703125,-0.4481013189072523
2019-05-07,2884.050048828125,-1.6649488088905522
2019-05-08,2879.419921875,-0.16067153894199682
2019-05-09,2870.719970703125,-0.30259986619282897
2019-05-10,2881.39990234375,0.3713394069918638
2019-05-13,2811.8701171875,-2.4426469138497504
2019-05-14,2834.409912109375,0.7983987523216094
2019-05-15,2850.9599609375,0.5821994327723055
2019-05-16,2876.320068359375,0.8855957116499086
2019-05-17,2859.530029296875,-0.5854437174043804
2019-05-20,2840.22998046875,-0.6772257975405369
2019-05-21,2864.360107421875,0.8459949093190606
2019-05-22,2856.27001953125,-0.2828392363899436
2019-05-23,2822.239990234375,-1.198569224128196
2019-05-24,2826.06005859375,0.13526437720373174
2019-05-28,2802.389892578125,-0.8410950000260243
2019-05-29,2783.02001953125,-0.693591016723137
2019-05-30,2788.860107421875,0.20962726749970373
2019-05-31,2752.06005859375,-1.3283205250452959
2019-06-03,2744.449951171875,-0.2769070654307939
2019-06-04,2803.27001953125,2.1205927081077776
2019-06-05,2826.14990234375,0.8128726978813691
2019-06-06,2843.489990234375,0.6116840676004416
2019-06-07,2873.340087890625,1.0442979247260027
2019-06-10,2886.72998046875,0.46492200747654994
2019-06-11,2885.719970703125,-0.034994145795128585
2019-06-12,2879.840087890625,-0.2039657827237423
2019-06-13,2891.639892578125,0.4089010502850191
2019-06-14,2886.97998046875,-0.16128117861529603
2019-06-17,2889.669921875,0.09313154323528439
2019-06-18,2917.75,0.9670489592970687
2019-06-19,2926.4599609375,0.29807167930238426
2019-06-20,2954.179931640625,0.942760533587314
2019-06-21,2950.4599609375,-0.1260016279727998
2019-06-24,2945.35009765625,-0.1733388460587026
2019-06-25,2917.3798828125,-0.9541775640387554
2019-06-26,2913.780029296875,-0.12346956788039985
2019-06-27,2924.919921875,0.38158857925908474
2019-06-28,2941.760009765625,0.5740941840599626
2019-07-01,2964.330078125,0.7643018610953927
2019-07-02,2973.010009765625,0.2923847276988696
2019-07-03,2995.820068359375,0.7643095660684157
2019-07-05,2990.409912109375,-0.18075342045486648
2019-07-08,2975.949951171875,-0.4847173010123794
2019-07-09,2979.6298828125,0.12357930584538906
2019-07-10,2993.070068359375,0.45005469360826134
2019-07-11,2999.909912109375,0.2282619578948549
2019-07-12,3013.77001953125,0.4609534302066538
2019-07-15,3014.300048828125,0.01758537283841328
2019-07-16,3004.0400390625,-0.3409584555010327
2019-07-17,2984.419921875,-0.6552665466093183
2019-07-18,2995.110107421875,0.35755977088190827
2019-07-19,2976.610107421875,-0.6195889464844692
2019-07-22,2985.030029296875,0.2824701686250326
2019-07-23,3005.469970703125,0.682414513927642
2019-07-24,3019.56005859375,0.4677192813475714
2019-07-25,3003.669921875,-0.5276296483599537
2019-07-26,3025.860107421875,0.7360535770783042
2019-07-29,3020.969970703125,-0.16174219290574365
2019-07-30,3013.179931640625,-0.2581985372044371
2019-07-31,2980.3798828125,-1.0945206952139959
2019-08-01,2953.56005859375,-0.9039527568806016
2019-08-02,2932.050048828125,-0.7309388539565105
2019-08-05,2844.739990234375,-3.0230182169694775
2019-08-06,2881.77001953125,1.2933023911166612
2019-08-07,2883.97998046875,0.07665823338588766
2019-08-08,2938.090087890625,1.8588462466865086
2019-08-09,2918.64990234375,-0.6638593133657111
2019-08-12,2882.699951171875,-1.2393809115915355
2019-08-13,2926.320068359375,1.5018346267301863
2019-08-14,2840.60009765625,-2.973035245453567
2019-08-15,2847.60009765625,0.24612366981802422
2019-08-16,2888.679931640625,1.4323058172245002
2019-08-19,2923.64990234375,1.2033175564397505
2019-08-20,2900.510009765625,-0.7946215312115467
2019-08-21,2924.429931640625,0.8212979557352937
2019-08-22,2922.949951171875,-0.050620295927854005
2019-08-23,2847.110107421875,-2.6288881122837853
2019-08-26,2878.3798828125,1.092311273079789
2019-08-27,2869.159912109375,-0.32083218005562386
2019-08-28,2887.93994140625,0.6524151530562512
2019-08-29,2924.580078125,1.2607482441094398
2019-08-30,2926.4599609375,0.0642580759876775
2019-09-03,2906.27001953125,-0.6923009332685417
2019-09-04,2937.780029296875,1.0783725278421428
2019-09-05,2976.0,1.292591292175976
2019-09-06,2978.7099609375,0.0910190804376786
2019-09-09,2978.429931640625,-0.009401467889992668
2019-09-10,2979.389892578125,0.032225242593101534
2019-09-11,3000.929931640625,0.7203672326387199
2019-09-12,3009.570068359375,0.28750162782333166
2019-09-13,3007.389892578125,-0.07246768769660504
2019-09-16,2997.9599609375,-0.314051291635599
2019-09-17,3005.699951171875,0.25784253724619854
2019-09-18,3006.72998046875,0.034263328426719086
2019-09-19,3006.7900390625,0.0019974521929475905
2019-09-20,2992.070068359375,-0.4907599104880387
2019-09-23,2991.780029296875,-0.009694061782751374
2019-09-24,2966.60009765625,-0.845198896355148
2019-09-25,2984.8701171875,0.6139685241963904
2019-09-26,2977.6201171875,-0.24318710096131907
2019-09-27,2961.7900390625,-0.5330534579128577
2019-09-30,2976.739990234375,0.5034910215248393
2019-10-01,2940.25,-1.2334126945412847
2019-10-02,2887.610107421875,-1.8065404187643832
2019-10-03,2910.6298828125,0.7940304773866788
2019-10-04,2952.010009765625,1.4116785239259273
2019-10-07,2938.7900390625,-0.448835227368152
2019-10-08,2893.06005859375,-1.5683159552109929
2019-10-09,2919.39990234375,0.9063296514845923
2019-10-10,2938.1298828125,0.6395202411782605
2019-10-11,2970.27001953125,1.0879579673789057
2019-10-14,2966.14990234375,-0.13880816732189802
2019-10-15,2995.679931640625,0.9906445376489171
2019-10-16,2989.68994140625,-0.20015445531937331
2019-10-17,2997.949951171875,0.2759021969775287
2019-10-18,2986.199951171875,-0.3927045709799847
2019-10-21,3006.719970703125,0.6848114105333746
2019-10-22,2995.989990234375,-0.3575049258376838
2019-10-23,3004.52001953125,0.2843103345830729
2019-10-24,3010.2900390625,0.1918604659171353
2019-10-25,3022.550048828125,0.4064429510656049
2019-10-28,3039.419921875,0.55658199161177
2019-10-29,3036.889892578125,-0.08327519564807664
2019-10-30,3046.77001953125,0.324808940085731
2019-10-31,3037.56005859375,-0.302743863453909
2019-11-01,3066.909912109375,0.9615930559647514
2019-11-04,3078.27001953125,0.36972458053124274
2019-11-05,3074.6201171875,-0.11864027118206638
2019-11-06,3076.780029296875,0.07022505922896238
2019-11-07,3085.179931640625,0.27263752442806655
2019-11-08,3093.080078125,0.2557403145115828
2019-11-11,3087.010009765625,-0.19643954133371924
2019-11-12,3091.840087890625,0.15634233012630327
2019-11-13,3094.0400390625,0.07112815701162954
2019-11-14,3096.6298828125,0.08366926144567595
2019-11-15,3120.4599609375,0.7666028777973181
2019-11-18,3122.030029296875,0.05030263228096366
2019-11-19,3120.179931640625,-0.05927700996925261
2019-11-20,3108.4599609375,-0.37632564209410674
2019-11-21,3103.5400390625,-0.15840060861895075
2019-11-22,3110.2900390625,0.2172573942375937
2019-11-25,3133.639892578125,0.7479251887467208
2019-11-26,3140.52001953125,0.21931636449402275
2019-11-27,3153.6298828125,0.41657356252997446
2019-11-29,3140.97998046875,-0.40192862299890536
2019-12-02,3113.8701171875,-0.8668483693963605
2019-12-03,3093.199951171875,-0.6660225258045148
2019-12-04,3112.760009765625,0.6303657608769992
2019-12-05,3117.429931640625,0.14991269266302706
2019-12-06,3145.909912109375,0.9094246030426013
2019-12-09,3135.9599609375,-0.3167833684474369
2019-12-10,3132.52001953125,-0.10975361689841293
2019-12-11,3141.6298828125,0.290393752935077
2019-12-12,3168.570068359375,0.8538667375555057
2019-12-13,3168.800048828125,0.007257915021468629
2019-12-16,3191.449951171875,0.7122360942542787
2019-12-17,3192.52001953125,0.03352360284609262
2019-12-18,3191.139892578125,-0.04323936405227425
2019-12-19,3205.3701171875,0.4449378821864254
2019-12-20,3221.219970703125,0.49325958043340984
2019-12-23,3224.010009765625,0.08657687142985108
2019-12-24,3223.3798828125,-0.019546730246814043
2019-12-26,3239.909912109375,0.5115062410053991
2019-12-27,3240.02001953125,0.0033984139657930305
2019-12-30,3221.2900390625,-0.5797596079349905
2019-12-31,3230.780029296875,0.29416906441907187
2020-01-02,3257.85009765625,0.8343895362316707
2020-01-03,3234.85009765625,-0.7084909364954552
2020-01-06,3246.280029296875,0.3527145194272564
2020-01-07,3237.179931640625,-0.28071750845948407
2020-01-08,3253.050048828125,0.4890473485641129
2020-01-09,3274.699951171875,0.6633214116906491
2020-01-10,3265.35009765625,-0.28592624875049016
2020-01-13,3288.1298828125,0.6951994045933256
2020-01-14,3283.14990234375,-0.15156808368957203
2020-01-15,3289.2900390625,0.18684502436879627
2020-01-16,3316.81005859375,0.8331747422232019
2020-01-17,3329.6201171875,0.3854723247485144
2020-01-21,3320.7900390625,-0.2655500369585384
2020-01-22,3321.75,0.028903429668107473
2020-01-23,3325.5400390625,0.11403261933582409
2020-01-24,3295.469970703125,-0.9083289426193788
2020-01-27,3243.6298828125,-1.5855752356844035
2020-01-28,3276.239990234375,1.0003383500352516
2020-01-29,3273.39990234375,-0.08672501435846315
2020-01-30,3283.659912109375,0.312945693021106
2020-01-31,3225.52001953125,-1.7864443571362951
2020-02-03,3248.919921875,0.7228425761232584
2020-02-04,3297.590087890625,1.486931591750606
2020-02-05,3334.68994140625,1.1187778658972936
2020-02-06,3345.780029296875,0.3320155057001924
2020-02-07,3327.7099609375,-0.5415491009458352
2020-02-10,3352.090087890625,0.7299690120573207
2020-02-11,3357.75,0.16870486860021178
2020-02-12,3379.449951171875,0.6441853105203067
2020-02-13,3373.93994140625,-0.16317763599886592
2020-02-14,3380.159912109375,0.18418360984854143
2020-02-18,3370.2900390625,-0.29242139861477134
2020-02-19,3386.14990234375,0.4694748284284925
2020-02-20,3373.22998046875,-0.38228174279975285
2020-02-21,3337.75,-1.0573809232819777
2020-02-24,3225.889892578125,-3.408807942044074
2020-02-25,3128.2099609375,-3.0747904375353223
2020-02-26,3116.389892578125,-0.37856973235300295
2020-02-27,2978.760009765625,-4.516813635226115
2020-02-28,2954.219970703125,-0.8272463109653078
2020-03-02,3090.22998046875,4.50108687694132
2020-03-03,3003.3701171875,-2.851048492291458
2020-03-04,3130.1201171875,4.133634936063314
2020-03-05,3023.93994140625,-3.4510782439981122
2020-03-06,2972.3701171875,-1.720094365238617
2020-03-09,2746.56005859375,-7.901041294037148
2020-03-10,2882.22998046875,4.821505242585911
2020-03-11,2741.3798828125,-5.01028928086054
2020-03-12,2480.639892578125,-9.994485240247352
2020-03-13,2711.02001953125,8.880840694923595
2020-03-16,2386.1298828125,-12.765219747281742
2020-03-17,2529.18994140625,5.822631263569171
2020-03-18,2398.10009765625,-5.322227233208024
2020-03-19,2409.389892578125,0.4696760970401053
2020-03-20,2304.919921875,-4.432762405336681
2020-03-23,2237.39990234375,-2.973150100957679
2020-03-24,2447.330078125,8.968323251796326
2020-03-25,2475.56005859375,1.1468990420822227
2020-03-26,2630.070068359375,6.054383107424656
2020-03-27,2541.469970703125,-3.4267845541626296
2020-03-30,2626.64990234375,3.296659056997479
2020-03-31,2584.590087890625,-1.6142310788415843
2020-04-01,2470.5,-4.514636273278691
2020-04-02,2526.89990234375,2.2572657056960366
2020-04-03,2488.64990234375,-1.5252860825944299
2020-04-06,2663.679931640625,6.796824414483035
2020-04-07,2659.409912109375,-0.1604339048362459
2020-04-08,2749.97998046875,3.3489371191284687
2020-04-09,2789.820068359375,1.438347030369934
2020-04-13,2761.6298828125,-1.015605944467711
2020-04-14,2846.06005859375,3.0114559572307567
2020-04-15,2783.360107421875,-2.227673267236925
2020-04-16,2799.550048828125,0.5799837839541289
2020-04-17,2874.56005859375,2.6440932021320576
2020-04-20,2823.159912109375,-1.8042845615347773
2020-04-21,2736.56005859375,-3.115511523633067
2020-04-22,2799.31005859375,2.267130058213675
2020-04-23,2797.800048828125,-0.053956766019559635
2020-04-24,2836.739990234375,1.3822090566839216
2020-04-27,2878.47998046875,1.4606868181735997
2020-04-28,2863.389892578125,-0.5256170190483643
2020-04-29,2939.510009765625,2.623670404507307
2020-04-30,2912.429931640625,-0.9255143319054838
2020-05-01,2830.7099609375,-2.8460211014775956
2020-05-04,2842.739990234375,0.42408225788494014
2020-05-05,2868.43994140625,0.8999935197779801
2020-05-06,2848.419921875,-0.7003880399042588
2020-05-07,2881.18994140625,1.1438955754890805
2020-05-08,2929.800048828125,1.6730795065226245
2020-05-11,2930.18994140625,0.013306936679076441
2020-05-12,2870.1201171875,-2.0713365772047605
2020-05-13,2820.0,-1.7616996624280044
2020-05-14,2852.5,1.1458917804071491
2020-05-15,2863.699951171875,0.3918675203723029
2020-05-18,2953.909912109375,3.1015208770073426
2020-05-19,2922.93994140625,-1.0539747711599283
2020-05-20,2971.610107421875,1.6513990613415699
2020-05-21,2948.510009765625,-0.7803968309953686
2020-05-22,2955.449951171875,0.23509456868123663
2020-05-26,2991.77001953125,1.2214285021460518
2020-05-27,3036.1298828125,1.4718447490314346
2020-05-28,3029.72998046875,-0.21101393249195488
2020-05-29,3044.31005859375,0.4800793552307952
2020-06-01,3055.72998046875,0.3744216478364391
2020-06-02,3080.820068359375,0.8177307282398658
2020-06-03,3122.8701171875,1.355667081256392
2020-06-04,3112.35009765625,-0.3374389083608904
2020-06-05,3193.929931640625,2.5874012821635812
2020-06-08,3232.389892578125,1.1969656405806002
2020-06-09,3207.179931640625,-0.7829743419721977
2020-06-10,3190.139892578125,-0.5327255735182077
2020-06-11,3002.10009765625,-6.075269299628893
2020-06-12,3041.31005859375,1.297628660521173
2020-06-15,3066.590087890625,0.827786081817526
2020-06-16,3124.739990234375,1.8784852866710526
2020-06-17,3113.489990234375,-0.3606796232629414
2020-06-18,3115.340087890625,0.059404340380175724
2020-06-19,3097.739990234375,-0.5665513565673728
2020-06-22,3117.860107421875,0.6474093296658384
2020-06-23,3131.2900390625,0.4298169191483789
2020-06-24,3050.330078125,-2.61952655956623
2020-06-25,3083.760009765625,1.089982772821816
2020-06-26,3009.050048828125,-2.4525204274831163
2020-06-29,3053.239990234375,1.457888811353358
2020-06-30,3100.2900390625,1.5292349435755561
2020-07-01,3115.860107421875,0.5009563975870565
2020-07-02,3130.010009765625,0.45309704768169146
2020-07-06,3179.719970703125,1.575693083216329
2020-07-07,3145.320068359375,-1.0877477869643568
2020-07-08,3169.93994140625,0.7796986263430269
2020-07-09,3152.050048828125,-0.5659591476194623
2020-07-10,3185.0400390625,1.0411809774443004
2020-07-13,3155.219970703125,-0.9406645216058874
2020-07-14,3197.52001953125,1.331730058290395
2020-07-15,3226.56005859375,0.9041056936355047
2020-07-16,3215.570068359375,-0.34119152141152376
2020-07-17,3224.72998046875,0.28445625875835606
2020-07-20,3251.840087890625,0.8371797255140334
2020-07-21,3257.300048828125,0.16776293345600682
2020-07-22,3276.02001953125,0.5730630594473862
2020-07-23,3235.659912109375,-1.2396378412246847
2020-07-24,3215.6298828125,-0.6209640024276134
2020-07-27,3239.409912109375,0.7367928821482372
2020-07-28,3218.43994140625,-0.6494435418646306
2020-07-29,3258.43994140625,1.2351783351742582
2020-07-30,3246.219970703125,-0.37573017634548517
2020-07-31,3271.1201171875,0.7641236242176269
2020-08-03,3294.610107421875,0.7155362664358673
2020-08-04,3306.510009765625,0.36054230261335574
2020-08-05,3327.77001953125,0.6409160435517922
2020-08-06,3349.159912109375,0.6407126020664802
2020-08-07,3351.280029296875,0.06328292699566697
2020-08-10,3360.469970703125,0.2738465273391921
2020-08-11,3333.68994140625,-0.8001055401377297
2020-08-12,3380.35009765625,1.3899502293613535
2020-08-13,3373.429931640625,-0.2049272676156681
2020-08-14,3372.85009765625,-0.017189739627902923
2020-08-17,3381.989990234375,0.27061775074234556
2020-08-18,3389.780029296875,0.23007404198168474
2020-08-19,3374.85009765625,-0.44141233451820183
2020-08-20,3385.510009765625,0.31536547683461336
2020-08-21,3397.159912109375,0.34351999829724666
2020-08-24,3431.280029296875,0.9993615364903508
2020-08-25,3443.6201171875,0.3589899745540117
2020-08-26,3478.72998046875,1.0144001344841498
2020-08-27,3484.550048828125,0.16716460318091383
2020-08-28,3508.010009765625,0.6710002849570254
2020-08-31,3500.31005859375,-0.2197375175508541
2020-09-01,3526.64990234375,0.7496831420705943
2020-09-02,3580.840087890625,1.5249050143869731
2020-09-03,3455.06005859375,-3.5757594142185303
2020-09-04,3426.9599609375,-0.8166280754275103
2020-09-08,3331.840087890625,-2.8148829086466787
2020-09-09,3398.9599609375,1.9944760662180385
2020-09-10,3339.18994140625,-1.7741245925395586
2020-09-11,3340.969970703125,0.05329301580873495
2020-09-14,3383.5400390625,1.266133502502299
2020-09-15,3401.199951171875,0.5205785930499657
2020-09-16,3385.489990234375,-0.46296468921518347
2020-09-17,3357.010009765625,-0.8447949528552456
2020-09-18,3319.469970703125,-1.1245576947828506
2020-09-21,3281.06005859375,-1.1638564027297718
2020-09-22,3315.570068359375,1.0463016398376153
2020-09-23,3236.919921875,-2.400733891437413
2020-09-24,3246.590087890625,0.29830055546290507
2020-09-25,3298.4599609375,1.5850439224188495
2020-09-28,3351.60009765625,1.59821918538544
2020-09-29,3335.469970703125,-0.48242827044439973
2020-09-30,3363.0,0.8219842568379611
2020-10-01,3380.800048828125,0.5278949564295078
2020-10-02,3348.419921875,-0.9623812866370861
2020-10-05,3408.60009765625,1.7813109002900933
2020-10-06,3360.969970703125,-1.4072064387523204
2020-10-07,3419.43994140625,1.7247163770241565
2020-10-08,3446.830078125,0.7978212894869287
2020-10-09,3477.139892578125,0.8755095180752878
2020-10-12,3534.219970703125,1.6282530158324222
2020-10-13,3511.929931640625,-0.6326891629163268
2020-10-14,3488.669921875,-0.6645172084059406
2020-10-15,3483.340087890625,-0.1528923514213078
2020-10-16,3483.81005859375,0.013491045663045577
2020-10-19,3426.919921875,-1.6464663514942677
2020-10-20,3443.1201171875,0.47161953200011275
2020-10-21,3435.56005859375,-0.21981140115702774
2020-10-22,3453.489990234375,0.5205354003491341
2020-10-23,3465.389892578125,0.3439838320389479
2020-10-26,3400.969970703125,-1.8764472985322012
2020-10-27,3390.679931640625,-0.3030205350445511
2020-10-28,3271.030029296875,-3.592554210857772
2020-10-29,3310.110107421875,1.1876524939997442
2020-10-30,3269.9599609375,-1.2203713445259963
2020-11-02,3310.239990234375,1.2242950890591666
2020-11-03,3369.159912109375,1.7642737684077832
2020-11-04,3443.43994140625,2.1807525655091706
2020-11-05,3510.449951171875,1.927326577670128
2020-11-06,3509.43994140625,-0.028775658537381985
2020-11-09,3550.5,1.1631974746344154
2020-11-10,3545.530029296875,-0.1400775220867666
2020-11-11,3572.659912109375,0.7622728362991461
2020-11-12,3537.010009765625,-1.002865154706935
2020-11-13,3585.14990234375,1.3518546706294008
2020-11-16,3626.909912109375,1.1580734922832603
2020-11-17,3609.530029296875,-0.4803443784647531
2020-11-18,3567.7900390625,-1.1631210647481314
2020-11-19,3581.8701171875,0.3938675690732779
2020-11-20,3557.5400390625,-0.6815737372918576
2020-11-23,3577.590087890625,0.5620108181849692
2020-11-24,3635.409912109375,1.6032458814031776
2020-11-25,3629.64990234375,-0.15856747555094064
2020-11-27,3638.35009765625,0.2394111025901136
2020-11-30,3621.6298828125,-0.46061406369720065
2020-12-01,3662.449951171875,1.1208140661592922
2020-12-02,3669.010009765625,0.17895645286042844
2020-12-03,3666.719970703125,-0.06243520802942291
2020-12-04,3699.1201171875,0.8797463715186881
2020-12-07,3691.9599609375,-0.1937513438963252
2020-12-08,3702.25,0.2783271170170473
2020-12-09,3672.820068359375,-0.7980964948471709
2020-12-10,3668.10009765625,-0.12859345277717227
2020-12-11,3663.4599609375,-0.1265798084232835
2020-12-14,3647.489990234375,-0.43687882451469584
2020-12-15,3694.6201171875,1.2838482022218645
2020-12-16,3701.169921875,0.17712256203230642
2020-12-17,3722.47998046875,0.5741142808983284
2020-12-18,3709.409912109375,-0.3517296952148704
2020-12-21,3694.919921875,-0.3913928486909485
2020-12-22,3687.260009765625,-0.20752446917703607
2020-12-23,3690.010009765625,0.07455332718186887
2020-12-24,3703.06005859375,0.35303499794869525
2020-12-28,3735.360107421875,0.8684707538411499
2020-12-29,3727.0400390625,-0.22298648272786972
2020-12-30,3732.0400390625,0.13406480950792155
2020-12-31,3756.070068359375,0.6418204711703793
2021-01-04,3700.64990234375,-1.4864762712025787
2021-01-05,3726.860107421875,0.7057631383362026
2021-01-06,3748.139892578125,0.5693603382474094
2021-01-07,3803.7900390625,1.4738260107752972
2021-01-08,3824.679931640625,0.5476837393515369
2021-01-11,3799.610107421875,-0.6576327616621317
2021-01-12,3801.18994140625,0.041570203056956405
2021-01-13,3809.840087890625,0.22730563867261075
2021-01-14,3795.5400390625,-0.3760513068743101
2021-01-15,3768.25,-0.7216000798278505
2021-01-19,3798.909912109375,0.8103457635761656
2021-01-20,3851.85009765625,1.3839417376510863
2021-01-21,3853.070068359375,0.03166731613135491
2021-01-22,3841.469970703125,-0.30151526629377107
2021-01-25,3855.360107421875,0.36093175130174654
2021-01-26,3849.6201171875,-0.1489943161153501
2021-01-27,3750.77001953125,-2.601331512610035
2021-01-28,3787.3798828125,0.9713298778760395
2021-01-29,3714.239990234375,-1.9500377654792
2021-02-01,3773.860107421875,1.5924300234678626
2021-02-02,3826.31005859375,1.3802528814310624
2021-02-03,3830.169921875,0.10082606153447803
2021-02-04,3871.739990234375,1.0794847643921974
2021-02-05,3886.830078125,0.3889919607763825
2021-02-08,3915.590087890625,0.7372107476289037
2021-02-09,3911.22998046875,-0.11141454217211749
2021-02-10,3909.8798828125,-0.03452445223915674
2021-02-11,3916.3798828125,0.16610748145877074
2021-02-12,3934.830078125,0.46999709261626077
2021-02-16,3932.590087890625,-0.056943451541546654
2021-02-17,3931.330078125,-0.032045334891695004
2021-02-18,3913.969970703125,-0.4425614227243303
2021-02-19,3906.7099609375,-0.18566190956649256
2021-02-22,3876.5,-0.7762892893710862
2021-02-23,3881.3701171875,0.12555296115265333
2021-02-24,3925.429931640625,1.1287667670985946
2021-02-25,3829.340087890625,-2.478339442417185
2021-02-26,3811.14990234375,-0.47615322937987775
2021-03-01,3901.820068359375,2.3512173225693522
2021-03-02,3870.2900390625,-0.8113678739508763
2021-03-03,3819.719970703125,-1.315233589480116
2021-03-04,3768.469970703125,-1.3508038064390469
2021-03-05,3841.93994140625,1.9308356338709187
2021-03-08,3821.35009765625,-0.537364322402543
2021-03-09,3875.43994140625,1.4055400743930568
2021-03-10,3898.81005859375,0.6012203770988197
2021-03-11,3939.340087890625,1.0341825500657609
2021-03-12,3943.340087890625,0.10148833275308508
2021-03-15,3968.93994140625,0.6470939539413049
2021-03-16,3962.7099609375,-0.15709169785959107
2021-03-17,3974.1201171875,0.28752446501592593
2021-03-18,3915.4599609375,-1.4870560065947798
2021-03-19,3913.10009765625,-0.06028856737550234
2021-03-22,3940.590087890625,0.7000556898342752
2021-03-23,3910.52001953125,-0.7660118119334028
2021-03-24,3889.139892578125,-0.5482336600348829
2021-03-25,3909.52001953125,0.522658343272929
2021-03-26,3974.5400390625,1.6494418658716574
2021-03-29,3971.090087890625,-0.0868389626386738
2021-03-30,3958.550048828125,-0.3162829409650029
2021-03-31,3972.889892578125,0.3615953592419885
2021-04-01,4019.8701171875,1.1755830427674128
2021-04-05,4077.909912109375,1.43349877622439
2021-04-06,4073.93994140625,-0.09740049407969285
2021-04-07,4079.949951171875,0.14741456981068138
2021-04-08,4097.169921875,0.42117509405917747
2021-04-09,4128.7998046875,0.7690288135687275
2021-04-12,4127.990234375,-0.01960980747395339
2021-04-13,4141.58984375,0.3289071877062569
2021-04-14,4124.66015625,-0.4096104320730151
2021-04-15,4170.419921875,1.1033101401119478
2021-04-16,4185.47021484375,0.3602323390517967
2021-04-19,4163.259765625,-0.5320689893757947
2021-04-20,4134.93994140625,-0.6825561005077803
2021-04-21,4173.419921875,0.9263020919853235
2021-04-22,4134.97998046875,-0.9253337860554323
2021-04-23,4180.169921875,1.086940989553096
2021-04-26,4187.6201171875,0.1780684564582624
2021-04-27,4186.72021484375,-0.02149189814442344
2021-04-28,4183.18017578125,-0.08458975873960478
2021-04-29,4211.47021484375,0.6740041536702409
2021-04-30,4181.169921875,-0.7220713417119827
2021-05-03,4192.66015625,0.2744321649512167
2021-05-04,4164.66015625,-0.670073748984723
2021-05-05,4167.58984375,0.07032164471135163
2021-05-06,4201.6201171875,0.8132299498632055
2021-05-07,4232.60009765625,0.7346291419186352
2021-05-10,4188.43017578125,-1.0490480503138024
2021-05-11,4152.10009765625,-0.8711750141781542
2021-05-12,4063.0400390625,-2.1682782358302415
2021-05-13,4112.5,1.2099644578094055
2021-05-14,4173.85009765625,1.480777856362363
2021-05-17,4163.2900390625,-0.2533258183961915
2021-05-18,4127.830078125,-0.85537723840327
2021-05-19,4115.68017578125,-0.29477518113784107
2021-05-20,4159.1201171875,1.049942933450842
2021-05-21,4155.85986328125,-0.07841880752528091
2021-05-24,4197.0498046875,0.9862497481216075
2021-05-25,4188.1298828125,-0.21275454008285988
2021-05-26,4195.990234375,0.18750575506104544
2021-05-27,4200.8798828125,0.1164636089862995
2021-05-28,4204.10986328125,0.0768586452887337
2021-06-01,4202.0400390625,-0.04924547586291649
2021-06-02,4208.1201171875,0.14458890369002922
2021-06-03,4192.85009765625,-0.36353030560493194
2021-06-04,4229.89013671875,0.8795303383016323
2021-06-07,4226.52001953125,-0.07970562694215079
2021-06-08,4227.259765625,0.01750095494412116
2021-06-09,4219.5498046875,-0.18255325906156836
2021-06-10,4239.18017578125,0.4641454776462911
2021-06-11,4247.43994140625,0.19465389328083602
2021-06-14,4255.14990234375,0.18135563851361702
2021-06-15,4246.58984375,-0.201371995427588
2021-06-16,4223.7001953125,-0.5404703747026491
2021-06-17,4221.85986328125,-0.04358105436726477
2021-06-18,4166.4501953125,-1.3211355687284159
2021-06-21,4224.7900390625,1.3905163512319856
2021-06-22,4246.43994140625,0.5111406378990612
2021-06-23,4241.83984375,-0.10838705186495853
2021-06-24,4266.490234375,0.5794429545916893
2021-06-25,4280.7001953125,0.3325063164687565
2021-06-28,4290.60986328125,0.23122888604717495
2021-06-29,4291.7998046875,0.02772977426878152
2021-06-30,4297.5,0.13272784229071918
2021-07-01,4319.93994140625,0.5208041432254744
2021-07-02,4352.33984375,0.7472095894691672
2021-07-06,4343.5400390625,-0.20239027700217788
2021-07-07,4358.1298828125,0.3353346553662935
2021-07-08,4320.81982421875,-0.8597881009556395
2021-07-09,4369.5498046875,1.1214825902413765
2021-07-12,4384.6298828125,0.344523269559405
2021-07-13,4369.2099609375,-0.3523011181165584
2021-07-14,4374.2998046875,0.11642565654693257
2021-07-15,4360.02978515625,-0.3267573562745912
2021-07-16,4327.16015625,-0.7567415006813216
2021-07-19,4258.490234375,-1.5996781399983977
2021-07-20,4323.06005859375,1.50488060047999
2021-07-21,4358.68994140625,0.8208041662144043
2021-07-22,4367.47998046875,0.20146392092429752
2021-07-23,4411.7900390625,1.0094332386254414
2021-07-26,4422.2998046875,0.23793669227295927
2021-07-27,4401.4599609375,-0.47235833821780027
2021-07-28,4400.64013671875,-0.0186279231552706
2021-07-29,4419.14990234375,0.4197331845272641
2021-07-30,4395.259765625,-0.5420713608261166
2021-08-02,4387.16015625,-0.1844505670060361
2021-08-03,4423.14990234375,0.8169961338918061
2021-08-04,4402.66015625,-0.4643150661295458
2021-08-05,4429.10009765625,0.5987485990419112
2021-08-06,4436.52001953125,0.16738645485288822
2021-08-09,4432.35009765625,-0.09403502649549345
2021-08-10,4436.75,0.09921869538634502
2021-08-11,4442.41015625,0.12749307180154837
2021-08-12,4460.830078125,0.413780773547866
2021-08-13,4468.0,0.16060163209228442
2021-08-16,4479.7099609375,0.26174222619943593
2021-08-17,4448.080078125,-0.708574350713799
2021-08-18,4400.27001953125,-1.080665284525433
2021-08-19,4405.7998046875,0.1255903256156918
2021-08-20,4441.669921875,0.810860389074176
2021-08-23,4479.52978515625,0.8487667984412182
2021-08-24,4486.22998046875,0.1494618801962072
2021-08-25,4496.18994140625,0.22176574032508797
2021-08-26,4470.0,-0.5841949827602656
2021-08-27,4509.3701171875,0.8769071540452218
2021-08-30,4528.7900390625,0.42973241068746004
2021-08-31,4522.68017578125,-0.13500269158932096
2021-09-01,4524.08984375,0.031164006095334113
2021-09-02,4536.9501953125,0.2838605754404257
2021-09-03,4535.43017578125,-0.03350872611813474
2021-09-07,4520.02978515625,-0.34013524523203464
2021-09-08,4514.06982421875,-0.1319436813816666
2021-09-09,4493.27978515625,-0.4616247150002522
2021-09-10,4458.580078125,-0.77525522862761
2021-09-13,4468.72998046875,0.22739003463696442
2021-09-14,4443.0498046875,-0.5763213966258605
2021-09-15,4480.7001953125,0.8438294222079725
2021-09-16,4473.75,-0.15523447127638307
2021-09-17,4432.990234375,-0.91526302757993
2021-09-20,4357.72998046875,-1.7123077726381843
2021-09-21,4354.18994140625,-0.08126886585469564
2021-09-22,4395.64013671875,0.9474585224220085
2021-09-23,4448.97998046875,1.206168036993597
2021-09-24,4455.47998046875,0.14599428113642637
2021-09-27,4443.10986328125,-0.2780243920187674
2021-09-28,4352.6298828125,-2.0574317739894057
2021-09-29,4359.4599609375,0.15679543362838072
2021-09-30,4307.5400390625,-1.1981202945014902
2021-10-01,4357.0400390625,1.1425952113334161
2021-10-04,4300.4599609375,-1.3070952048643705
2021-10-05,4345.72021484375,1.0469517498601526
2021-10-06,4363.5498046875,0.40943993496248243
2021-10-07,4399.759765625,0.8264039225065405
2021-10-08,4391.33984375,-0.19155566024214524
2021-10-11,4361.18994140625,-0.6889441644339833
2021-10-12,4350.64990234375,-0.24197056865549257
2021-10-13,4363.7998046875,0.3017955870231918
2021-10-14,4438.259765625,1.6919162285711566
2021-10-15,4471.3701171875,0.7432520637190081
2021-10-18,4486.4599609375,0.3369087801803826
2021-10-19,4519.6298828125,0.7366142784235753
2021-10-20,4536.18994140625,0.36573335985606886
2021-10-21,4549.77978515625,0.2991393168360022
2021-10-22,4544.89990234375,-0.10731292246643565
2021-10-25,4566.47998046875,0.4736959440853509
2021-10-26,4574.7900390625,0.18181414322441136
2021-10-27,4551.68017578125,-0.506437037110553
2021-10-28,4596.419921875,0.9781288424184026
2021-10-29,4605.3798828125,0.19474372317175562
2021-11-01,4613.669921875,0.17984589459023884
2021-11-02,4630.64990234375,0.3673607120388547
2021-11-03,4660.56982421875,0.644049461289024
2021-11-04,4680.06005859375,0.41732223428170356
2021-11-05,4697.52978515625,0.3725850045284445
2021-11-08,4701.7001953125,0.08873940607025194
2021-11-09,4685.25,-0.35049109264001277
2021-11-10,4646.7099609375,-0.8259842163861059
2021-11-11,4649.27001953125,0.05507883329889288
2021-11-12,4682.85009765625,0.7196697564130407
2021-11-15,4682.7998046875,-0.0010739878017001878
2021-11-16,4700.89990234375,0.3857779057126637
2021-11-17,4688.669921875,-0.2605015482895879
2021-11-18,4704.5400390625,0.3379064740171914
2021-11-19,4697.9599609375,-0.1399644604988097
2021-11-22,4682.93994140625,-0.3202258316960725
2021-11-23,4690.7001953125,0.1655761383195201
2021-11-24,4701.4599609375,0.22912237766672797
2021-11-26,4594.6201171875,-2.2987011159321162
2021-11-29,4655.27001953125,1.3113836082824228
2021-11-30,4567.0,-1.9143381187850563
2021-12-01,4513.0400390625,-1.1885541457955926
2021-12-02,4577.10009765625,1.4094638396057768
2021-12-03,4538.43017578125,-0.848445514173865
2021-12-06,4591.669921875,1.166259930968614
2021-12-07,4686.75,2.0495603186252547
2021-12-08,4701.2099609375,0.3080535586585806
2021-12-09,4667.4501953125,-0.7206988232523656
2021-12-10,4712.02001953125,0.9503769118209724
2021-12-13,4668.97021484375,-0.9178158342793815
2021-12-14,4634.08984375,-0.7498722854623672
2021-12-15,4709.85009765625,1.6216267351890876
2021-12-16,4668.669921875,-0.8781863311112446
2021-12-17,4620.64013671875,-1.034096458405368
2021-12-20,4568.02001953125,-1.145339832325659
2021-12-21,4649.22998046875,1.7621755385195486
2021-12-22,4696.56005859375,1.0128728029127596
2021-12-23,4725.7900390625,0.6204412685251626
2021-12-27,4791.18994140625,1.3744051573605864
2021-12-28,4786.35009765625,-0.10106653988873737
2021-12-29,4793.06005859375,0.14009134018576785
2021-12-30,4778.72998046875,-0.2994233841904309
2021-12-31,4766.18017578125,-0.26296343734744393
2022-01-03,4796.56005859375,0.6353824170388397
2022-01-04,4793.5400390625,-0.06298202522032699
2022-01-05,4700.580078125,-1.9583264304501073
2022-01-06,4696.0498046875,-0.09642337401809882
2022-01-07,4677.02978515625,-0.4058441082336512
2022-01-10,4670.2900390625,-0.14420705375388979
2022-01-11,4713.06982421875,0.9118286452399373
2022-01-12,4726.35009765625,0.281379201466707
2022-01-13,4659.02978515625,-1.4346029234400532
2022-01-14,4662.85009765625,0.08196442695905652
2022-01-18,4577.10986328125,-1.85591053980085
2022-01-19,4532.759765625,-0.9736790941460195
2022-01-20,4482.72998046875,-1.1098742304330733
2022-01-21,4397.93994140625,-1.9095995324635426
2022-01-24,4410.1298828125,0.27679047582695165
2022-01-25,4356.4501953125,-1.2246590556866266
2022-01-26,4349.93017578125,-0.14977569258856588
2022-01-27,4326.509765625,-0.5398635199970924
2022-01-28,4431.85009765625,2.4055967914736693
2022-01-31,4515.5498046875,1.8709826222984445
2022-02-01,4546.5400390625,0.6839560348317066
2022-02-02,4589.3798828125,0.9378400448324454
2022-02-03,4477.43994140625,-2.4693471720120654
2022-02-04,4500.52978515625,0.5143678439863626
2022-02-07,4483.8701171875,-0.3708580927828488
2022-02-08,4521.5400390625,0.836611346663433
2022-02-09,4587.18017578125,1.4412842079264785
2022-02-10,4504.080078125,-1.828182448505601
2022-02-11,4418.64013671875,-1.9151682638086527
2022-02-14,4401.669921875,-0.38479907556283144
2022-02-15,4471.06982421875,1.5643717646064172
2022-02-16,4475.009765625,0.08808197202838003
2022-02-17,4380.259765625,-2.1400504136936647
2022-02-18,4348.8701171875,-0.7191961663866342
2022-02-22,4304.759765625,-1.0194735435016016
2022-02-23,4225.5,-1.858373574878844
2022-02-24,4288.7001953125,1.4846105252724002
2022-02-25,4384.64990234375,2.2126080551265788
2022-02-28,4373.93994140625,-0.24455914631261144
2022-03-01,4306.259765625,-1.5594467786613053
2022-03-02,4386.5400390625,1.8471046780652183
2022-03-03,4363.490234375,-0.5268520744245652
2022-03-04,4328.8701171875,-0.7965684543001903
2022-03-07,4201.08984375,-2.9962586814416494
2022-03-08,4170.7001953125,-0.7260043975698096
2022-03-09,4277.8798828125,2.537359812214112
2022-03-10,4259.52001953125,-0.43010499202472086
2022-03-11,4204.31005859375,-1.3046278933238145
2022-03-14,4173.10986328125,-0.7448675095533314
2022-03-15,4262.4501953125,2.1182629724144966
2022-03-16,4357.85986328125,2.2136921648393444
2022-03-17,4411.669921875,1.2272205068700268
2022-03-18,4463.1201171875,1.1594814411888112
2022-03-21,4461.18017578125,-0.043475485430145955
2022-03-22,4511.60986328125,1.1240699554074212
2022-03-23,4456.240234375,-1.2348630252495207
2022-03-24,4520.16015625,1.4242012281618024
2022-03-25,4543.06005859375,0.5053380704237665
2022-03-28,4575.52001953125,0.7119551020042568
2022-03-29,4631.60009765625,1.218204410139109
2022-03-30,4602.4501953125,-0.6313588999088777
2022-03-31,4530.41015625,-1.5776335226881761
2022-04-01,4545.85986328125,0.3404420961463028
2022-04-04,4582.64013671875,0.8058382532133648
2022-04-05,4525.1201171875,-1.2631159074005371
2022-04-06,4481.14990234375,-0.9764433912479722
2022-04-07,4500.2099609375,0.4244365552037262
2022-04-08,4488.27978515625,-0.26545466755523944
2022-04-11,4412.52978515625,-1.7021334584696128
2022-04-12,4397.4501953125,-0.3423300530452235
2022-04-13,4446.58984375,1.1112603268901935
2022-04-14,4392.58984375,-1.2218480383508163
2022-04-18,4391.68994140625,-0.02048892724065068
2022-04-19,4462.2099609375,1.5930044749386651
2022-04-20,4459.4501953125,-0.06186664061825758
2022-04-21,4393.66015625,-1.4862855551311067
2022-04-22,4271.77978515625,-2.8132076377366966
2022-04-25,4296.1201171875,0.5681765144111809
2022-04-26,4175.2001953125,-2.8550008928597754
2022-04-27,4183.9599609375,0.20958490249645953
2022-04-28,4287.5,2.4445655340832175
2022-04-29,4131.93017578125,-3.6959159784694147
2022-05-02,4155.3798828125,0.5659199293818601
2022-05-03,4175.47998046875,0.4825465075359521
2022-05-04,4300.169921875,2.942522155732583
2022-05-05,4146.8701171875,-3.630067756409906
2022-05-06,4123.33984375,-0.569038441395277
2022-05-09,3991.239990234375,-3.256151953960419
2022-05-10,4001.050048828125,0.2454881760409255
2022-05-11,3935.179931640625,-1.6600232095697796
2022-05-12,3930.080078125,-0.12968049941124407
2022-05-13,4023.889892578125,2.358926795686944
2022-05-16,4008.010009765625,-0.3954208517722458
2022-05-17,4088.85009765625,1.996891958146264
2022-05-18,3923.679931640625,-4.123380929124887
2022-05-19,3900.7900390625,-0.585086477734781
2022-05-20,3901.360107421875,0.01461310919903067
2022-05-23,3973.75,1.8384995412060758
2022-05-24,3941.47998046875,-0.815395090355808
2022-05-25,3978.72998046875,0.9406385648931586
2022-05-26,4057.840087890625,1.9688166007720866
2022-05-27,4158.240234375,2.4441130195822014
2022-05-31,4132.14990234375,-0.6294135193666944
2022-06-01,4101.22998046875,-0.751090504115545
2022-06-02,4176.81982421875,1.8263225415545106
2022-06-03,4108.5400390625,-1.6482405609817057
2022-06-06,4121.43017578125,0.31324894070360254
2022-06-07,4160.68017578125,0.9478331531719839
2022-06-08,4115.77001953125,-1.0852623040155318
2022-06-09,4017.820068359375,-2.408645766515553
2022-06-10,3900.860107421875,-2.9542414811409476
2022-06-13,3749.6298828125,-3.9539931990039934
2022-06-14,3735.47998046875,-0.3780818039489633
2022-06-15,3789.989990234375,1.4487058836534477
2022-06-16,3666.77001953125,-3.3052207113840666
2022-06-17,3674.840087890625,0.21984473410133873
2022-06-21,3764.7900390625,2.4182474960671994
2022-06-22,3759.889892578125,-0.13024200953574458
2022-06-23,3795.72998046875,0.9487072485556519
2022-06-24,3911.739990234375,3.0105539729901034
2022-06-27,3900.110107421875,-0.2977499890340672
2022-06-28,3821.550048828125,-2.03486731494949
2022-06-29,3818.830078125,-0.07119988201726958
2022-06-30,3785.3798828125,-0.8797866246367652
2022-07-01,3825.330078125,1.0498511296639172
2022-07-05,3831.389892578125,0.15828751061934918
2022-07-06,3845.080078125,0.3566795705066178
2022-07-07,3902.6201171875,1.4853723180930392
2022-07-08,3899.3798828125,-0.083061639612735
2022-07-11,3854.429931640625,-1.1594417660525544
2022-07-12,3818.800048828125,-0.928686849749371
2022-07-13,3801.780029296875,-0.446686411181668
2022-07-14,3790.3798828125,-0.3003138812764307
2022-07-15,3863.159912109375,1.9019231658633642
2022-07-18,3830.85009765625,-0.8398742485835936
2022-07-19,3936.68994140625,2.725351764373082
2022-07-20,3959.89990234375,0.5878493941057167
2022-07-21,3998.949951171875,0.9813066689504669
2022-07-22,3961.6298828125,-0.9376287293813849
2022-07-25,3966.840087890625,0.1314302973305868
2022-07-26,3921.050048828125,-1.161034259926336
2022-07-27,4023.610107421875,2.5820048778629068
2022-07-28,4072.429931640625,1.2060319791912806
2022-07-29,4130.2900390625,1.4107775781753558
2022-08-01,4118.6298828125,-0.2827076544916728
2022-08-02,4091.18994140625,-0.668468837887098
2022-08-03,4155.169921875,1.5517456270090708
2022-08-04,4151.93994140625,-0.07776424495837733
2022-08-05,4145.18994140625,-0.16270690189191195
2022-08-08,4140.06005859375,-0.12383171221209141
2022-08-09,4122.47021484375,-0.4257744235926498
2022-08-10,4210.240234375,2.10671584604075
2022-08-11,4207.27001953125,-0.07057229222018176
2022-08-12,4280.14990234375,1.7174046951492667
2022-08-15,4297.14013671875,0.3961684056233163
2022-08-16,4305.2001953125,0.18739228259478624
2022-08-17,4274.0400390625,-0.726411486764802
2022-08-18,4283.740234375,0.22669896063847975
2022-08-19,4228.47998046875,-1.2983928713038868
2022-08-22,4137.990234375,-2.1632366466494566
2022-08-23,4128.72998046875,-0.22403704344374642
2022-08-24,4140.77001953125,0.2911916698724165
2022-08-25,4199.1201171875,1.3993241836107049
2022-08-26,4057.659912109375,-3.4268576317039523
2022-08-29,4030.610107421875,-0.6688675197324806
2022-08-30,3986.159912109375,-1.1089416492117008
2022-08-31,3955.0,-0.7847738208153028
2022-09-01,3966.85009765625,0.29917522671948715
2022-09-02,3924.260009765625,-1.0794552570724387
2022-09-06,3908.18994140625,-0.41034646908951433
2022-09-07,3979.8701171875,1.8174848666169876
2022-09-08,4006.179931640625,0.6588966880442448
2022-09-09,4067.360107421875,1.515601498121106
2022-09-12,4110.41015625,1.0528651483995635
2022-09-13,3932.68994140625,-4.4199163031974065
2022-09-14,3946.010009765625,0.33812890788447153
2022-09-15,3901.35009765625,-1.1382272168149512
2022-09-16,3873.330078125,-0.7208049775663176
2022-09-19,3899.889892578125,0.6833697724705768
2022-09-20,3855.929931640625,-1.1336114736600402
2022-09-21,3789.929931640625,-1.726467409850635
2022-09-22,3757.989990234375,-0.8463293830453985
2022-09-23,3693.22998046875,-1.7382828767330778
2022-09-26,3655.0400390625,-1.0394360890280503
2022-09-27,3647.2900390625,-0.21226109548247285
2022-09-28,3719.0400390625,1.9481144181152357
2022-09-29,3640.469970703125,-2.13527948230975
2022-09-30,3585.6201171875,-1.5181351546209298
2022-10-03,3678.429931640625,2.555457753093017
2022-10-04,3790.929931640625,3.0125341416799833
2022-10-05,3783.280029296875,-0.20199875589381175
2022-10-06,3744.52001953125,-1.02979229113952
2022-10-07,3639.659912109375,-2.8403196531478057
2022-10-10,3612.389892578125,-0.7520673133652772
2022-10-11,3588.840087890625,-0.6540518412323781
2022-10-12,3577.030029296875,-0.3296199650166294
2022-10-13,3669.909912109375,2.5634259307631133
2022-10-14,3583.070068359375,-2.394712074452842
2022-10-17,3677.949951171875,2.6135524557561847
2022-10-18,3719.97998046875,1.1362768207087461
2022-10-19,3695.159912109375,-0.6694455239684375
2022-10-20,3665.780029296875,-0.7982686738766697
2022-10-21,3752.75,2.3447759860447266
2022-10-24,3797.340087890625,1.1811940205111493
2022-10-25,3859.110107421875,1.6135770015874957
2022-10-26,3830.60009765625,-0.7415140398989886
2022-10-27,3807.300048828125,-0.6101185053184452
2022-10-28,3901.06005859375,2.4328036770856336
2022-10-31,3871.97998046875,-0.7482327030336412
2022-11-01,3856.10009765625,-0.41096637203590053
2022-11-02,3759.68994140625,-2.5319843737482883
2022-11-03,3719.889892578125,-1.0642422531956597
2022-11-04,3770.550048828125,1.3526823285563951
2022-11-07,3806.800048828125,0.9568061679359139
2022-11-08,3828.110107421875,0.5582282828760321
2022-11-09,3748.570068359375,-2.0996784712303445
2022-11-10,3956.3701171875,5.395251566479769
2022-11-11,3992.929931640625,0.9198312304769027
2022-11-14,3957.25,-0.8975940544918012
2022-11-15,3991.72998046875,0.8675376414669187
2022-11-16,3958.7900390625,-0.8286283111873759
2022-11-17,3946.56005859375,-0.30941046442292836
2022-11-18,3965.340087890625,0.47472956481582096
2022-11-21,3949.93994140625,-0.3891249800275618
2022-11-22,4003.580078125,1.3488606269828392
2022-11-23,4027.260009765625,0.5897266041738312
2022-11-25,4026.1201171875,-0.02830842622024787
2022-11-28,3963.93994140625,-1.5564696794064814
2022-11-29,3957.6298828125,-0.15931337016243705
2022-11-30,4080.110107421875,3.0478643521294946
2022-12-01,4076.570068359375,-0.0868009829606589
2022-12-02,4071.699951171875,-0.11953746637614611
2022-12-05,3998.840087890625,-1.8056249630972219
2022-12-06,3941.260009765625,-1.4503869422986058
2022-12-07,3933.919921875,-0.1864107253381664
2022-12-08,3963.510009765625,0.7493634413933238
2022-12-09,3934.3798828125,-0.7376719464213213
2022-12-12,3990.56005859375,1.417830729965003
2022-12-13,4019.64990234375,0.7263223255457212
2022-12-14,3995.320068359375,-0.6071116623835963
2022-12-15,3895.75,-2.523747790182607
2022-12-16,3852.360107421875,-1.1200239946011676
2022-12-19,3817.659912109375,-0.90483289411038
2022-12-20,3821.6201171875,0.10368006978907691
2022-12-21,3878.43994140625,1.4758548669054294
2022-12-22,3822.389892578125,-1.4557142498145654
2022-12-23,3844.820068359375,0.5850952271915072
2022-12-27,3829.25,-0.40578440346594774
2022-12-28,3783.219970703125,-1.2093470442948606
2022-12-29,3849.280029296875,1.731063431499432
2022-12-30,3839.5,-0.2543975646110833
2023-01-03,3824.139892578125,-0.4008572481273608
2023-01-04,3852.969970703125,0.7510694562138917
2023-01-05,3808.10009765625,-1.1713869136457158
2023-01-06,3895.080078125,2.258383558903089
2023-01-09,3892.090087890625,-0.07679273259905782
2023-01-10,3919.25,0.6953997970593733
2023-01-11,3969.610107421875,1.2767571192293676
2023-01-12,3983.169921875,0.341008491204273
2023-01-13,3999.090087890625,0.3988892144656051
2023-01-17,3990.969970703125,-0.2032555430996314
2023-01-18,3928.860107421875,-1.5684966977744672
2023-01-19,3898.85009765625,-0.7667671901812427
2023-01-20,3972.610107421875,1.874167355235196
2023-01-23,4019.81005859375,1.1811315951328556
2023-01-24,4016.949951171875,-0.07117563642918193
2023-01-25,4016.219970703125,-0.01817415734656632
2023-01-26,4060.429931640625,1.0947708029114303
2023-01-27,4070.56005859375,0.2491734021703855
2023-01-30,4017.77001953125,-1.3053569315292664
2023-01-31,4076.60009765625,1.4536304416419528
2023-02-01,4119.2099609375,1.039805629688473
2023-02-02,4179.759765625,1.459238462685438
2023-02-03,4136.47998046875,-1.0408592637285454
2023-02-06,4111.080078125,-0.6159393193939262
2023-02-07,4164.0,1.2790364037397075
2023-02-08,4117.85986328125,-1.1142573012411352
2023-02-09,4081.5,-0.8869009831037385
2023-02-10,4090.4599609375,0.21928557092171275
2023-02-13,4137.2900390625,1.1383569951155146
2023-02-14,4136.1298828125,-0.02804538554937624
2023-02-15,4147.60009765625,0.2769337533076689
2023-02-16,4090.409912109375,-1.3884689204881606
2023-02-17,4079.090087890625,-0.2771242172282734
2023-02-21,3997.340087890625,-2.0244783973471696
2023-02-22,3991.050048828125,-0.15747954856433838
2023-02-23,4012.320068359375,0.5315278263237728
2023-02-24,3970.0400390625,-1.0593464619774184
2023-02-27,3982.239990234375,0.30682925395522775
2023-02-28,3970.14990234375,-0.30406198309477117
2023-03-01,3951.389892578125,-0.4736464203492832
2023-03-02,3981.35009765625,0.7553593731195973
2023-03-03,4045.639892578125,1.601874917648306
2023-03-06,4048.419921875,0.06869307788483012
2023-03-07,3986.3701171875,-1.5445590479262548
2023-03-08,3992.010009765625,0.1413794135603272
2023-03-09,3918.320068359375,-1.8631857945482353
2023-03-10,3861.590087890625,-1.458396943606664
2023-03-13,3855.760009765625,-0.15109018407387678
2023-03-14,3919.2900390625,1.6342388235363665
2023-03-15,3891.929931640625,-0.7005363929353597
2023-03-16,3960.280029296875,1.7409576249031722
2023-03-17,3916.639892578125,-1.1080621273953701
2023-03-20,3951.570068359375,0.8878869635940854
2023-03-21,4002.8701171875,1.2898647518559103
2023-03-22,3936.969970703125,-1.6600248639842885
2023-03-23,3948.719970703125,0.2980083869182423
2023-03-24,3970.989990234375,0.5623963084303207
2023-03-27,3977.530029296875,0.1645599563767083
2023-03-28,3971.27001953125,-0.15750832883878865
2023-03-29,4027.81005859375,1.4136870775046801
2023-03-30,4050.830078125,0.5698999199482653
2023-03-31,4109.31005859375,1.4333327782036556
2023-04-03,4124.509765625,0.36920225658028233
2023-04-04,4100.60009765625,-0.5813839745162529
2023-04-05,4090.3798828125,-0.2495481657121423
2023-04-06,4105.02001953125,0.3572773132803247
2023-04-10,4109.10986328125,0.09958070170100844
2023-04-11,4108.93994140625,-0.0041353332983520815
2023-04-12,4091.949951171875,-0.4143456323461385
2023-04-13,4146.22021484375,1.3175510497831548
2023-04-14,4137.64013671875,-0.20715175845779887
2023-04-17,4151.31982421875,0.33007035826147535
2023-04-18,4154.8701171875,0.08548548034659753
2023-04-19,4154.52001953125,-0.008426554793962825
2023-04-20,4129.7900390625,-0.5970335188311131
2023-04-21,4133.52001953125,0.0902781257300886
2023-04-24,4137.0400390625,0.08512167782723126
2023-04-25,4071.6298828125,-1.593718381857645
2023-04-26,4055.989990234375,-0.38485835033448756
2023-04-27,4135.35009765625,1.9377193402696355
2023-04-28,4169.47998046875,0.8219331313243468
2023-05-01,4167.8701171875,-0.03861810485107871
2023-05-02,4119.580078125,-1.1653906680571788
2023-05-03,4090.75,-0.7022908054892971
2023-05-04,4061.219970703125,-0.7244913455062743
2023-05-05,4136.25,1.8306166381879798
2023-05-08,4138.1201171875,0.045202648488206564
2023-05-09,4119.169921875,-0.4589938949059595
2023-05-10,4137.64013671875,0.4473942241914432
2023-05-11,4130.6201171875,-0.16980648897067582
2023-05-12,4124.080078125,-0.15845615894390477
2023-05-15,4136.27978515625,0.29537976803169347
2023-05-16,4109.89990234375,-0.6398107681917463
2023-05-17,4158.77001953125,1.1820688622071573
2023-05-18,4198.0498046875,0.9400723063727155
2023-05-19,4191.97998046875,-0.14469138806754414
2023-05-22,4192.6298828125,0.015502267980239145
2023-05-23,4145.580078125,-1.1285468768284297
2023-05-24,4115.240234375,-0.734551267830521
2023-05-25,4151.27978515625,0.8719456079011882
2023-05-26,4205.4501953125,1.2964680931640788
2023-05-30,4205.52001953125,0.001660313066576836
2023-05-31,4179.830078125,-0.6127358186214099
2023-06-01,4221.02001953125,0.9806215085853812
2023-06-02,4282.3701171875,1.4429812390107408
2023-06-05,4273.7900390625,-0.2005591490657713
2023-06-06,4283.85009765625,0.2351130233850576
2023-06-07,4267.52001953125,-0.3819293926420617
2023-06-08,4293.93017578125,0.616957160752325
2023-06-09,4298.85986328125,0.11474010230505238
2023-06-12,4338.93017578125,0.927797498175416
2023-06-13,4369.009765625,0.6908570725908898
2023-06-14,4372.58984375,0.08190899801265841
2023-06-15,4425.83984375,1.2104580493589998
2023-06-16,4409.58984375,-0.36783764677510894
2023-06-20,4388.7099609375,-0.4746353835236048
2023-06-21,4365.68994140625,-0.5259086366925201
2023-06-22,4381.89013671875,0.37039303873345253
2023-06-23,4348.330078125,-0.7688288056502157
2023-06-26,4328.81982421875,-0.4496934363132171
2023-06-27,4378.41015625,1.139073352418076
2023-06-28,4376.85986328125,-0.035413938838982154
2023-06-29,4396.43994140625,0.446356811449
2023-06-30,4450.3798828125,1.21943502618858
2023-07-03,4455.58984375,0.11699930926736418
2023-07-05,4446.81982421875,-0.19702580976127165
2023-07-06,4411.58984375,-0.7954061175894762
2023-07-07,4398.9501953125,-0.28692127957334823
2023-07-10,4409.52978515625,0.2402138610626312
2023-07-11,4439.259765625,0.6719583998254874
2023-07-12,4472.16015625,0.7383905235389678
2023-07-13,4510.0400390625,0.8434482989627111
2023-07-14,4505.419921875,-0.10249321969074839
2023-07-17,4522.7900390625,0.38479695744204134
2023-07-18,4554.97998046875,0.7092066941428338
2023-07-19,4565.72021484375,0.2355134827233639
2023-07-20,4534.8701171875,-0.6779827396257692
2023-07-21,4536.33984375,0.03240420146130911
2023-07-24,4554.64013671875,0.4026038496874852
2023-07-25,4567.4599609375,0.28107195758387044
2023-07-26,4566.75,-0.015545097867591855
2023-07-27,4537.41015625,-0.6445393055197076
2023-07-28,4582.22998046875,0.9829375810433848
2023-07-31,4588.9599609375,0.14676354365687913
2023-08-01,4576.72998046875,-0.26686453076827116
2023-08-02,4513.39013671875,-1.3936200638336183
2023-08-03,4501.89013671875,-0.25512254502915277
2023-08-04,4478.02978515625,-0.531416937393797
2023-08-07,4518.43994140625,0.8983618964856572
2023-08-08,4499.3798828125,-0.4227205100058866
2023-08-09,4467.7099609375,-0.7063619102045117
2023-08-10,4468.830078125,0.025068252108086324
2023-08-11,4464.0498046875,-0.10702648992294865
2023-08-14,4489.72021484375,0.573400487941905
2023-08-15,4437.85986328125,-1.1618139396096483
2023-08-16,4404.330078125,-0.7584081792624527
2023-08-17,4370.35986328125,-0.7742811377529081
2023-08-18,4369.7099609375,-0.014871788395720285
2023-08-21,4399.77001953125,0.6855634859799785
2023-08-22,4387.5498046875,-0.27813310465456836
2023-08-23,4436.009765625,1.098433071079136
2023-08-24,4376.31005859375,-1.354935398400801
2023-08-25,4405.7099609375,0.6695501060295156
2023-08-28,4433.31005859375,0.6245078594196461
2023-08-29,4497.6298828125,1.4404068712056506
2023-08-30,4514.8701171875,0.3825854181192944
2023-08-31,4507.66015625,-0.15982129743398577
2023-09-01,4515.77001953125,0.1797512765518541
2023-09-05,4496.830078125,-0.4202997821381205
2023-09-06,4465.47998046875,-0.6996014491432261
2023-09-07,4451.14013671875,-0.3216433115732967
2023-09-08,4457.490234375,0.14256060622570593
2023-09-11,4487.4599609375,0.6700951498135518
2023-09-12,4461.89990234375,-0.5712169023003997
2023-09-13,4467.43994140625,0.12408621175346041
2023-09-14,4505.10009765625,0.839458553366625
2023-09-15,4450.31982421875,-1.2234145842493929
2023-09-18,4453.52978515625,0.07210276941755188
2023-09-19,4443.9501953125,-0.21533273615331264
2023-09-20,4402.2001953125,-0.9439204206291041
2023-09-21,4330.0,-1.6536918318488085
2023-09-22,4320.06005859375,-0.22982374027607494
2023-09-25,4337.43994140625,0.4014994203806617
2023-09-26,4273.52978515625,-1.4844165482264944
2023-09-27,4274.509765625,0.02292877722947923
2023-09-28,4299.7001953125,0.5875877143000698
2023-09-29,4288.0498046875,-0.2713259648289315
2023-10-02,4288.39013671875,0.007936440615299325
2023-10-03,4229.4501953125,-1.3839395863449198
2023-10-04,4263.75,0.8077047607828945
2023-10-05,4258.18994140625,-0.13048811469951227
2023-10-06,4308.5,1.1745642093961117
2023-10-09,4335.66015625,0.6284068119387409
2023-10-10,4358.240234375,0.5194476099985355
2023-10-11,4376.9501953125,0.42838195000950735
2023-10-12,4349.60986328125,-0.6266024940654918
2023-10-13,4327.77978515625,-0.5031495660219892
2023-10-16,4373.6298828125,1.0538642302589984
2023-10-17,4373.2001953125,-0.009824987944376508
2023-10-18,4314.60009765625,-1.3490408251151897
2023-10-19,4278.0,-0.8519032328057976
2023-10-20,4224.16015625,-1.2665149196155916
2023-10-23,4217.0400390625,-0.16869920654349177
2023-10-24,4247.68017578125,0.723952351962882
2023-10-25,4186.77001953125,-1.4443434657238052
2023-10-26,4137.22998046875,-1.1903081205584871
2023-10-27,4117.3701171875,-0.481183857862075
2023-10-30,4166.81982421875,1.1938474300285915
2023-10-31,4193.7998046875,0.6454084821688244
2023-11-01,4237.85986328125,1.0451194990191868
2023-11-02,4317.77978515625,1.8682938934086475
2023-11-03,4358.33984375,0.9349883544551459
2023-11-06,4365.97998046875,0.17514577241005863
2023-11-07,4378.3798828125,0.2836093401711954
2023-11-08,4382.77978515625,0.10044110324198868
2023-11-09,4347.35009765625,-0.8116690699068705
2023-11-10,4415.240234375,1.5495759270772258
2023-11-13,4411.5498046875,-0.08361884413700847
2023-11-14,4495.7001953125,1.889537047457725
2023-11-15,4502.8798828125,0.15957382078471766
2023-11-16,4508.240234375,0.11897193967137305
2023-11-17,4514.02001953125,0.12812279371779872
2023-11-20,4547.3798828125,0.7363103793795632
2023-11-21,4538.18994140625,-0.2022975931757968
2023-11-22,4556.6201171875,0.40529050943133244
2023-11-24,4559.33984375,0.059669560964503224
2023-11-27,4550.43017578125,-0.19560693168983587
2023-11-28,4554.89013671875,0.09796385280502917
2023-11-29,4550.580078125,-0.09466966151019382
2023-11-30,4567.7998046875,0.3776931264994605
2023-12-01,4594.6298828125,0.5856558953846637
2023-12-04,4569.77978515625,-0.5423188063826943
2023-12-05,4567.18017578125,-0.05690315939348026
2023-12-06,4549.33984375,-0.3913851944943747
2023-12-07,4585.58984375,0.7936610684821922
2023-12-08,4604.3701171875,0.40871341465037936
2023-12-11,4622.43994140625,0.3916813547781492
2023-12-12,4643.7001953125,0.45888127956924
2023-12-13,4707.08984375,1.355834517501981
2023-12-14,4719.5498046875,0.26435651851544323
2023-12-15,4719.18994140625,-0.007625240044859477
2023-12-18,4740.56005859375,0.4518122263400515
2023-12-19,4768.3701171875,0.5849267450818904
2023-12-20,4698.35009765625,-1.4793147965305629
2023-12-21,4746.75,1.0248769307271877
2023-12-22,4754.6298828125,0.16586821527610754
2023-12-26,4774.75,0.4222761046978559
2023-12-27,4781.580078125,0.14294356164229985
2023-12-28,4783.35009765625,0.03701061103271183
2023-12-29,4769.830078125,-0.28304770367338355
2024-01-02,4742.830078125,-0.5676660799723162
2024-01-03,4704.81005859375,-0.8048618327197647
2024-01-04,4688.68017578125,-0.34342716633174286
2024-01-05,4697.240234375,0.18240216394339806
2024-01-08,4763.5400390625,1.401594543635314
2024-01-09,4756.5,-0.1478993852317584
2024-01-10,4783.4501953125,0.5649980650495912
2024-01-11,4780.240234375,-0.06712808369611646
2024-01-12,4783.830078125,0.07506937530339595
2024-01-16,4765.97998046875,-0.37383190523568344
2024-01-17,4739.2099609375,-0.5632731271107821
2024-01-18,4780.93994140625,0.8766720726243148
2024-01-19,4839.81005859375,1.2238308232548512
2024-01-22,4850.43017578125,0.21919211872316854
2024-01-23,4864.60009765625,0.2917115340764486
2024-01-24,4868.5498046875,0.08115989762168653
2024-01-25,4894.16015625,0.524657813497798
2024-01-26,4890.97021484375,-0.06519977554263648
2024-01-29,4927.93017578125,0.7528365505246204
2024-01-30,4924.97021484375,-0.06008303969786162
2024-01-31,4845.64990234375,-1.6236851740733682
2024-02-01,4906.18994140625,1.2416286114049784
2024-02-02,4958.60986328125,1.062777072263312
2024-02-05,4942.81005859375,-0.31914247092839715
2024-02-06,4954.22998046875,0.23077459317481075
2024-02-07,4995.06005859375,0.8207682594008627
2024-02-08,4997.91015625,0.057042054009059505
2024-02-09,5026.60986328125,0.5725917128795516
2024-02-12,5021.83984375,-0.09494041426524416
2024-02-13,4953.169921875,-1.3768609419845443
2024-02-14,5000.6201171875,0.9534168304216807
2024-02-15,5029.72998046875,0.580437267404004
2024-02-16,5005.56982421875,-0.48150435759610427
2024-02-20,4975.509765625,-0.602342646581725
2024-02-21,4981.7998046875,0.12634014951035982
2024-02-22,5087.02978515625,2.090288866640342
2024-02-23,5088.7998046875,0.0347887026502183
2024-02-26,5069.52978515625,-0.3793939244668484
2024-02-27,5078.18017578125,0.1704895538720964
2024-02-28,5069.759765625,-0.1659531321112244
2024-02-29,5096.27001953125,0.5215470455799964
2024-03-01,5137.080078125,0.7975936433387976
2024-03-04,5130.9501953125,-0.11939745749630112
2024-03-05,5078.64990234375,-1.0245406275917994
2024-03-06,5104.759765625,0.5127932853001643
2024-03-07,5157.35986328125,1.0251402284983626
2024-03-08,5123.68994140625,-0.6549922992050338
2024-03-11,5117.93994140625,-0.11228682680281005
2024-03-12,5175.27001953125,1.1139512586668012
2024-03-13,5165.31005859375,-0.19263840021219722
2024-03-14,5150.47998046875,-0.2875221051495188
2024-03-15,5117.08984375,-0.6504022859737666
2024-03-18,5149.419921875,0.6298184238480455
2024-03-19,5178.509765625,0.563325304434312
2024-03-20,5224.6201171875,0.8864765516360184
2024-03-21,5241.52978515625,0.3231309094528888
2024-03-22,5234.18017578125,-0.14031718343267124
2024-03-25,5218.18994140625,-0.30596403820319296
2024-03-26,5203.580078125,-0.2803721982805726
2024-03-27,5248.490234375,0.8593595582706042
2024-03-28,5254.35009765625,0.11158627007616052
2024-04-01,5243.77001953125,-0.20156145269577247
2024-04-02,5205.81005859375,-0.7265388203672426
2024-04-03,5211.490234375,0.10905275233378979
2024-04-04,5147.2099609375,-1.241103561926225
2024-04-05,5204.33984375,1.1038050135699558
2024-04-08,5202.39013671875,-0.03747011900415767
2024-04-09,5209.91015625,0.14444494736345206
2024-04-10,5160.64013671875,-0.9501981832212592
2024-04-11,5199.06005859375,0.7417221983342437
2024-04-12,5123.41015625,-1.4657587802248537
2024-04-15,5061.81982421875,-1.2094195787459194
2024-04-16,5051.41015625,-0.20586245275039963
2024-04-17,5022.2099609375,-0.5797375076004185
2024-04-18,5011.1201171875,-0.22106017004853043
2024-04-19,4967.22998046875,-0.8797129654056974
2024-04-22,5010.60009765625,0.869335115683908
2024-04-23,5070.5498046875,1.189356656772209
2024-04-24,5071.6298828125,0.021298737793290078
2024-04-25,5048.419921875,-0.45869342701194094
2024-04-26,5099.9599609375,1.0157381332325344
2024-04-29,5116.169921875,0.31734080766393946
2024-04-30,5035.68994140625,-1.5855551118928124
2024-05-01,5018.39013671875,-0.3441353485631687
2024-05-02,5064.2001953125,0.9087024725084856
2024-05-03,5127.7900390625,1.2478557659508005
2024-05-06,5180.740234375,1.027317369124784
2024-05-07,5187.7001953125,0.13425282288256132
2024-05-08,5187.669921875,-0.0005835635193424913
2024-05-09,5214.080078125,0.5078032639106711
2024-05-10,5222.68017578125,0.1648040080166728
2024-05-13,5221.419921875,-0.024133317386520824
2024-05-14,5246.68017578125,0.4826148527454041
2024-05-15,5308.14990234375,1.164782778729962
2024-05-16,5297.10009765625,-0.20838374740880464
2024-05-17,5303.27001953125,0.11640956878937513
2024-05-20,5308.1298828125,0.09159703084911665
2024-05-21,5321.41015625,0.24987497668926087
2024-05-22,5307.009765625,-0.27097912093521476
2024-05-23,5267.83984375,-0.7408162283471933
2024-05-24,5304.72021484375,0.6976649076673259
2024-05-28,5306.0400390625,0.024877090688591535
2024-05-29,5266.9501953125,-0.7394317215742535
2024-05-30,5235.47998046875,-0.5992957535754186
2024-05-31,5277.509765625,0.7995824231928896
2024-06-03,5283.39990234375,0.11154602235352391
2024-06-04,5291.33984375,0.15016810037827533
2024-06-05,5354.02978515625,1.1778015849957282
2024-06-06,5352.9599609375,-0.019983660163685184
2024-06-07,5346.990234375,-0.11158420502790661
2024-06-10,5360.7900390625,0.2577529978240972
2024-06-11,5375.31982421875,0.2706714855209522
2024-06-12,5421.02978515625,0.8467720241887338
2024-06-13,5433.740234375,0.234191143711672
2024-06-14,5431.60009765625,-0.039393828099749416
2024-06-17,5473.22998046875,0.7635164372320518
2024-06-18,5487.02978515625,0.25181541815171166
2024-06-20,5473.169921875,-0.252912739541154
2024-06-21,5464.6201171875,-0.15633517188252496
2024-06-24,5447.8701171875,-0.30698791558664423
2024-06-25,5469.2998046875,0.39258736791813437
2024-06-26,5477.89990234375,0.15711962247204525
2024-06-27,5482.8701171875,0.09069098567990731
2024-06-28,5460.47998046875,-0.4092013462369599
2024-07-01,5475.08984375,0.26719909814295234
2024-07-02,5509.009765625,0.6176205771185049
2024-07-03,5537.02001953125,0.5071562269533664
2024-07-05,5567.18994140625,0.543397436096954
2024-07-08,5572.85009765625,0.10161824764044329
2024-07-09,5576.97998046875,0.07407974780654752
2024-07-10,5633.91015625,1.0156314878105885
2024-07-11,5584.5400390625,-0.8801649969266724
2024-07-12,5615.35009765625,0.550186402496512
2024-07-15,5631.22021484375,0.2822216423352684
2024-07-16,5667.2001953125,0.6369049971453274
2024-07-17,5588.27001953125,-1.4025441523645543
2024-07-18,5544.58984375,-0.7847112145350073
2024-07-19,5505.0,-0.7165879226406084
2024-07-22,5564.41015625,1.0734217246220292
2024-07-23,5555.740234375,-0.15593176939461903
2024-07-24,5427.1298828125,-2.3421242222892857
2024-07-25,5399.22021484375,-0.5155889019717259
2024-07-26,5459.10009765625,1.1029420409570925
2024-07-29,5463.5400390625,0.08129795718284517
2024-07-30,5436.43994140625,-0.49725143613676215
2024-07-31,5522.2998046875,1.5669980701917767
2024-08-01,5446.68017578125,-1.3788123791990166
2024-08-02,5346.56005859375,-1.855290660855327
2024-08-05,5186.330078125,-3.04270413923931
2024-08-06,5240.02978515625,1.0300849493599515
2024-08-07,5199.5,-0.7764715388769489
2024-08-08,5319.31005859375,2.2781139590898882
2024-08-09,5344.16015625,0.4660798434381699
2024-08-12,5344.39013671875,0.00430330517200971
2024-08-13,5434.43017578125,1.6707233419049987
2024-08-14,5455.2099609375,0.381643656119841
2024-08-15,5543.22021484375,1.6004489931304131
2024-08-16,5554.25,0.19878023683961515
2024-08-19,5608.25,0.9675327436177775
2024-08-20,5597.1201171875,-0.1986527237609709
2024-08-21,5620.85009765625,0.4230714721006796
2024-08-22,5570.64013671875,-0.8972942256657219
2024-08-23,5634.60986328125,1.141793740166443
2024-08-26,5616.83984375,-0.31587101696058145
2024-08-27,5625.7998046875,0.15939251127232035
2024-08-28,5592.18017578125,-0.5993900794735212
2024-08-29,5591.9599609375,-0.003937984343658622
2024-08-30,5648.39990234375,1.004245707914417
2024-09-03,5528.93017578125,-2.1377963372397697
2024-09-04,5520.06982421875,-0.16038290273809633
2024-09-05,5503.41015625,-0.3022581014674196
2024-09-06,5408.419921875,-1.7410944507424406
2024-09-09,5471.0498046875,1.1513534435818253
2024-09-10,5495.52001953125,0.4462699977793541
2024-09-11,5554.1298828125,1.0608555649843339
2024-09-12,5595.759765625,0.746735215680267
2024-09-13,5626.02001953125,0.5393142234356035
2024-09-16,5633.08984375,0.12558408673102855
2024-09-17,5634.580078125,0.026451509389645085
2024-09-18,5618.259765625,-0.2900658708313291
2024-09-19,5713.64013671875,1.6834356892725129
2024-09-20,5702.5498046875,-0.19429136300157343
2024-09-23,5718.56982421875,0.28053344257131224
2024-09-24,5732.93017578125,0.2508031103345345
2024-09-25,5722.259765625,-0.1862983206212128
2024-09-26,5745.3701171875,0.4030542158199222
2024-09-27,5738.169921875,-0.12540029000721237
2024-09-30,5762.47998046875,0.4227603658441509
2024-10-01,5708.75,-0.9367848694454447
2024-10-02,5709.5400390625,0.013838132698647728
2024-10-03,5699.93994140625,-0.16828286544586896
2024-10-04,5751.06982421875,0.8930255699186382
2024-10-07,5695.93994140625,-0.9632263829388773
2024-10-08,5751.1298828125,0.9642706804694385
2024-10-09,5792.0400390625,0.7088231016994585
2024-10-10,5780.0498046875,-0.20722685059824847
2024-10-11,5815.02978515625,0.603360870729872
2024-10-14,5859.85009765625,0.7678114574594324
2024-10-15,5815.259765625,-0.7638566037513421
2024-10-16,5842.47021484375,0.4668232782779766
2024-10-17,5841.47021484375,-0.017117512853816633
2024-10-18,5864.669921875,0.3963686942774387
2024-10-21,5853.97998046875,-0.1824432756419033
2024-10-22,5851.2001953125,-0.04749666671957937
2024-10-23,5797.419921875,-0.9233824267679565
2024-10-24,5809.85986328125,0.21434731305568283
2024-10-25,5808.1201171875,-0.029949201318627088
2024-10-28,5823.52001953125,0.2647934626732945
2024-10-29,5832.919921875,0.16128259449012197
2024-10-30,5813.669921875,-0.33056916724881186
2024-10-31,5705.4501953125,-1.8790134928745348
2024-11-01,5728.7998046875,0.4084158004525459
2024-11-04,5712.68994140625,-0.28160448131902915
2024-11-05,5782.759765625,1.2191031029563082
2024-11-06,5929.0400390625,2.4981280957186653
2024-11-07,5973.10009765625,0.7403754173995657
2024-11-08,5995.5400390625,0.37497940357180465
2024-11-11,6001.35009765625,0.09685941909569239
2024-11-12,5983.990234375,-0.28968514769364995
2024-11-13,5985.3798828125,0.023220076414018385
2024-11-14,5949.169921875,-0.6068108582244001
2024-11-15,5870.6201171875,-1.3291430866793768
2024-11-18,5893.6201171875,0.39101597462065374
2024-11-19,5916.97998046875,0.3955750520596487
2024-11-20,5917.10986328125,0.00219506213354446
2024-11-21,5948.7099609375,0.5326251844288491
2024-11-22,5969.33984375,0.34619595915364654
2024-11-25,5987.3701171875,0.30159278201245415
2024-11-26,6021.6298828125,0.5705697155263866
2024-11-27,5998.740234375,-0.38084810835777116
2024-11-29,6032.3798828125,0.5592120396801623
2024-12-02,6047.14990234375,0.24454638805813736
2024-12-03,6049.8798828125,0.04513472420221813
2024-12-04,6086.490234375,0.603318162813612
2024-12-05,6075.10986328125,-0.18715258393823342
2024-12-06,6090.27001953125,0.24923453675383123
2024-12-09,6052.85009765625,-0.6163167285227462
2024-12-10,6034.91015625,-0.2968284314279252
2024-12-11,6084.18994140625,0.8132626411368236
2024-12-12,6051.25,-0.5428731461463251
2024-12-13,6051.08984375,-0.002646698937187397
2024-12-16,6074.080078125,0.37921550087844297
2024-12-17,6050.60986328125,-0.3871479480655496
2024-12-18,5872.16015625,-2.993650530451818
2024-12-19,5867.080078125,-0.08654867505367933
2024-12-20,5930.85009765625,1.08104794023973
2024-12-23,5974.06982421875,0.7260849585616372
2024-12-24,6040.0400390625,1.0982233165126825
2024-12-26,6037.58984375,-0.04057410882578191
2024-12-27,5970.83984375,-1.1117304964912211
2024-12-30,5906.93994140625,-1.0759673941729728
