Date,"GARCH(1,1)-Normal","GARCH(1,1)-Student-t","GJR-GARCH(1,1)-Normal","GJR-GARCH(1,1)-Student-t","EGARCH(1,1)-Normal","EGARCH(1,1)-Student-t",HAR-RV
2021-12-29,1.0223691152008132,1.0686213978296428,0.8495293739431848,0.8223684780819897,0.9315914681068096,0.9253676929599421,0.9624465809381793
2021-12-30,0.9228187573221709,0.9692357001404224,0.7805199524080333,0.7600406829533398,0.8462019385386321,0.8494985969032534,0.7411295834781011
2021-12-31,0.8534201658778547,0.8985564921903165,0.7460611928518359,0.737058528084241,0.8374619418941718,0.8552096604513523,0.641897939927
2022-01-03,0.7922868725996188,0.8346453300781328,0.7128412333642286,0.7120350206933795,0.8224536879670974,0.8526897186645559,0.5832286083578523
2022-01-04,0.7651692165101027,0.8001136557373113,0.6758834641330888,0.6645996612752549,0.7699181145754833,0.7842335484460237,0.48325127941348167
2022-01-05,0.7060318011261086,0.7369542412597063,0.6359833208016912,0.6277608481913464,0.7237857936475504,0.7492620013544383,0.4719148059209627
2022-01-06,1.1000331798748668,1.129442760062509,1.2511169829751534,1.3146194638468829,1.1901664995768468,1.2174755316486032,0.6894458756090209
2022-01-07,0.9933180346661609,1.0265154606152103,1.1310627782561125,1.1972813256929207,1.0880875606994642,1.1364837458341335,0.6737007481089368
2022-01-10,0.9230588638670674,0.9582025172194972,1.0536779567759977,1.1241019260290905,1.06409005960907,1.1280875679940128,0.6736630931038479
2022-01-11,0.8443279094965309,0.8792462066705564,0.9632079366494715,1.0332531559731923,0.9914414612945006,1.0681994580882725,0.6138238369710274
2022-01-12,0.8510450594956439,0.8798454498277689,0.8979412107888453,0.9462696275407625,0.9242795088247501,0.9737084377880939,0.712803303946508
2022-01-13,0.7821740032347567,0.8086308117283216,0.8248863812212328,0.8695824812572016,0.8458065080352087,0.8926027795464841,0.5054596104750597
2022-01-14,0.9716287605913607,0.999030141454314,1.1083689577171008,1.1800928671400546,1.110179843181918,1.1629023253862933,0.6640092325858362
2022-01-18,0.8805217736561473,0.9091283480096594,1.005384227396617,1.0757741923451245,0.9973330134738257,1.0593267643291686,0.6326589198957506
2022-01-19,1.1583347526298715,1.1899182639229742,1.3834474695134182,1.4827601721724077,1.340983838959995,1.4094051868297652,0.8269380046108326
2022-01-20,1.1361500761279555,1.173967770802043,1.363248383823348,1.4723984100656282,1.393849198780875,1.4831392617288846,0.8459637532274767
2022-01-21,1.1437938189419417,1.1862914836091,1.3794729791400373,1.4980420372925154,1.4667646797290783,1.5754657491008897,0.947991180024632
2022-01-24,1.3408992381094624,1.3874844687800156,1.637223143494344,1.7749332619606197,1.71161011565331,1.8378227963599425,1.0048813680176896
2022-01-25,1.202077140913942,1.2534034247888413,1.4683772484122204,1.6041833195304602,1.5055099553649403,1.6424065533492271,1.0352222113046214
2022-01-26,1.2171908387134311,1.2715656845920493,1.490017276078937,1.6326786750438005,1.5823243885270752,1.734920032039779,0.9471793046555919
2022-01-27,1.096643291632656,1.1537712437825018,1.3431231848368241,1.4834243654488037,1.425920992029988,1.5942939802808265,0.8535942152838975
2022-01-28,1.0235124960248454,1.081087833928427,1.2513490436112655,1.3900303103279,1.372359735183726,1.549632804252065,0.7704388841721824
2022-01-31,1.3655830367434973,1.409874755075143,1.2319530572899091,1.2641371707600575,1.296012994440222,1.3891599847967884,0.8292658038037776
2022-02-01,1.445964271040387,1.4915135570873488,1.1762646283670108,1.1518428889882226,1.213521979598327,1.251228350573767,1.0507784838042848
2022-02-02,1.3170419621202318,1.3680355422309727,1.0729324016384243,1.0511293155096242,1.1043959932290863,1.1343882959422091,1.0001740233132974
2022-02-03,1.2358636293223928,1.2884536090076992,0.9923122287643743,0.9623789635075071,1.0207652184800864,1.0316198361869655,1.1008961652723799
2022-02-04,1.5629976196795146,1.6183919776242044,1.6397772234064592,1.7057838141301769,1.5387176887775407,1.568409820893723,1.3399042942548733
2022-02-07,1.4056850759520323,1.4676184516996251,1.474816329616844,1.5447996239183004,1.3715788174743864,1.4113606868534676,1.131408069298646
2022-02-08,1.2713500281360146,1.338341604602905,1.3460225133406503,1.4239518803982714,1.2946794910319093,1.3598570097413594,0.9321906182641305
2022-02-09,1.1855400347045222,1.2513086041783614,1.2256139186841029,1.294429665109068,1.1786198456022678,1.2295852828023697,0.9519966764497598
2022-02-10,1.2164672204285882,1.2758348797541124,1.1466948275839004,1.1795489111533695,1.101393227415066,1.1141800659104037,1.016526308670995
2022-02-11,1.3677328456230478,1.4275919755413669,1.4527446082245832,1.529213915131461,1.4079415812527818,1.4423299193732335,0.9476729079144262
2022-02-14,1.4963477478080889,1.5597533028599082,1.685256061632766,1.7947086348538173,1.6655548476276354,1.7285929138707659,1.1302731962367192
2022-02-15,1.3502764957667683,1.4200259232824977,1.5299076081836032,1.6453250043711376,1.5409345411681854,1.6358353437895352,1.149436620395571
2022-02-16,1.3678018482448395,1.4336421496131977,1.4123343320570025,1.4927851011115802,1.4085803141963307,1.467162039439424,1.2276401824273946
2022-02-17,1.223626847307425,1.292885419929795,1.2728545500624588,1.3558951827641033,1.2499618032444344,1.3256538763547054,1.0765590948684678
2022-02-18,1.4573235944320324,1.5236929347617287,1.6498787713219123,1.7665702710947575,1.6023524347330282,1.691766600517286,1.0930533918455685
2022-02-22,1.3464947105613752,1.4182489777923375,1.538090117920571,1.6623769657242597,1.555161000920781,1.6709291319790178,0.9605483151108335
2022-02-23,1.295039869777039,1.368987032119689,1.4981972559401655,1.6305587960293078,1.5784514572521697,1.7152218206248144,1.034639070389489
2022-02-24,1.4300923478500405,1.5023332627817978,1.6963088947924072,1.8446824977477152,1.7842910953071742,1.9382769292101965,1.0600414444479604
2022-02-25,1.4146936204624068,1.4848074210880973,1.5523836639996262,1.6711948481758783,1.607280757487929,1.7279452766682801,1.2493943230392053
2022-02-28,1.5645495832764325,1.6290300396466346,1.467838093066943,1.5167740856695124,1.485585986903046,1.5451192692441376,1.2584935583611043
2022-03-01,1.4022453470301786,1.4738346321637803,1.330985336678931,1.388802820127319,1.3653818918879717,1.4508019090358422,1.225872195000117
2022-03-02,1.4394550209099095,1.513135633988483,1.481919737911964,1.569312894330607,1.5457272453415163,1.649639814381594,1.28416931137478
2022-03-03,1.4955697186548604,1.565113945723553,1.386265027237454,1.4253051502261191,1.4221484795462584,1.4784554499878597,1.2743332642029452
2022-03-04,1.3606014845101286,1.4356671174430282,1.2876913306964948,1.3395027596131106,1.3678185235523925,1.448842684337974,1.1614273827047081
2022-03-07,1.27491576021946,1.3522710499653994,1.2492811395236583,1.3154884973360097,1.3780296980891213,1.4787733317360732,0.9820897013430143
2022-03-08,1.7516690611409949,1.8229620977535594,1.9965558951534383,2.1256127442226305,1.9330368225372672,2.042860616455731,1.31235639577721
2022-03-09,1.5975181254518442,1.6779096327787553,1.8357240422406302,1.9745309267063207,1.8274468613310346,1.9722524116041438,1.225860852598461
2022-03-10,1.7766072220491707,1.8518634251988166,1.7271162698484743,1.7894310378848415,1.6780623748088415,1.7544039949676313,1.3025047907225564
2022-03-11,1.5965063983203909,1.6806518230648453,1.571692964316844,1.6460149542513143,1.560955919879419,1.6675349057879205,1.3247053607734818
2022-03-14,1.5439300387768349,1.6320414643413237,1.5906432081717525,1.686969747050107,1.6447935928314394,1.7738016542835517,1.377474042809116
2022-03-15,1.4231207463423736,1.5148035136482405,1.492653129256915,1.5986440170630518,1.5955398987369958,1.7464651267057867,1.0993495350724996
2022-03-16,1.5468735201687915,1.6281339544651465,1.411790727271477,1.45215092731422,1.4725468078771982,1.5612919736659452,1.2531082438935033
2022-03-17,1.659515180795171,1.7356359612455672,1.3511935134478856,1.3217393961009019,1.3741429483691543,1.4018097095126532,1.2152608909557046
2022-03-18,1.5597994784365423,1.6388677273842398,1.244561364381191,1.2044380678918536,1.2586824000939554,1.2657951700306227,1.3382011001039849
2022-03-21,1.4678503070491618,1.5478342742200195,1.150067467350537,1.1001718113366563,1.1595428065297877,1.1475540978544443,1.3174118553850622
2022-03-22,1.3128331826506778,1.3962075356666959,1.0439930929822776,1.0078204689377672,1.0535239653008568,1.0654101081483247,1.2461952041918163
2022-03-23,1.2597092165059802,1.3384510144835446,0.9774505746892246,0.9263068943178122,0.9851157298747754,0.9722855502638069,1.096230284871286
2022-03-24,1.264474092557324,1.34180701370224,1.1302343985678862,1.132910983455413,1.165227874192757,1.1749924810325496,0.9775543992317555
2022-03-25,1.2740006998385471,1.3446717440159313,1.0660168379012327,1.037164617815867,1.0899257853930864,1.0679846572285443,1.0032488825970503
2022-03-28,1.1574754231914741,1.2279032508500578,0.9751509772479309,0.9515390876441233,0.9952858162580671,0.9757500160152377,0.9237369903084505
2022-03-29,1.0765808214146737,1.1434062645179035,0.9021921983208456,0.8758871022378721,0.9215731134572703,0.8939655069659929,0.9964449794471831
2022-03-30,1.0884591091460842,1.1473351730581685,0.8638925548068181,0.8103981688165164,0.8763441769633529,0.8219346476909857,0.9914653044720287
2022-03-31,1.028645112185665,1.0873088165690634,0.8750365119849403,0.8504576105158416,0.9342807033648384,0.9026704590447923,0.9289078479967389
2022-04-01,1.1729116160760011,1.2283280651828021,1.1898155400446733,1.222809056668487,1.2132974057042787,1.2052600611910191,0.9335742157201489
2022-04-04,1.0612937653478878,1.1173184775927063,1.080644379767928,1.1170083043339283,1.094854621355621,1.0977250608532234,0.9191893320168023
2022-04-05,1.0083813315902905,1.060398397118703,0.9964116610082543,1.023297295867719,1.0097887897825994,1.0020814669679234,0.9256141285730966
2022-04-06,1.0806241740489255,1.1311413792639824,1.1513277298522342,1.2058665311168184,1.1910551933502325,1.2035828740118426,0.9281110518874669
2022-04-07,1.0760701001327675,1.1273241902090014,1.181293320326349,1.2513581516235786,1.2716613179217244,1.307164996892506,0.9577817197839251
2022-04-08,0.982894048988254,1.0330995955147133,1.0745884063736069,1.1426579883499157,1.1469136161134668,1.1869226540003306,0.8203411757272325
2022-04-11,0.9034543561092788,0.9526281858495687,0.9926500432609452,1.0628072546311194,1.0866699960052875,1.1447312801286644,0.792979299327075
2022-04-12,1.1242316436775546,1.169394121867009,1.306870644669903,1.3997316771513013,1.3617036377333183,1.4296873615075707,0.8926460460315349
2022-04-13,1.0295432085941854,1.0772990197714718,1.1998013672988344,1.295835533238658,1.2818887486825217,1.3709760877872934,0.7919498460100821
2022-04-14,1.0319291790157235,1.0747122472047694,1.1104731557660228,1.183039772466175,1.1778456102924633,1.2408770373852274,0.7990259808641704
2022-04-18,1.0881334243768659,1.1320566078187133,1.2181611253306175,1.3056403168759485,1.3160722561368545,1.3936082753140382,0.8887413337955067
2022-04-19,0.983337720613745,1.0288024600825196,1.1048389352289236,1.1923778703180339,1.182589055402551,1.278409620604835,0.8590163664386679
2022-04-20,1.1038322183907683,1.141263791152757,1.055166597676425,1.0912102186506256,1.1103283704632783,1.1589241583866985,0.8213278640779841
2022-04-21,0.9979149196570969,1.0380727408259534,0.9637084086830168,1.0031296275688497,1.0166251743873507,1.0810393201680204,0.8040715375370087
2022-04-22,1.126769124883703,1.167842423668937,1.2063554860033068,1.2747381209036603,1.2513756597891497,1.3229335932864459,0.8374271846539405
2022-04-25,1.607892309956751,1.6519613066346353,1.8922172556778065,2.010042064912995,1.7906778525124623,1.8686346599547006,1.0288623847083993
2022-04-26,1.4493963474748428,1.502616862652451,1.700246959475231,1.8209511033324233,1.584167039714919,1.6738664393151197,1.1312121388418774
2022-04-27,1.8129007631040008,1.8712033860165043,2.1906524769653206,2.3466568635885667,2.0392057774602854,2.148305467549538,1.2592570610825335
2022-04-28,1.614036994633736,1.6838589417674243,1.960998101531978,2.1229423103086105,1.7778689592659982,1.9154293004742045,1.327671867032762
2022-04-29,1.7656658218154595,1.8330063278066022,1.828221628326671,1.925638144755704,1.6341622575654204,1.70941731992973,1.4171078182664503
2022-05-02,2.269689618577533,2.3427450335313584,2.6092454648743653,2.7687827837989465,2.311770027722362,2.4069666377417134,1.5286940048087
2022-05-03,2.023784080143379,2.1126618606014285,2.3339590994193933,2.502310375210545,2.011889332060782,2.135793729931001,1.593991281491483
2022-05-04,1.8063743962487377,1.9061812757033698,2.090589976817185,2.2641289632476593,1.7645076874742978,1.9045605587992975,1.2835193867980723
2022-05-05,2.030258612582651,2.121243359931147,1.9680175627267558,2.052801605245029,1.640366512749891,1.6994214182767569,1.5988360254213836
2022-05-06,2.4173766186376118,2.511891932780465,2.661038706815876,2.812676932775824,2.297459084258918,2.381702511977249,1.7651348482141793
2022-05-09,2.1612194584657183,2.272635467984264,2.401450760373908,2.5687200699312642,2.0964637010280915,2.2334379097473454,1.4270508976203151
2022-05-10,2.403041059953397,2.516414335655216,2.795882334374981,3.0000507189861527,2.523277636900086,2.693455299068166,1.7277963273919577
2022-05-11,2.1318769139113725,2.2593572376261095,2.4988680800595935,2.7119648276321673,2.1759991123102793,2.3826746484682793,1.768647653362843
2022-05-12,2.03728190245412,2.17034030880217,2.4179799561509485,2.6432677074384707,2.2168770150756067,2.4528194054634436,1.5814984024978997
2022-05-13,1.8120662175726099,1.9525152962982257,2.165964358971982,2.394701817380861,1.9493642031204077,2.2121267675352,1.1610553869330054
2022-05-16,1.8911893920619829,2.0178194846995607,1.999734724793247,2.169952763695972,1.7743651363623727,1.9666325854701816,1.3493593717573864
2022-05-17,1.6942283420673885,1.826693222309221,1.8086798533653452,1.9836144443334407,1.6349102927354364,1.8445974251439068,1.0317272685216978
2022-05-18,1.7229256625273266,1.8437927221014245,1.6745617446781362,1.8003113405077351,1.5029582434459232,1.6513982945040269,1.2182351643531315
2022-05-19,2.3816749797727246,2.4843428731134636,2.7070978230981377,2.8885480418207825,2.3583482445311392,2.492310111869668,1.517289337308104
2022-05-20,2.1326138953138067,2.250964551645223,2.4463628755380795,2.6401849890433096,2.152364767569295,2.3332259499574257,1.6568642904023028
2022-05-23,1.8950353219676237,2.023734907031576,2.1920880596293766,2.3916502483743445,1.8741912520952897,2.0863891670210113,1.3708866749249087
2022-05-24,1.8502134353293038,1.974479872391011,2.0013795708682056,2.1687234727685256,1.6977097302535982,1.8612208090478202,1.5093919766992427
2022-05-25,1.691645790024167,1.820517144612451,1.8553122314202761,2.0293724499122585,1.6559331171909324,1.8377291661401374,1.3684175266600178
2022-05-26,1.5531442398211799,1.6804789721067013,1.6777619660958607,1.8418036199333327,1.4874228940007106,1.6481848447297462,0.9672890671861196
2022-05-27,1.6098829408841364,1.722942075852152,1.5626154974675122,1.6746491026467398,1.380998606129974,1.4828345933742553,1.1088219014047374
2022-05-31,1.7635817610311955,1.8623122364323832,1.495246243845639,1.5269180378889244,1.3095050468289873,1.340182750653798,1.424778938270278
2022-06-01,1.6007217510869691,1.7065271639635282,1.396231338982346,1.4441649110200734,1.2964830772829485,1.3507515935811136,1.301035155827573
2022-06-02,1.4727760522251474,1.5816240150491252,1.3315234721788023,1.394392329029787,1.3109380319348771,1.3853746236468298,1.2618309378839148
2022-06-03,1.5180002825225682,1.6155542307436708,1.2609752819717075,1.2748694564085878,1.2284785524228687,1.2546656322472154,1.357766060117735
2022-06-06,1.548015286497376,1.6438443344165428,1.4603274640939343,1.5160412215423935,1.4580547065999634,1.5062002755092099,1.3333149859847455
2022-06-07,1.3862248449123378,1.4855535332034984,1.320148464130705,1.3817217626525369,1.3029617625330692,1.3634673723933384,1.0750735862750442
2022-06-08,1.2966025682073543,1.3922189475924822,1.2098567845810677,1.2615369603617188,1.192477532453838,1.2368335161932469,1.0739871105677086
2022-06-09,1.2670070332013548,1.3595987531218097,1.2540129574936583,1.3237214156572563,1.2971311121509799,1.3594334234009702,1.1170688345383448
2022-06-10,1.5646490662895878,1.6445334904879252,1.7390631367663134,1.8463079274983087,1.7053291332285863,1.781296300629869,1.1496034670317914
2022-06-13,1.9164993773997947,1.99273166393502,2.247971082553891,2.394382080803409,2.152809255152021,2.255324961157676,1.328553026046981
2022-06-14,2.4451845115488458,2.5232529674871205,2.9558959798075777,3.1508930590877617,2.7444837760677507,2.8854106937458557,1.7896920861010757
2022-06-15,2.177111844180202,2.27557205310959,2.6523352246470537,2.8615986655062686,2.427950384419236,2.6305926264115542,1.7935676348989342
2022-06-16,2.0229037821338207,2.1307060772453186,2.3925277329227352,2.5925337789870513,2.1404460609999725,2.331211725086534,1.8050550767991118
2022-06-17,2.3217753096564966,2.42708459956964,2.8034897063802102,3.0282995325911495,2.567895217980359,2.7818030686205097,1.9064359311794776
2022-06-21,2.0615986294688957,2.18218838663289,2.509383500934264,2.7422204711414953,2.2170067384335423,2.463856777258287,1.618069719279045
2022-06-22,2.0947776694331037,2.211440348740127,2.301878021655912,2.486712114336958,1.9993269410434398,2.1866365997601793,1.358137602747021
2022-06-23,1.8638193653735973,1.9916846112471835,2.066322262612465,2.257785025199251,1.774443307520317,1.9878888675129553,1.3807413756403117
2022-06-24,1.7011784556410237,1.8316301356079465,1.8643996462477996,2.048952200181864,1.5865076728530665,1.779304313187606,1.3049055430237857
2022-06-27,1.9788401232744333,2.0863549927343703,1.7859814823989093,1.8636900664283311,1.5013712883006836,1.598232698634078,1.2271120223110263
2022-06-28,1.7677940969751238,1.8858234280627375,1.6166650873013972,1.7055834658402167,1.3918575128464656,1.5095143686464596,1.3037238801538535
2022-06-29,1.8216786315913396,1.9367817729170425,1.8362345486806442,1.9539499072876834,1.6824545614674697,1.810208341691813,1.2181221116115717
2022-06-30,1.6236938750024652,1.7460061939007656,1.6525803962872874,1.777147360329419,1.5018928325007972,1.6528073115008866,1.2482021881624834
2022-07-01,1.5068575961181163,1.6303190486347272,1.568827007746387,1.701814515044849,1.5083762663052154,1.6726653007176688,1.2006683438797336
2022-07-05,1.4104966757414807,1.5289639224517342,1.4296504562857566,1.5487400163920346,1.3685580764400007,1.5066231646136845,0.9533661046720905
2022-07-06,1.26215485532149,1.3798021579241775,1.2911223228720523,1.41009319203946,1.2223854607598672,1.3635161862044909,0.9549003831030535
2022-07-07,1.1382370547211187,1.2512077568846873,1.1700907022988798,1.2851343616357553,1.1045583635711254,1.2371106392254505,0.7233266753625411
2022-07-08,1.1932386065220757,1.2876279346787982,1.1050330495920937,1.1766266855572418,1.043021401155279,1.1264137111666623,0.8686729035666674
2022-07-11,1.0746524311024757,1.167034657506795,1.006987028120909,1.0785047985505904,0.9636594797837412,1.0556183023658512,0.8058681278200741
2022-07-12,1.1087043792972116,1.1925810257904759,1.1254318924387678,1.2090942182712543,1.1285221889686774,1.2234975486114341,0.7905508516388686
2022-07-13,1.0905664402624589,1.169870928885672,1.1493806716882842,1.2406051322809983,1.2101019644464202,1.3136100357302944,0.8930746487711604
2022-07-14,1.0096494665559044,1.0866850457467585,1.0773187620901397,1.1707525000516723,1.1770648961176071,1.2917084410058168,0.8999406962090064
2022-07-15,0.9282489716622773,1.0016572359791962,0.9986818022367377,1.0917196285732391,1.1201227759595234,1.2436208289878146,0.7300010503065331
2022-07-18,1.1563339792392624,1.2080268284205717,0.9915544974892274,1.004191678735412,1.0698222255463214,1.1304569240367475,0.8937000791390679
2022-07-19,1.1144319486182246,1.1685049070099276,1.0236386895377168,1.055742246030262,1.1418658204786183,1.2141804095533983,0.8892009497240407
2022-07-20,1.5243256079622332,1.5628679178372065,1.0882754636330871,0.973349334067817,1.1163476351664603,1.1023522605360134,1.071797317786122
2022-07-21,1.379356888478896,1.4276450665504157,0.9973158278714821,0.8972359827512786,1.0226288965222996,1.0083697255362152,1.1278019689211352
2022-07-22,1.2956724887358382,1.34791492492968,0.9328414824665626,0.8305053780066585,0.955588907866594,0.9245394131765903,1.2084222922066885
2022-07-25,1.2429308747018675,1.3000993143564274,1.0055426968815337,0.9555675468859596,1.0693790425699612,1.0592964656497643,1.0745858981260326
2022-07-26,1.11700869790191,1.1779565093091373,0.9196765995539326,0.8818062753905691,0.968240463118138,0.9720374194731795,1.0092280014578
2022-07-27,1.141057208641956,1.2004657885687797,1.0641403876165858,1.0682148423239635,1.1322496963968578,1.1515347695318028,0.7842314827642647
2022-07-28,1.4932065473764957,1.5365613828961082,1.1050780488546104,0.9837097371993514,1.1028995426787658,1.0470285295307524,0.9893607285635062
2022-07-29,1.421288939207486,1.470634051305007,1.0352185916085472,0.9070652835838234,1.031618997446913,0.9588396893978228,1.0664308578257597
2022-08-01,1.3966119283883256,1.4481797759881605,0.9884950807784976,0.8392803580261632,0.9783527200637603,0.881718033173019,1.1140287506306554
2022-08-02,1.260650402308984,1.3199548833140964,0.9200651479945382,0.8029525457222427,0.9477422911570551,0.8792709459927327,1.1671997173183848
2022-08-03,1.1776115153222593,1.2407529222225446,0.9276081181100634,0.8533020442331476,1.0026267890624632,0.9591661496179148,1.091820389771029
2022-08-04,1.2364612171782363,1.2917970344748828,0.9087815653175193,0.7918220916191532,0.958028630855441,0.881331310860584,0.9426992639742984
2022-08-05,1.1135156178065897,1.1731393738392957,0.8369344225869706,0.7413242032202124,0.890667209346003,0.8389533602074041,0.8434220553170094
2022-08-08,1.0099806971202916,1.070990090969832,0.7805482122053715,0.7042376669944975,0.8494415661908437,0.8182237075251464,0.6825241850728504
2022-08-09,0.9189666589472947,0.9788752445868563,0.7298863775488121,0.6684222293003358,0.8064560223312304,0.7925044163850131,0.650551307688563
2022-08-10,0.8642904277942873,0.9208895023087246,0.7265866992618744,0.6868268602870891,0.8309687714908335,0.8310153797928693,0.6145666162537888
2022-08-11,1.1788494664351208,1.2150111674469906,0.8043004625377124,0.6464531210262118,0.8298656652508034,0.7646164821433487,0.6459043493597698
2022-08-12,1.0640403578152315,1.1053868231142767,0.7465297676562923,0.6144906239047261,0.7792101076482116,0.7340476039723944,0.6951486431311455
2022-08-15,1.19312087767203,1.2278131182184981,0.7845316259628741,0.5837927288831093,0.7731353196948648,0.6810158571950835,0.8531833099909865
2022-08-16,1.08311969797499,1.1222482678388372,0.730526216655358,0.5557814139250903,0.7210449772018162,0.6334646969669433,0.9275364917780025
2022-08-17,0.9801992303789562,1.0216846488230518,0.681391948163741,0.5314587421025135,0.6688912350057584,0.5906976492694801,0.887352686459138
2022-08-18,0.9552876476954126,0.997162541044757,0.7625970854509515,0.6781484681125729,0.7822496216337049,0.7241378305666393,0.6975773977339355
2022-08-19,0.8708470090214419,0.9118166202997388,0.7104031827885326,0.6377246539521105,0.7239871221218754,0.6731713845998901,0.7082995975290364
2022-08-22,0.9924803857501108,1.029648252575898,0.9808051886187,0.9757727823398566,0.9739110398951075,0.9416212363840031,0.6307022356285757
2022-08-23,1.3200939806010896,1.3551794383945108,1.4922305755935599,1.550990494102507,1.407261801868931,1.3967805032767437,0.8386729478398307
2022-08-24,1.1922804143753385,1.235605497646028,1.352954584999009,1.421568668085492,1.299548626425175,1.3206876518003219,0.8929483172025794
2022-08-25,1.0780442051778596,1.1253396138897036,1.2246075930713762,1.2972601861098756,1.1688634042662962,1.201777971470846,0.837730478101439
2022-08-26,1.128110566054724,1.169589674990153,1.1476263313931623,1.1875864702647438,1.0941859407346028,1.0958048734003427,0.9538931891598514
2022-08-29,1.8240120006271245,1.8606566240481095,2.149433729767283,2.260630164529166,1.8975362613581643,1.9090578470172275,1.1704055909026958
2022-08-30,1.6575931150950916,1.7110299415793728,1.9642753672986002,2.0922780508282086,1.792034260635173,1.8503047577781984,1.0584191056689851
2022-08-31,1.56669670538484,1.6314377369920061,1.8700309997287188,2.013396720596121,1.7948838408969015,1.889415288601825,1.1530760012620418
2022-09-01,1.4497231103400092,1.523223812486424,1.7387038526401215,1.8918983590103517,1.7315672265773945,1.857472026921376,1.2286568936837725
2022-09-02,1.302428917889688,1.381617101822561,1.5653231573384427,1.7209927824171645,1.5317927792816863,1.6702048689511617,1.1008598599524482
2022-09-06,1.2719308419685063,1.3510341901255858,1.5354388918484352,1.6953628209029539,1.5757477149319508,1.7292563143203041,0.7816209863575939
2022-09-07,1.162751955469104,1.2442102915790505,1.4061477428205786,1.5676462722989106,1.476815588050461,1.6465928292532495,0.7719069143604915
2022-09-08,1.2884456994644218,1.3542741181156874,1.3258704245268902,1.4306481416678067,1.3682803431365018,1.4855316313771378,0.8349822293270373
2022-09-09,1.184796632172272,1.2523836880945103,1.2072110158114557,1.3067603851588834,1.2388955344016794,1.3461242295157703,0.8583943667347262
2022-09-12,1.2338611439427742,1.2930582596336424,1.1398513361258187,1.196587539202091,1.158011763361148,1.2232213753690393,0.995124065842183
2022-09-13,1.1869831845968044,1.2448148456501473,1.0587341496106362,1.0974715185605806,1.0738765061229074,1.1156006081808887,0.9955141103802498
2022-09-14,2.2151479791043127,2.257555881944092,2.5694294367837225,2.7171722764036055,2.2560305808820584,2.2828450601405117,1.4384505949632926
2022-09-15,1.9750139636648278,2.0382022880027915,2.3087750457262604,2.4668359946099074,1.9706825617941872,2.0381853651465733,1.3636621436631018
2022-09-16,1.8376621604859984,1.9159601499905186,2.16988993546502,2.342206370930607,1.9483672570282533,2.057051283565635,1.4045117518427324
2022-09-19,1.6765392625115225,1.7666368419888845,1.9955089090923777,2.1757130069053052,1.8484236219246257,1.9909862495910866,1.3227544900106867
2022-09-20,1.5219465323342576,1.6181546142509067,1.8041029259971806,1.9810458163738984,1.6464869992929203,1.7884818422448048,1.2766168318136077
2022-09-21,1.4596385498664781,1.5575525350406438,1.7438563234874518,1.9257474899039693,1.6815944065382753,1.8423716480204275,0.8628042418943636
2022-09-22,1.5214129805167087,1.614368016626769,1.8329929553061308,2.0211463589261,1.8368686065475575,2.0135544953538025,1.0219336684079543
2022-09-23,1.4198588798755185,1.5166897811300564,1.720013097194731,1.9107057185520968,1.7808656989791416,1.9781794324482505,0.9998847422816604
2022-09-26,1.4940528271517637,1.5849471205977157,1.8177989455401047,2.0124175377964546,1.9192485645347181,2.130568970451,1.113725722382842
2022-09-27,1.4226100452701869,1.5160612834995675,1.7379233865509258,1.9347339803154902,1.886678902494752,2.1163852032323724,1.186668079148045
2022-09-28,1.282709685405913,1.380059633925092,1.5754730382572155,1.770486212721622,1.7023677833006143,1.9467630125636388,1.0855975019361899
2022-09-29,1.406618931046696,1.4864052430169725,1.4824478211694947,1.6164695032909384,1.566271763187047,1.7492232117258797,1.0455055003008453
2022-09-30,1.5804681005420558,1.654493306981741,1.7697961830375915,1.9207694413457161,1.8379163059893755,2.0267609777103384,1.2150500826062447
2022-10-03,1.5725082505555215,1.6509255068899131,1.7991112374041065,1.961577005830839,1.9181027461214681,2.124860578314964,1.2108469344395016
2022-10-04,1.7662317608358147,1.8343923314301902,1.7104217306093237,1.7897379288635713,1.7662847577051095,1.9029847465410026,1.3857661622275546
2022-10-05,2.0226903747000007,2.0851807339859256,1.6702379434266947,1.6351012834636414,1.6559284525252953,1.7106416019294255,1.749144853908303
2022-10-06,1.8077039452820727,1.88720635649485,1.5149063053394654,1.5007327469482115,1.5079871453421392,1.5931626781107018,1.6041616513427819
2022-10-07,1.6836991455767432,1.7735533353538442,1.4847227756824546,1.5024133563279196,1.545695695663429,1.6529456866246706,1.447484451855352
2022-10-10,1.9609791472729088,2.0444142421474827,2.03603458468191,2.1273099820668726,1.9981822635646125,2.1197400157144757,1.5690452291454666
2022-10-11,1.7858820152028656,1.8826066929952232,1.8829976917111677,1.9907772500708294,1.8966954682555948,2.0522104461436528,1.4087642190066618
2022-10-12,1.6266057868233497,1.7323665714410141,1.7390296483731074,1.8586594636478468,1.7938659419160259,1.9750873923552765,1.110763522597764
2022-10-13,1.4662680161327282,1.5780499571055329,1.5838548811512616,1.709984401551993,1.6472803703131849,1.847132163162029,1.1281154160392306
2022-10-14,1.6949859515473436,1.7837964427145039,1.5305879441757972,1.563271301041052,1.5413595385586978,1.6626028695039026,1.23316314768393
2022-10-17,1.8517595907668545,1.938198419387275,1.893429033899315,1.981243876998191,1.8812070265645635,2.0163337318745485,1.205711016374886
2022-10-18,1.9819314437182785,2.0634843132832237,1.7951316683029153,1.8085893116240328,1.7381432809660318,1.8094871642033985,1.4461206111273814
2022-10-19,1.8264606014459905,1.9182577921878028,1.638100695341758,1.6509941426234422,1.5700554988681523,1.631367847223398,1.5509264208867493
2022-10-20,1.6632685798811,1.7652737078198983,1.528936311092506,1.5630438073153967,1.5251900711798299,1.6137815429005662,1.6040387288301292
2022-10-21,1.5351946132103669,1.6427897010605403,1.4545331453966595,1.5079486248781728,1.5132406310247248,1.6240477056380884,1.3787518484104633
2022-10-24,1.686196048044882,1.7772380561786356,1.4069608616879994,1.3811617242110574,1.4213666512342598,1.4682413327605845,1.3374938304139348
2022-10-25,1.5814700032706546,1.675407831871813,1.2993918411052456,1.2658287851923038,1.3047347383374102,1.332795384014352,1.1970288672099085
2022-10-26,1.562783179539813,1.6527876789314242,1.2281707688604278,1.1632805200973497,1.2208305153522006,1.2143986882648405,1.2428883779575406
2022-10-27,1.4437171434460592,1.539226409758778,1.1924972633212354,1.1600977630187561,1.2468895865755563,1.265386930403216,1.2724357398036794
2022-10-28,1.3287668937543282,1.4272852328834362,1.1401997713135372,1.1309567054723764,1.24233885495223,1.2831877366506692,1.2559890340247093
2022-10-31,1.5659705857371133,1.6420831056096572,1.1601898676284566,1.0441795858050602,1.1964690651477805,1.1704647821040535,1.2220465774208524
2022-11-01,1.4474423728195513,1.5309331155020225,1.1377119110127827,1.0642852864125298,1.2279956553014173,1.2286630353525696,1.2022098377809007
2022-11-02,1.316065179425726,1.4047117929273334,1.0657608859757577,1.0162152966013398,1.187234939771941,1.2117362551379924,1.051993963598643
2022-11-03,1.6298663492212733,1.7037998599529276,1.6740577123234892,1.7222996791289527,1.6514437015203798,1.6924074854563234,1.2122895267203517
2022-11-04,1.5398214405648778,1.621428468823121,1.6232240704715302,1.6946605707760678,1.672185692356442,1.7461516135822874,1.2911139460581804
2022-11-07,1.4851878307584496,1.5664199915032715,1.4963543196306108,1.5500642534055775,1.522484979896414,1.57704015574191,1.1615736122052769
2022-11-08,1.3851620300274685,1.4681005021134033,1.3711793498707745,1.4192906923005482,1.383678615868486,1.429657386131246,1.1978498621433893
2022-11-09,1.261986606737587,1.3470878310851764,1.2510164390850476,1.3013137172436462,1.2534091656226716,1.300835836927085,1.2042121968368869
2022-11-10,1.4709917782320525,1.5448340350767666,1.6036462234646425,1.6944402433396248,1.5844693158935512,1.6477636823261441,1.119822011568037
2022-11-11,2.6462921347847908,2.681797813703484,1.8564963687654932,1.5561456795281108,1.591421640305919,1.4880544325791651,1.617097675455493
2022-11-14,2.383195989658416,2.4468362437512514,1.6832103704343946,1.4241085963955322,1.4395022647327365,1.3508532594412233,1.6884085772529496
2022-11-15,2.1653719465525096,2.2517243271950864,1.6000009238508985,1.4111716459532049,1.4626972162113299,1.417009094985811,1.6627538548503566
2022-11-16,1.9620382282367064,2.063444679854643,1.457395599456442,1.2934719704287583,1.329669876709318,1.288804744139244,1.6835419620985002
2022-11-17,1.7959021248962586,1.9088592969042064,1.399533210806602,1.2876574499857123,1.3571966894745349,1.3489919524835736,1.5096844434493086
2022-11-18,1.6150595965163674,1.737044036879167,1.283279958000921,1.2003137496829988,1.277791267983956,1.2986889814379758,0.8974168850373407
2022-11-21,1.456768130372277,1.5823484859059778,1.170431643618743,1.1035340792934085,1.1602837676741085,1.1855206661841384,0.8369043384201372
2022-11-22,1.3224196320866073,1.4492488734918447,1.0915334802449903,1.047431635399228,1.1259602462638265,1.1704277020009584,0.7726471557979901
2022-11-23,1.3092285421733314,1.42255013869387,1.035495924404107,0.9673034889472356,1.0590170710962494,1.0703397899295095,0.7979012205399125
2022-11-25,1.1978904649366913,1.308541526983033,0.9552580616967535,0.894642173540117,0.9765146401365618,0.9828097466351632,0.7815197211846424
2022-11-28,1.0805325122073572,1.1891139412021061,0.8784288208705195,0.8307789798076011,0.899275722964533,0.9219321928127004,0.7444058669247788
2022-11-29,1.206222634150811,1.2964659893793804,1.1759580771559826,1.189930981039392,1.174174072176984,1.2048440536507197,0.8461182458124707
2022-11-30,1.0927096046029074,1.1835312932575157,1.0784230445380543,1.1016639330694225,1.0941918948542233,1.144175701623844,0.8486249989668833
2022-12-01,1.6136783022363255,1.6656429729507929,1.1709611147792451,1.01750768274733,1.0895331701701856,1.0432831194990144,0.985934421190257
2022-12-02,1.4489677024036063,1.5129692186710155,1.0694646770667042,0.9438149416223172,1.008089310349052,0.9870261807335855,0.998085836758072
2022-12-05,1.3053646446535974,1.3772925932137994,0.9821357752849341,0.8800850521962609,0.9443440421123841,0.9434157727249798,1.0041935544541274
2022-12-06,1.4259767795593652,1.4928354243881305,1.3344601596177328,1.3247092282137285,1.2743357386846326,1.2868333818224558,0.9804778633709064
2022-12-07,1.4394520349416475,1.5082730361249632,1.44956946875847,1.4810814050177117,1.447029582283844,1.4826628513929159,1.1513859091350902
2022-12-08,1.2992930718419382,1.3754016634875288,1.3210045994814108,1.3634731064116359,1.3316974394448915,1.394181831558684,0.8273256517868053
2022-12-09,1.2059494746636938,1.2823135209769694,1.2109322195479206,1.251091618351315,1.2156388634491293,1.269930172958039,0.8897288680080354
2022-12-12,1.1438385269713869,1.2203152019582444,1.1792721866195823,1.2334395649321337,1.24342678444933,1.3144857823352651,0.966750045532381
2022-12-13,1.1830685783058241,1.248553990644343,1.1142810652987252,1.1345775932281104,1.1616920277113019,1.1976392000000742,0.8939406424706273
2022-12-14,1.1047656821289022,1.1694176769558653,1.029137650839543,1.045374026704604,1.0697890285943887,1.0962272570181817,0.7776836927812216
2022-12-15,1.0429537523679744,1.1077826479181754,1.0048629078382991,1.034925162898011,1.0933033213451355,1.1358061914904714,0.8287977398704561
2022-12-16,1.45986032238393,1.5073763208310518,1.6429038486579073,1.7295829574374335,1.5833596977087807,1.6311601169978618,1.0069297004711735
2022-12-19,1.4088506095711075,1.4643759786697963,1.6103071511073497,1.7135575930717732,1.6290448885007163,1.706204879061809,1.0958560274517635
2022-12-20,1.335586826643151,1.3976666004936575,1.5428851632114293,1.6572571721615548,1.6231859738036762,1.7274421293315259,1.0403566359286662
2022-12-21,1.20404635024987,1.2718337360332663,1.3996169182312026,1.516382912159751,1.4432513163360667,1.5649675296747954,0.984744563248819
2022-12-22,1.2410934273045613,1.3007616574008205,1.3072783876265963,1.3901648989656192,1.333611525398864,1.418491540029055,1.0619026465233745
2022-12-23,1.297549855288718,1.3561593827727183,1.4295104953393236,1.5299244496931739,1.4956626896040777,1.594865285849608,0.9440651752971267
2022-12-27,1.19050995439241,1.2525246658413727,1.30400752632668,1.4018479614259975,1.3502215849675405,1.4473696641370795,0.8959466651520406
2022-12-28,1.0963121328904075,1.1613175468503592,1.2109656912864817,1.3124714936232535,1.2913886572408233,1.404586173748438,0.8383826226884454
2022-12-29,1.1353742804468134,1.1963221661433923,1.287492124014594,1.3975655915810001,1.4061980885897791,1.5292444581369047,0.9619157876069083
2022-12-30,1.246742808126498,1.2960659909677268,1.2249480455293922,1.2831544556811263,1.310417739612704,1.3864743955062953,0.9802058200574031
2023-01-03,1.1350413455855217,1.190188150853921,1.1285797359357241,1.1924469287089767,1.2289175377006825,1.3225277792898453,0.8772790537959497
2023-01-04,1.048362331741682,1.1062578179796843,1.0584839642520676,1.1274330289768812,1.1873480777792726,1.2937829477723373,0.8233343973850303
2023-01-05,0.994905742752527,1.049448594284965,0.9817000971733275,1.039266954128923,1.0926313950236437,1.18124688811594,0.8619997502336532
2023-01-06,1.0504984695634534,1.100664871951442,1.1069928909664968,1.1797417355873172,1.2337980205809755,1.3291621640230686,0.8562645230776781
2023-01-09,1.3317854073332716,1.3650524015790868,1.1135496397785307,1.08751626049877,1.181175585039889,1.2088886178957734,0.8949298467711805
2023-01-10,1.20270221640318,1.2451359528181125,1.0209140998804682,1.0064233787313357,1.0856124623206174,1.1328838703712294,0.9211791000811831
2023-01-11,1.1191644975214319,1.1644804424957962,0.947273989157975,0.9307853182223648,1.0036558527477613,1.038872254723391,0.9440484486216163
2023-01-12,1.1356553689584328,1.1767970978288353,0.9099612808915577,0.8639800679988221,0.9518172360571631,0.9540584490468144,0.9965680372747228
2023-01-13,1.0352754327074458,1.0799086970858491,0.8421527857724992,0.8031927159781317,0.8768471488882019,0.8803466798865374,0.9186287678499041
2023-01-17,0.9513171826506972,0.99655374080766,0.7841184446895378,0.7490272595019873,0.8134660211558848,0.8141163698961534,0.680575631759728
2023-01-18,0.8765089690006639,0.9220195022187304,0.7415267410093508,0.7163445607712592,0.7919659302833496,0.8048553011211064,0.6959084012510091
2023-01-19,1.0656566200634363,1.1025863230136708,1.0968842557100273,1.1283338206535327,1.093027144772368,1.112556468759887,0.7726290966263952
2023-01-20,1.0324866405401691,1.0722155665161102,1.091387466823475,1.1375404761405745,1.146006403010683,1.1828414536410425,0.7160250331179253
2023-01-23,1.2103038166668538,1.2392079477781885,1.0698480417778318,1.0497541969993784,1.0932291995647563,1.0796300363044842,0.8780971266303031
2023-01-24,1.1909487660780336,1.2217144006616427,1.0090181860788239,0.9700072396811644,1.0256869268053306,0.990220345895383,0.9959029929657062
2023-01-25,1.0797676880303835,1.1173195204448492,0.9291261082030026,0.9014681987007066,0.9510763690983627,0.9377165421161855,1.0110326093851567
2023-01-26,0.9815940949640771,1.0229590966552409,0.8578071686426216,0.8383290974255885,0.876918891249865,0.8812449352976519,0.8088924046137673
2023-01-27,0.9936609359698738,1.0294206844273588,0.8241001089065292,0.7811751433115734,0.8360704676631909,0.8132456631661457,0.8148567706506346
2023-01-30,0.9085179556345435,0.9456900266389904,0.7665449783981554,0.7299727031294232,0.7736473453441922,0.7549046373090686,0.638577759975931
2023-01-31,1.0179040007745905,1.0513446653662701,1.008056392752797,1.0221809764373138,1.0076348319632404,1.0015776329731965,0.6333466215734482
2023-02-01,1.095285221704404,1.122607902122517,0.9716584763718439,0.9458223512675874,0.9607682527271688,0.9198863605912156,0.7993358324997192
2023-02-02,1.0748017284446516,1.102408988875721,0.9181645033764819,0.8769639911909776,0.9070595441141823,0.8483946716408044,0.9269467115882363
2023-02-03,1.1388051794863574,1.1631576613128842,0.8974700944836206,0.8156727114949796,0.8748411012695356,0.7844960536456678,0.9719967125855123
2023-02-06,1.136409955020568,1.166380322680155,1.0073547212687055,0.9768919352410972,1.024417771133379,0.9611271558949301,1.0856910649784555
2023-02-07,1.0715579702746336,1.107153535106548,0.9887146113010872,0.9799703012479756,1.056452137965824,1.0182962650142113,1.0125845528362716
2023-02-08,1.0988786047191579,1.1308395131034026,0.9452758692286541,0.907686561094655,0.9975372288712552,0.9368178092572806,0.9745064430830117
2023-02-09,1.1184642777275724,1.1534322898676994,1.0637396821869338,1.066697509575047,1.1425013331884568,1.1071294479723706,0.9762502595615459
2023-02-10,1.0940746999657744,1.132759603199157,1.0916676577064786,1.1174784118882146,1.212950547812894,1.2028934800118132,0.9218679277303383
2023-02-13,0.9951774753834793,1.037116259281169,1.0008655778944726,1.030314070121743,1.0984004602932906,1.1021573821736517,0.8360493839681118
2023-02-14,1.01240082028163,1.0485511772439773,0.9481053281309574,0.9526688177659488,1.0289885918230959,1.0115377584489234,0.8723313020369463
2023-02-15,0.9231957664875852,0.9618125621479447,0.8747904440026322,0.8843812494040809,0.9461836150705323,0.9483173295880563,0.74886676336327
2023-02-16,0.8486202974322815,0.8864458445904577,0.8112592589591117,0.8219747169481545,0.8704749233686875,0.8759465702119525,0.6394579752288146
2023-02-17,0.9973201700905922,1.02906065069922,1.0660527764396184,1.1115058238056512,1.1049591320106495,1.1209956416191844,0.6818100509722641
2023-02-21,0.9214675452018153,0.956067613919173,0.9921532064921723,1.0424169568862391,1.0582462822001752,1.0922077864397604,0.7060910903972013
2023-02-22,1.2260808975157824,1.254084654989728,1.4213121290714765,1.5075486029124305,1.4159748305251472,1.4591377582707032,0.7771018926341051
2023-02-23,1.1136281261373058,1.149369463191288,1.2962956854480758,1.3866682153397734,1.300908084415431,1.367856266770729,0.8280144132254771
2023-02-24,1.0290748902013767,1.0674854707441241,1.1859648468747797,1.2729978542014424,1.1834936634247244,1.2479657034854224,0.8410117200521259
2023-02-27,1.053126677291703,1.0919041126325255,1.2290536056179509,1.3257316542612307,1.2839136137412381,1.3612652768861837,0.7963873913257645
2023-02-28,0.9630738470130198,1.0039599369996335,1.123555615024681,1.2183406910061458,1.1622268810842895,1.2427247327233892,0.8245976314093932
2023-03-01,0.8942414948695778,0.9361512640578283,1.0448086552885696,1.1400390063178993,1.112323945765036,1.2048086486742933,0.6086104231518593
2023-03-02,0.8521408753619956,0.8930006268930328,0.9967623960631146,1.0924607843193443,1.1024751922937848,1.2037870897841345,0.6441343150661668
2023-03-03,0.8342064827667226,0.8688319606404092,0.9289272764176869,1.008781831675801,1.0204969278444391,1.102558468017986,0.6573987530230658
2023-03-06,1.0024344737473507,1.023660782932494,0.9166361228219839,0.9342797477176882,0.9773651393043178,1.0118018986844617,0.7005471026087499
2023-03-07,0.9140571647164826,0.939078437894878,0.8468276754730184,0.8667353358394114,0.8912831428610375,0.9331577828604173,0.7056753596816334
2023-03-08,1.0816403064311382,1.1050856648755714,1.1444008712868894,1.199470616648188,1.1602549451675805,1.2062128058104504,0.8133039160955695
2023-03-09,0.9836183241175738,1.0120884591312669,1.0479599054465074,1.1051527421496203,1.0515995035244161,1.106304454249377,0.8052583441251984
2023-03-10,1.2155738925867718,1.2416578794336608,1.387436424733351,1.4738103309433814,1.3665768815645942,1.4269444245012493,0.9004958459800265
2023-03-13,1.27782683974251,1.309548059816927,1.488725165182132,1.5930301560934839,1.5220524596817924,1.6009210349788228,0.8977270083323705
2023-03-14,1.1590864123466673,1.199094503300731,1.3569772970524085,1.464680472921464,1.3902314806643126,1.4919015382274956,0.9369485822381167
2023-03-15,1.2403665812080849,1.2752291349114697,1.2797339947654893,1.345415761748107,1.2942794529974366,1.3558935300909245,0.9105628682076716
2023-03-16,1.1694515590679768,1.2111334179404858,1.230938807205664,1.3066119505232252,1.302114111074153,1.3812637141898667,1.012021355667634
2023-03-17,1.2724000563205486,1.307944686884365,1.1781149290294657,1.2025332511576468,1.2226615938654992,1.258005710500263,0.9714672724565538
2023-03-20,1.254862721503157,1.2965104169249344,1.234799457856787,1.2827373924100265,1.3266205645772673,1.3799141571717692,0.9599886761559587
2023-03-21,1.1858175751187143,1.2301712939422458,1.1415529887693054,1.1804426215015122,1.216926367234301,1.2584946702948014,1.0624920152567274
2023-03-22,1.1905533990816917,1.2324930033775297,1.0767218551694375,1.0884556309403652,1.1356903023849423,1.1502883142357223,1.0072766711736292
2023-03-23,1.3048887612672104,1.3471450358780233,1.3310943013193557,1.383753611811015,1.3814994198198334,1.4130015793267867,1.1267686507424866
2023-03-24,1.1829011785155148,1.2317265191638274,1.2147679429726426,1.2715308266224927,1.2458693517824224,1.2891207118057548,0.9760628944304233
2023-03-27,1.0915627733318476,1.1426519007797402,1.1157204713078896,1.1705177241092775,1.1380900042173316,1.1790787534238265,0.905529939838867
2023-03-28,0.9927128827475614,1.0457710627196624,1.023109047036152,1.079457801348937,1.0334441557840903,1.082336160221571,0.8260749436152328
2023-03-29,0.910887221360029,0.9641323033913246,0.9465885375800978,1.0048081321044713,0.9742838659305495,1.03544865094739,0.6794179017919064
2023-03-30,1.0075931039697514,1.0471665390986509,0.9184157760704951,0.9311452806199891,0.9312974113448637,0.9522789177992912,0.6228100129186445
2023-03-31,0.9419423079038234,0.9809214709665945,0.8557024920341517,0.8644078863444736,0.8670671300216747,0.8791659681074256,0.684429685191364
2023-04-03,1.0342970966360396,1.0637902300211435,0.8445420197987292,0.8062941319377799,0.8393842311932885,0.8131058219874133,0.7735602491734291
2023-04-04,0.9500849531404653,0.981936690323319,0.7868250139136794,0.7527441260887683,0.780578787669045,0.7545775283643431,0.8270257839607562
2023-04-05,0.9120678307266612,0.9453221653321325,0.8028817782541696,0.789713952679441,0.8408849834424337,0.8286251068533097,0.8610577923984645
2023-04-06,0.8468859884807963,0.8808579021197382,0.7631187923879102,0.7580053143166193,0.8253587089457811,0.8269375300308113,0.7320419555240694
2023-04-10,0.7878562143360456,0.8191516816012403,0.7160781093938944,0.7100403154046422,0.7682053601174936,0.7673489220328571,0.690501490426498
2023-04-11,0.7279202643376192,0.7563797331997275,0.6723683116401595,0.6673167045038285,0.7101469127117124,0.7142079778164678,0.5361941445924744
2023-04-12,0.6771261926788749,0.7016656566382542,0.6349337942305404,0.6305937915175138,0.6641660588073067,0.6775309789255888,0.4752505434788072
2023-04-13,0.6663054657501251,0.6867272312405827,0.6482306061480498,0.6531157250351836,0.705197419211382,0.7252673185313641,0.4316841972688178
2023-04-14,0.8148744498774342,0.8231976396437024,0.6678934975618877,0.6184766833631787,0.6939779110206684,0.6741654912987755,0.5462657576442601
2023-04-17,0.7610174349871976,0.7708520332779085,0.644232265043889,0.6056104680217348,0.6890550727245571,0.6803437725830928,0.5469477981469274
2023-04-18,0.7130667385622322,0.7210897876517636,0.6134740964716544,0.5757692638041677,0.647716034560112,0.6352279192061514,0.567161917706042
2023-04-19,0.6639647432280278,0.6699911797022514,0.5843731728765545,0.5495539891061829,0.6035870028076049,0.5948861700129178,0.5672148516425307
2023-04-20,0.623098917535126,0.6262606960060619,0.560151390971598,0.5281739932886302,0.570942978572428,0.5704609555573183,0.5087881116593299
2023-04-21,0.6529834468230787,0.6547749819004864,0.6348940170393035,0.6259472166195831,0.6655934316582093,0.6710031032611729,0.40067896324702706
2023-04-24,0.6127739070333403,0.6116033941276299,0.6027319983537955,0.5935705305675414,0.619521438839123,0.6273954742730176,0.3894063771192636
2023-04-25,0.5786804242765853,0.5736452803936974,0.5752395379717938,0.5652223475741376,0.5785056244149864,0.587718067383404,0.3434897250085198
2023-04-26,0.8929261482796691,0.8925591292366358,1.0186539026195882,1.0625725560230797,0.9456766181572805,0.954543822795568,0.4941148044182545
2023-04-27,0.8418965506246057,0.8461414556339109,0.9629034207845192,1.0120414201871113,0.9424478615745372,0.9656651803210855,0.5747674647987454
2023-04-28,1.102695353646515,1.1034279582237179,0.9686883280397401,0.9387394539549835,0.9197859048199369,0.8876466582226644,0.7081262711407084
2023-05-01,1.049777635272055,1.056103955297829,0.9068580167906021,0.870962816893164,0.8644191006559531,0.8203164968789759,0.8380861375602242
2023-05-02,0.9570217104753374,0.9693964791905071,0.83970165564798,0.8122757962593579,0.8061377151138578,0.7798802093406632,0.8417645756857642
2023-05-03,1.0193892822809734,1.0362752821392598,1.0043542629571127,1.018035496447127,0.9968105606078844,0.9855811765015227,0.7616841878230511
2023-05-04,0.9855406723552818,1.0073874087791146,1.0032042584999652,1.0324962619652214,1.0510868090463665,1.0578440354294587,0.8068882504152185
2023-05-05,0.9609695471709655,0.9862543503874395,1.006842472928707,1.0493449324063386,1.1016975085722933,1.12570720436019,0.6628542796508864
2023-05-08,1.147480594535758,1.1658575712644068,0.9952034559590853,0.9710588505925112,1.052587981056144,1.0300988611571102,0.7642316281039745
2023-05-09,1.0414647576818474,1.0661672905981465,0.9162543397618108,0.899644522369401,0.9565044203549541,0.9520540579856863,0.818148995153184
2023-05-10,0.9752573982782156,1.0042018299437316,0.8867553977784307,0.8843163485182756,0.9670424493328369,0.9785487947272745,0.7203397629539261
2023-05-11,0.9045842711567963,0.9339797033270525,0.8254210718868834,0.8222521438005963,0.8943986689042164,0.9028936808036575,0.693297379612261
2023-05-12,0.8360878343277811,0.8661940626258884,0.7756680765113627,0.7776329807354442,0.8570311833555614,0.8785770343426154,0.6362570169168604
2023-05-15,0.7765194846575275,0.8056492802208429,0.7319147244372709,0.737470656334659,0.8223600521078143,0.8546653595435186,0.4314077617792585
2023-05-16,0.724497041359166,0.7498376421660209,0.688321629105109,0.6916770169127266,0.7639164429296759,0.7925346087667603,0.44684327228283616
2023-05-17,0.7385192196246267,0.7607050233396608,0.74054694668605,0.7584533853767713,0.8396390025831714,0.8751066163496906,0.4626769762380977
2023-05-18,0.8286426955318206,0.8417067790611086,0.7307739340639411,0.7105643365459423,0.8057195098038956,0.8077920701837754,0.5440793480317687
2023-05-19,0.8454261588821134,0.8551888343724555,0.7089031350846244,0.6681609629051175,0.7687214210447088,0.7481235126462746,0.6536179655586944
2023-05-22,0.7839139611483508,0.7953916328976552,0.6736154042051474,0.6409168114909286,0.7427051147403084,0.735125331582202,0.6774266598852978
2023-05-23,0.725709263594925,0.7367831427209287,0.636293214412003,0.607137938669277,0.6898281116359348,0.693429902283399,0.6411745716219985
2023-05-24,0.844191053029915,0.8550067695873782,0.8607909041105294,0.8759944584459848,0.8935088525352849,0.9040717826637233,0.6773473397186528
2023-05-25,0.8487334572204762,0.861824655820078,0.8960382491770221,0.9264072994613387,0.9703254919435486,0.9931869457773043,0.6420050147569076
2023-05-26,0.8495946117622033,0.8602358776714388,0.8461393211185579,0.8600292661840254,0.9097402474512359,0.9144374268692633,0.6222157079648083
2023-05-30,0.9347648797223014,0.9416831373428953,0.8252928750054825,0.8010081031596193,0.8700753862248576,0.8425008634456278,0.7581435530554584
2023-05-31,0.8564274309422325,0.866955673276292,0.7678999694637222,0.7488042835916537,0.8039301622390258,0.7925975935824486,0.7755970332642721
2023-06-01,0.8395402443241115,0.852559982248253,0.7953094405321873,0.794984798564064,0.8679472842451114,0.8693710249398142,0.6924050238508987
2023-06-02,0.8612660399100295,0.8710726781780986,0.7650820292333063,0.7428708161821318,0.8241308546248518,0.803166945542327,0.7207620227636019
2023-06-05,0.9778702452885041,0.9839386856893144,0.7688159887011755,0.6969144629043384,0.800310686880861,0.7424049915676131,0.7788285989618473
2023-06-06,0.9009833322900599,0.91207883046213,0.7293336764524859,0.6719330654462435,0.7809309417199767,0.7405388271523949,0.6789215381423086
2023-06-07,0.8292414258257126,0.8420562728360013,0.6852735864805963,0.6339341640954796,0.7258760928312216,0.6900176190210608,0.7007788676206729
2023-06-08,0.7884755114359339,0.8026152725118566,0.6833173379391936,0.6490588007250336,0.7524113473022099,0.7301469845215135,0.6533077894320176
2023-06-09,0.7635412346164475,0.7746410504274057,0.654816660147052,0.6139179344372151,0.7121683152193603,0.6792255707700258,0.608202612495556
2023-06-12,0.7079647497489284,0.7178549893363324,0.6202961553816032,0.582988832427389,0.6619863342917132,0.6352198390980979,0.45937161547072064
2023-06-13,0.7502822532315347,0.7542220789979195,0.6166429272837731,0.5565400716906862,0.6420528999074605,0.5922546191130397,0.5276479006289506
2023-06-14,0.7422781567887501,0.7434334725374782,0.6016911420314277,0.5334719155898132,0.617250813848908,0.554279705866498,0.5953046770710413
2023-06-15,0.6895269918232801,0.6902196443373764,0.5747071648248304,0.5130366795742819,0.5769321158136613,0.5215813448059567,0.5766258490653421
2023-06-16,0.8004641257306884,0.7961610316945649,0.599987734659951,0.497043469787493,0.5766047026281168,0.4893312672980393,0.623534991074314
2023-06-20,0.76302276616238,0.7618356210931476,0.6121838107698584,0.5378464659822162,0.6193063290232822,0.5479907664344736,0.6769848991203901
2023-06-21,0.744549455375468,0.7454594668962259,0.6434552227852728,0.596434587189609,0.6794857860236917,0.6235143511182528,0.6115997109266182
2023-06-22,0.7365696894862314,0.7389182958451667,0.6790523855829258,0.6544806996370041,0.7425398804837646,0.7013943986056866,0.585794700373509
2023-06-23,0.6956003990642365,0.6962196520687702,0.6444316391199222,0.6188306920638444,0.6962448757761863,0.6543360579402848,0.6276528417909515
2023-06-26,0.7404297927883344,0.7420498686781344,0.7441358114116512,0.7456844053272363,0.8110082017320486,0.7830585061982428,0.5699839083444362
2023-06-27,0.7227321964162355,0.7253656009427585,0.7431285862622538,0.7541117968831815,0.8399279585091481,0.8265112763202601,0.5825752516333758
2023-06-28,0.8065958667691089,0.8046235648235416,0.73004056733784,0.7072974494996658,0.8043735797610888,0.7648536622198501,0.6459764514235311
2023-06-29,0.7465056982076523,0.7464356600440408,0.6862630854539532,0.6674103209772173,0.7536260567014825,0.7295015335829493,0.6119465008520226
2023-06-30,0.7102410310880873,0.7087884518941014,0.6523468763637128,0.630241376173934,0.7082542624278773,0.6795442691511443,0.5995076080557973
2023-07-03,0.816654989432818,0.8112039289627487,0.661156818901321,0.5980902769350784,0.6916796194830658,0.6321425120334037,0.6428263509917778
2023-07-05,0.7538668708315747,0.7505123342960974,0.6258006138053586,0.569512237463632,0.644029211547356,0.5923766405158549,0.6315982215543996
2023-07-06,0.7091806620715805,0.7071828905702324,0.608507597773662,0.5632668778861843,0.6437361239106395,0.6049935432256163,0.5069925882913698
2023-07-07,0.7559047624776151,0.7557520678245366,0.7275199890409891,0.71795883509538,0.7730329716264766,0.7468975107001383,0.5735682298059176
2023-07-10,0.7179416329257329,0.7190086602368632,0.7043097987685996,0.7016749297547118,0.7743761960805595,0.7615677431875798,0.5709284481292557
2023-07-11,0.6723406652868782,0.6718641097231575,0.6641761494328046,0.6603603225490127,0.7205198626774806,0.709239211530319,0.4540571911413039
2023-07-12,0.6771464667250903,0.6726148857652676,0.6407339633694531,0.6242109849643024,0.6857682180455662,0.6604799771735931,0.5107500325536382
2023-07-13,0.6915130049598855,0.6836302440920285,0.6237906705946439,0.5925648286863067,0.6571437857569397,0.6161649197657175,0.5753947171301906
2023-07-14,0.7210999871131035,0.7107317981685438,0.6147419239080474,0.5650596378727059,0.6350914861599626,0.5758021646256467,0.5856037671161601
2023-07-17,0.6758714394194322,0.6666478400620731,0.5909865442824757,0.5485212970796252,0.6174468609477859,0.5714832645439699,0.5776259416313193
2023-07-18,0.6456940812175865,0.6346241941063218,0.5699184135147496,0.5265456859482426,0.5862040583010766,0.5365158286064431,0.5830406569310339
2023-07-19,0.6619477693703725,0.6479792371293794,0.5637525090359424,0.507932744949715,0.5682022844885197,0.5038443247921296,0.5840244543521053
2023-07-20,0.6244278464509826,0.6092515560479681,0.5440620465399086,0.49141753112349307,0.537913896474079,0.47514957265043967,0.5277875311192342
2023-07-21,0.6692455864119902,0.6568484142017341,0.6472893059542654,0.6286166921028896,0.6562631007301616,0.6075726643003594,0.49731875043692825
2023-07-24,0.62759032333148,0.6147296587251273,0.6139390831575383,0.5964434520438704,0.6109910688985254,0.5750999781917348,0.5042178314160589
2023-07-25,0.6071438604271368,0.5915622462365961,0.5897247194325711,0.5682279208243486,0.5810046605141026,0.539840627172947,0.49348676128435615
2023-07-26,0.5807234202016068,0.5624307213642841,0.5667379496350883,0.5436168946236012,0.550767960706471,0.5080755233827119,0.4445540744927462
2023-07-27,0.5537276008925008,0.5333524156704871,0.5461126133030549,0.5240392856503937,0.5261531251066011,0.4935460977147708,0.41824118756911555
2023-07-28,0.6104637283567474,0.5927734266303772,0.6384297281459682,0.6381521316565745,0.6381018104092324,0.6145149853349225,0.39670261961436426
2023-07-31,0.6902940155139409,0.6706536672462393,0.6342361295464902,0.605166037800593,0.622318038743911,0.5739180552489488,0.4996645609842195
2023-08-01,0.6457148533263797,0.6266935344559935,0.6030297542922057,0.5757196086393003,0.5835590567525428,0.5395567815149227,0.49580257139726347
2023-08-02,0.6242971561823191,0.6065911192225043,0.5983911831182064,0.5794000019983931,0.6045303872946297,0.571446218092837,0.4883744505093249
2023-08-03,0.8526189581600503,0.8426526545213061,0.9436256718338087,0.9749117837919623,0.900069158284958,0.8797039631731115,0.621746936000816
2023-08-04,0.7970058408165939,0.7916765738127743,0.8850767425907662,0.9196915451919476,0.8782218287451522,0.8736288027717863,0.6116613960219061
2023-08-07,0.7796836898770024,0.7780115045434728,0.8732168656618933,0.9145130542023494,0.9144080307004803,0.9233432811027548,0.55189103600262
2023-08-08,0.7991744505929474,0.7959553325982921,0.8275475384024668,0.8498931036898574,0.8617425895973648,0.8523383864287842,0.6323149751587265
2023-08-09,0.7679056463787808,0.7677278082513228,0.8074581458770673,0.8357677717739445,0.8782483695691294,0.8825068091865373,0.6674181350148494
2023-08-10,0.7837072269943013,0.786005790559117,0.8477651167076871,0.8867383061029186,0.9510176596623572,0.967634881532707,0.5803715772981302
2023-08-11,0.7258501898717623,0.728913912038672,0.7879676517208233,0.8250529080275666,0.8708765806753703,0.9006039207029188,0.5671363483584362
2023-08-14,0.680221510060061,0.6829357849382535,0.7398827560429057,0.7756483731938709,0.8252915553026562,0.8648543524524983,0.5064913884318224
2023-08-15,0.6695045646387302,0.6682413949164091,0.7018714272996949,0.7262465735264532,0.7747952713392849,0.8011468782997817,0.4498543925227326
2023-08-16,0.8134234840725174,0.81376564712253,0.9107458291145768,0.9576227409613773,0.9683363855680008,0.9998951523051526,0.531998286604629
2023-08-17,0.8282764154577178,0.8320689332363301,0.9404264565381572,0.9961193476137365,1.0383149567068248,1.0811313606058444,0.5548838884180091
2023-08-18,0.8426646069022722,0.849555999484737,0.9674274317080748,1.0307906850829684,1.100880549499651,1.1554453322995133,0.6455309338980074
2023-08-21,0.777458936415956,0.7860333674053,0.8935378173357567,0.9546663519593095,1.007900005838587,1.075165991243344,0.6555025614264615
2023-08-22,0.7636308125492167,0.7694944082853971,0.8379186123096144,0.8859286678957037,0.9370380538885182,0.9888601763794475,0.648239925959657
2023-08-23,0.7237310038591767,0.7301961603151497,0.7970707715265023,0.8453023821529807,0.9149608959120179,0.975617335365367,0.5567889888054116
2023-08-24,0.7971908360539937,0.7980914996185396,0.7724264543439766,0.78844639582108,0.868386082503102,0.8987713791803595,0.5796347643547913
2023-08-25,0.949079192837806,0.9536010196554012,1.02368826213878,1.0709154160996903,1.0904946382395528,1.1274735532962947,0.6533094591990253
2023-08-28,0.9033788293622981,0.910010772820978,0.9509645006616554,0.9901476217679714,1.0080751307411193,1.0355958503872078,0.7602273376750699
2023-08-29,0.860082476863578,0.8676272721213351,0.8863661727421782,0.9178124711707205,0.9356133603380448,0.9539715230990948,0.7539971540540088
2023-08-30,0.9745780111568422,0.9785237552839349,0.8667985432036414,0.8534130676074498,0.8962521838108696,0.8779823697663164,0.8738932662867591
2023-08-31,0.9002545292907213,0.9078620207666653,0.8077533702633315,0.7955578512441898,0.831557419285764,0.8138287860494821,0.8226608065748923
2023-09-01,0.8326077700508644,0.8434200797909316,0.7606353846844242,0.7539597097312362,0.8010215166868123,0.7972104964444798,0.6840858910408637
2023-09-05,0.7691859742016034,0.7804609789354795,0.7128294281034366,0.7070488651491822,0.7425552329141769,0.7420186769439443,0.6115814744243254
2023-09-06,0.7428485913952336,0.754324147541677,0.7124477101653834,0.7162076272685174,0.7744571889034384,0.7837790841518677,0.5812862597478555
2023-09-07,0.7627645156808389,0.7738395665807596,0.7730908857982121,0.7924305744695127,0.8607718431022123,0.8791071735169785,0.48537923156868357
2023-09-08,0.7269896645799059,0.7380140840088457,0.7473333732056044,0.7704558564114609,0.8573893105558698,0.8864057120204109,0.48351462898737063
2023-09-11,0.6774808299008482,0.6864231317448746,0.7010415833149513,0.7217509464723096,0.7908478256332719,0.8223005219600876,0.48384890228677235
2023-09-12,0.6808929481131495,0.6842713974414921,0.6720082859785453,0.6786816747697765,0.747501430385616,0.7626156240406936,0.5264106754747049
2023-09-13,0.6924684641289243,0.6954362470987643,0.7107153552213836,0.7283700275995981,0.8100506727191522,0.8330757521804,0.5533360669844938
2023-09-14,0.6476552284300595,0.6486312651817583,0.6691879665140569,0.684483258360676,0.7488178776014641,0.7744058472490396,0.49778405312954477
2023-09-15,0.6869288121856314,0.6823305016432497,0.6521827358956521,0.645873677135205,0.7155852968145658,0.7189506855459411,0.5410652184045225
2023-09-18,0.8407302098266967,0.8390934354312567,0.9016669745289191,0.9317990627628656,0.9352816938485662,0.9456286725061464,0.6603423354792213
2023-09-19,0.7749436295731482,0.7757796593396509,0.8355263364142747,0.8653686403617792,0.8568792107152264,0.8757992155049596,0.6163417862842014
2023-09-20,0.7284874358130168,0.7307919108285782,0.7890214249910616,0.8204464601995252,0.8334761485434802,0.863044325063444,0.5630714312544407
2023-09-21,0.8003473418850174,0.8039579073821461,0.8965003098692882,0.9427653153520914,0.9644369997586912,1.001235206887971,0.6492056871295516
2023-09-22,1.0336516009316028,1.0395957795491937,1.2106215789168127,1.2840687781846098,1.2410116318835962,1.2849337476829594,0.7360093364290279
2023-09-25,0.9512496558986293,0.9634864816502628,1.117086109099899,1.1921606313876625,1.1672580030235278,1.2289707333859747,0.6593954865766578
2023-09-26,0.8815034577723513,0.8960705896906185,1.0281561068939402,1.0992555323323085,1.066780697638489,1.126865862471399,0.6863468539445898
2023-09-27,1.039054529082601,1.0542878595810319,1.2341170556412389,1.3216571128620553,1.2809242430352568,1.3487753760906753,0.8072818787890402
2023-09-28,0.947933205873666,0.9681337290889273,1.1296236327912343,1.2160677624578196,1.1563073133222785,1.2402699669622073,0.7347954975710269
2023-09-29,0.8940337294386979,0.9146686084460511,1.0426485387630313,1.1212509023034942,1.062670969402448,1.1363054078800099,0.5883946681723833
2023-10-02,0.8340927216863023,0.856561993019666,0.9736922087822246,1.0517706932039361,1.0221239434884113,1.1053069085067186,0.5908997221047513
2023-10-03,0.7699871095716723,0.7923626252041114,0.899450657368414,0.9740409206569489,0.9358993391679968,1.0268042888937503,0.5475636581130263
2023-10-04,0.9371345887432049,0.9553499756478554,1.1128471730022398,1.19871093420545,1.1508202414374453,1.2407868593055034,0.5055713131264684
2023-10-05,0.9113814280737151,0.9288050999697544,1.0334160704802913,1.1059525084436068,1.0642083233112647,1.1360525807232358,0.6248231275773694
2023-10-06,0.8411345280069608,0.8610098114640229,0.9563292880503605,1.0277304032060872,0.9974537999764707,1.0791900779787422,0.5877737882559482
2023-10-09,0.8999702340791564,0.9137529590162577,0.911486326958287,0.9523424836674296,0.9423238869016977,0.9912182442811722,0.6689004360174062
2023-10-10,0.8580451258277176,0.8717158028546118,0.8524874971921383,0.8845199735722932,0.8788456274414146,0.9145404216375245,0.7639209891669598
2023-10-11,0.8115524500778993,0.82463987329338,0.7983607545161229,0.8237452875942421,0.8204144268721576,0.8462625611918523,0.6671944033015884
2023-10-12,0.7642199106995672,0.776066529733651,0.7492608761270688,0.769391458385245,0.7666695253660173,0.78521723666028,0.621810012148109
2023-10-13,0.7670460948208908,0.778979625333829,0.7827681895495212,0.8127257541559954,0.8377770729822859,0.8641303949403945,0.6758530367359725
2023-10-16,0.751292752364771,0.7633554353760513,0.7839641598048069,0.819504284975562,0.8732242055588643,0.9084339785733784,0.6028877443119738
2023-10-17,0.8075164756088047,0.8133658961437723,0.7591739018242355,0.7659631971703508,0.8308436270137417,0.838908359130987,0.6391793759474741
2023-10-18,0.7475482777905565,0.7545804212970391,0.7118324792589844,0.7191219103615839,0.7725790700550326,0.7919180794595805,0.5978157438497171
2023-10-19,0.9125979467205435,0.9197791993298663,0.98189896995694,1.022814771029089,1.011211679008249,1.0357943276271155,0.6797197432720643
2023-10-20,0.9221316330046345,0.9334015076691369,1.0170795790099585,1.070001805215227,1.093330641822384,1.1308645984830752,0.7294341098250098
2023-10-23,1.0133081848563747,1.0274793084009766,1.1556671216690992,1.22599118708738,1.2519058941243721,1.3020765754376045,0.8116859173313763
2023-10-24,0.9311624508894437,0.950237974777706,1.06581826769557,1.1370372737342946,1.165659038963056,1.2331788560949104,0.724341382371166
2023-10-25,0.8955001444838071,0.9139332337937476,0.9900754364880093,1.0505688376020526,1.0747369371247366,1.1297688490963533,0.7977270829570204
2023-10-26,1.0369660415000659,1.0553338273994093,1.1927498326167463,1.2714010356022396,1.2767502545500402,1.340564733265654,0.7973280970571975
2023-10-27,1.0826509373632485,1.104945494923263,1.264790018787181,1.3552230911742484,1.3870468104009948,1.4658557671948147,0.8433233168714032
2023-10-30,1.01311433368336,1.0407510091270784,1.188397920350834,1.2813907329807306,1.3385985464346641,1.434911813780471,0.7760558861032961
2023-10-31,1.0356738845075522,1.060167905102881,1.1129590654001014,1.1810590011821178,1.2363221282456685,1.306675955877626,0.8831943485026754
2023-11-01,0.9745942112661756,1.0004795264762238,1.0298104438023976,1.0902779981908042,1.133466333178596,1.1953427480247458,0.8951378460490262
2023-11-02,0.9785703622820141,1.0016315111187146,0.9693454515199744,1.0086796691645807,1.0561965233654276,1.0950685800758966,0.8451772317349691
2023-11-03,1.1644247273901527,1.1798805127059164,0.9640132632736371,0.9359636378765073,1.0134906007161137,1.0030719093967524,0.9059138562748794
2023-11-06,1.1168261596178886,1.136168818736678,0.9081241466869766,0.8701679968693085,0.9494664848234209,0.9242294933159164,0.9917901009733742
2023-11-07,1.0174434054140196,1.0422723975745027,0.8422031168129762,0.8108680266992533,0.8722853480689355,0.8561876504480811,0.8934432619172771
2023-11-08,0.9335341227507604,0.9609769012600772,0.7853433162306397,0.7578219003432585,0.8079432852474983,0.7946472879605433,0.836699343340799
2023-11-09,0.8562662845973832,0.8848822901967619,0.7342227139409302,0.7104145355539446,0.7464236650721088,0.7398822839247737,0.722968220371156
2023-11-10,0.8707641573870718,0.8982516739693452,0.8181276976014172,0.8206852092243324,0.8609559103118067,0.864718331037141,0.5770187640154458
2023-11-13,1.0079453449897888,1.0255737903146218,0.8171022831926892,0.767400949721556,0.8345686445209074,0.7977587788049891,0.6403639541276661
2023-11-14,0.923727832448499,0.94558557671328,0.7646849874290585,0.7237752688296879,0.7893812583290142,0.7684006248533122,0.6688768281566234
2023-11-15,1.1331112261377896,1.145949475387517,0.8029718155556341,0.6821932133146459,0.7833260185199826,0.71074811754293,0.8196440576540818
2023-11-16,1.0316498730929502,1.051116833416194,0.7492632854066459,0.6440109171347771,0.7264509423660189,0.6637753913578711,0.8724398884930977
2023-11-17,0.942404467043808,0.9659829178727715,0.7025645107890653,0.6102528882972332,0.6753352211464885,0.6215429888914278,0.7911717757811234
2023-11-20,0.8644780840319967,0.889863626499789,0.6623025946215028,0.5805329076142687,0.6304547683610552,0.5832396963168889,0.6070538666596018
2023-11-21,0.8418169317549518,0.8637920663697772,0.6419970919773674,0.5553450739065713,0.6082454497176321,0.5465062618077353,0.6650260241576008
2023-11-22,0.7851646200984183,0.8075034927275001,0.6228368747499133,0.5519409355329066,0.6128527923192235,0.564069915047256,0.46802882079189606
2023-11-24,0.740042019716841,0.759293719184006,0.5978408358674044,0.5299601379100034,0.5828793671582836,0.5298955901438995,0.49355393186346985
2023-11-27,0.6884707566260058,0.7052269191819596,0.5723146971059729,0.5106257493496019,0.5463989347132748,0.5001348493079696,0.4900897087982734
2023-11-28,0.6540167586091139,0.6678317976204671,0.5641112817220822,0.5137557879372749,0.5569533569350373,0.521034349633254,0.4805864888161928
2023-11-29,0.6146864160242759,0.6239469157045362,0.5437745267848347,0.4966149168171284,0.5243446243186045,0.4920211731891357,0.39526800398097484
2023-11-30,0.5855910010435176,0.5903490177119683,0.5311353979212271,0.48945471370784943,0.5175925251679526,0.49392243503632344,0.3781733732866387
2023-12-01,0.5705148447407534,0.5685494382577873,0.5198051382263971,0.4758719416695827,0.4969872702888765,0.4658081902652384,0.3573668191457071
2023-12-04,0.5838202846248176,0.5752996995618029,0.5170161582255294,0.4646993531538957,0.4846861714434189,0.43930233868141194,0.4135696248565104
2023-12-05,0.6124721720995449,0.6038361838117625,0.5878273543456148,0.5624601818578479,0.5776854020757684,0.542433077937705,0.45139553053892123
2023-12-06,0.582154395450019,0.5713483849026286,0.5660987296608531,0.5427765158671082,0.5580848675739913,0.5328932719908489,0.4425714225545287
2023-12-07,0.5872761444941985,0.5757211683143112,0.5895407418551306,0.5776028200019159,0.607643513620971,0.591007456420171,0.4619699716601806
2023-12-08,0.6329985846794326,0.617077798481157,0.5833891980710018,0.5525239461235981,0.5893476525053787,0.5525632546247877,0.5059244135671535
2023-12-11,0.6125257407238415,0.5945101987146578,0.5643996878202071,0.5303755407485196,0.5619800907303361,0.5194142226161982,0.49806194307125123
2023-12-12,0.5940157804073106,0.5736467314475571,0.5479659926032958,0.5111758884991625,0.5370856759982878,0.48919282659404084,0.48350414878525255
2023-12-13,0.58569793615497,0.5627572875087647,0.5359109294819087,0.49467860960952464,0.5167519952465576,0.46121193267657573,0.5259984323719756
2023-12-14,0.7702646119703366,0.7475627353994193,0.5782617263776794,0.48210745738604155,0.5266889879383839,0.43278472190404155,0.6119434489199849
2023-12-15,0.718228363361891,0.6981821186598876,0.5570604851344099,0.46972959785577734,0.5016913474302371,0.4099746655499928,0.584556026481198
2023-12-18,0.6704684659292817,0.6524175127179469,0.5382027449443613,0.46063106840322354,0.48078813439506807,0.4019294150931482,0.5243934552610601
2023-12-19,0.6475863604867772,0.6287235848233144,0.5276025244478163,0.45162231067859143,0.46616237537690575,0.38139086888038737,0.5206194205091363
2023-12-20,0.6445431046940171,0.624272261521114,0.5232747284053254,0.4443932764163796,0.4571422139807343,0.3628031646998173,0.5364922445032674
2023-12-21,0.8875129209766259,0.8763763080770648,0.9369432083372655,0.9482466589759643,0.8281266477072504,0.7804618260860675,0.5377179325024146
2023-12-22,0.9058868972276084,0.8970861713903644,0.8879092642439858,0.8811847156721484,0.7922169276599179,0.7266778676251914,0.6468141574730024
2023-12-26,0.8324024104177103,0.8278906616027909,0.8242405961195559,0.8201132284263837,0.733619977424669,0.6769266714941017,0.6920699862043376
2023-12-27,0.7812588927317882,0.7781775356321745,0.7719201630497493,0.7661651887380848,0.6902767341742745,0.6323246348546477,0.6804858905110874
2023-12-28,0.7244543986586187,0.722395809604109,0.723180427886718,0.7183699922926989,0.6438584908572214,0.592548409326562,0.6366644547577117
2023-12-29,0.6753179944114949,0.6731592212761447,0.6806354664752341,0.676343019882232,0.5998515956714952,0.5609753327394499,0.4649376015080786
2024-01-02,0.6505428149193155,0.6481543714964684,0.6652438627420273,0.6663499163364632,0.6215870311325765,0.5934791261869306,0.3703033915021763
2024-01-03,0.6680334302175577,0.6657308211425971,0.7042681540826803,0.7174540298516391,0.7001121386509431,0.6823375053344312,0.41481700402468386
2024-01-04,0.7259209540422791,0.7246291055753835,0.7943211717543084,0.8236326334758347,0.8197958847123615,0.8130706909277768,0.4580985478614734
2024-01-05,0.6984637582491774,0.6981815030438363,0.7684195564527075,0.8005403145710899,0.8254056765814655,0.8310733538576027,0.4936506581558656
2024-01-08,0.6543022414904041,0.6525183486819798,0.7204115376834341,0.74904410834583,0.7641145627546122,0.7725095467870801,0.5120940874014529
2024-01-09,0.8247401096263134,0.8165497827792689,0.7267453226188519,0.7038774534498233,0.7473284393160943,0.7170636555413898,0.6231193521035656
2024-01-10,0.767260162987575,0.762657139962477,0.6907086023304755,0.6733259331734627,0.7249660435966099,0.7079516363451954,0.6088518077589614
2024-01-11,0.7400738497173039,0.7349615604803862,0.6602195320430088,0.6365715869764663,0.6872992679661976,0.660605583690272,0.5646950656936105
2024-01-12,0.6912770528336956,0.6872101696046334,0.6288056824260947,0.6083501879316812,0.6571949017875757,0.6421371630476448,0.5432784299633929
2024-01-16,0.6468288102932159,0.6419419075254362,0.5992941664207869,0.5794043465654847,0.6130890784031685,0.6027156112991223,0.5265953585091895
2024-01-17,0.6370184183654288,0.631896025741279,0.6126096888752044,0.6029337885698438,0.6515424445605116,0.6493685907363994,0.39320502723953166
2024-01-18,0.6566389336145168,0.6517323853992267,0.6630189465793664,0.6678087307203696,0.7247367731670239,0.7303840304562559,0.4288516842153008
2024-01-19,0.7004402743345761,0.6912264699808365,0.648611081066302,0.6318129567192011,0.6964236367283239,0.6799621382890955,0.463210732442327
2024-01-22,0.8087325189600512,0.796712779580866,0.6565262537353937,0.6004549595612977,0.6821976410947227,0.6333129818877355,0.6043497985787543
2024-01-23,0.7499784904348524,0.7405409376534134,0.6238123032543159,0.572552447880419,0.6392647620614277,0.5940297413485097,0.6497331632667924
2024-01-24,0.7027220602994168,0.6939296314106124,0.5968030305362042,0.5482112607570309,0.6034081182990005,0.5581220846585913,0.6344000165679646
2024-01-25,0.6566160921885248,0.6479178475827332,0.5718802622499676,0.5269669385696751,0.5654011922553973,0.526217375056173,0.5680665521705768
2024-01-26,0.6442563451536083,0.6328833555947653,0.5582738160009486,0.5088176386155628,0.5446304848605733,0.49544606945516895,0.507170783558925
2024-01-29,0.6096100833940448,0.5976554604549187,0.5419457302250461,0.49791047945898415,0.5302635380526053,0.4917781266139276,0.3813017113946551
2024-01-30,0.6412852054219526,0.6255264554420373,0.5425851651036423,0.48427183522329487,0.5203197505038945,0.4633017950609847,0.42788339928194963
2024-01-31,0.6068840675305377,0.5910243507786924,0.5284708038994465,0.4766853149138989,0.507592176034199,0.46140628724089777,0.42026126849908424
2024-02-01,0.9090977921819179,0.9003825336169844,0.9980373868792436,1.0279932793923712,0.8992482100198729,0.8741281262456019,0.5740105392114706
2024-02-02,0.964206648806838,0.9573624752427189,0.9502313563284558,0.9534030536730866,0.8610101257588272,0.8096612090790122,0.6821775380260029
2024-02-05,0.9726086649418277,0.9687860739934316,0.9010374043158801,0.8858362140054681,0.8219478473314847,0.7518632598285541,0.8122432609313628
2024-02-06,0.9053755010789436,0.9079721735581681,0.8564910642841166,0.8507506050158375,0.8224175620926648,0.7717210295437588,0.7774097505298736
2024-02-07,0.8343271602937872,0.8398462293724948,0.7980719349128381,0.7936435119948302,0.7630170748478765,0.7185913455937316,0.7987923115211217
2024-02-08,0.8291181252840578,0.8331370810222091,0.7607642108531815,0.7430646382597386,0.728585534466612,0.6695552262376718,0.6921366929934161
2024-02-09,0.765858842126368,0.771555454300367,0.7137465248492912,0.6981698091137092,0.6757671844246487,0.6276193891908629,0.559162831556066
2024-02-12,0.7398134715834381,0.7433705009726868,0.6803626191949206,0.6584859522441446,0.6442562694605221,0.5877000687173684,0.48977164590687794
2024-02-13,0.6924032378285703,0.6960491388653842,0.647877338307634,0.6295382683532736,0.6246165125064645,0.5814370534851174,0.47219197469303226
2024-02-14,0.8835324570230433,0.8877414790203497,0.9524268803132504,0.9841830813803943,0.9014028796359056,0.8760734662079028,0.5845688163775669
2024-02-15,0.8898242667928853,0.8934117609452648,0.8987267548710713,0.9134049280349396,0.8535413954472562,0.811069338325155,0.6226987971170181
2024-02-16,0.844478349880497,0.8492068059094889,0.8408378071846643,0.8497675172723812,0.8006648432050552,0.7533175570083649,0.6984722953572987
2024-02-20,0.8127585724112824,0.8205299488724991,0.8284167805827526,0.8464778180892141,0.8363328317627114,0.8059588295323594,0.6896303540992177
2024-02-21,0.8024287708623127,0.812174893962007,0.8403379212067149,0.8688085976361031,0.8915643815417712,0.877421812447803,0.7435712674247446
2024-02-22,0.7432222546485187,0.7531047556123153,0.7836703808333715,0.8100410766538224,0.8210328140812395,0.8144994705580908,0.5967991704246288
2024-02-23,1.079759488633163,1.0796606865910896,0.8293919330380524,0.7586052388959905,0.8180870884592795,0.7525264192927644,0.693427707909389
2024-02-26,0.9849545635369241,0.9919998671731663,0.7735059099224029,0.7122423693410079,0.7541299287333308,0.706532493850036,0.6881874797468227
2024-02-27,0.9215110558378865,0.9339406331317567,0.7564386697791857,0.7129206040513235,0.775821440843939,0.7438653094597165,0.6683493134486007
2024-02-28,0.8475987974993865,0.8624333597266621,0.7106455583939355,0.671606638450693,0.7209451981348914,0.6943539065617597,0.6192987878217702
2024-02-29,0.7888689151514254,0.8050812833269577,0.6789650903196687,0.6473415464206411,0.7057161352529067,0.6915117233326804,0.6250418459115668
2024-03-01,0.7538346063798135,0.7673555621618802,0.6493291605746542,0.6138547577804286,0.6692507033232624,0.6457671852319973,0.4245202783792935
2024-03-04,0.7609735233601979,0.7696608077484123,0.633501701383866,0.5847354026226919,0.64512255249301,0.603256607419486,0.5151477090544629
2024-03-05,0.7120693010211014,0.7207618018299838,0.6096220771045824,0.5678641273799848,0.6301015461842047,0.6003858740345281,0.4886596399711436
2024-03-06,0.8051787500262981,0.8133347974071968,0.7987751019473495,0.8029777783959529,0.8128457591839029,0.7960367492211082,0.5606550683777571
2024-03-07,0.766761467175349,0.7737874213963875,0.7524950909382778,0.751475370689141,0.7631966460573454,0.7401476059314781,0.6118596646263958
2024-03-08,0.8116951684648379,0.8142498786967596,0.7303491909399417,0.7060482494136057,0.7345959789549762,0.6880280729608137,0.6638230786465402
2024-03-11,0.8095220268783211,0.8149109002498187,0.7745901474198612,0.7713197496075648,0.8155382318697317,0.7850011794481133,0.6627119733932323
2024-03-12,0.7535540587568393,0.7604781675850378,0.7306052153601049,0.7296626697427401,0.7787072587322623,0.7629184877893557,0.6708306040985734
2024-03-13,0.8199793512559779,0.8216796535552607,0.7163372498514649,0.6867636242612473,0.7508115714646211,0.7083195430163453,0.6620120795143697
2024-03-14,0.7666882035715638,0.7707890244415678,0.686241231951485,0.6634456145160079,0.7369470675717196,0.7090330795456121,0.6482060766266806
2024-03-15,0.728160631588125,0.7333461183637824,0.6711271548721052,0.6563985053755935,0.742933354472824,0.7279832754757084,0.559147871332331
2024-03-18,0.7422391980664884,0.7479118956835115,0.7282150282044265,0.7324413165706656,0.8216150205804346,0.8188423475677363,0.5396471686458109
2024-03-19,0.7275076999679867,0.7302045474581759,0.6946107466020268,0.6890350309215376,0.7742569874521904,0.7603356241610991,0.5986123009411722
2024-03-20,0.7072696528200905,0.7073267778112883,0.6639309676253442,0.6506870069931062,0.7308175658678714,0.7078423500479113,0.5347879831067169
2024-03-21,0.7397526342792082,0.7357690120505372,0.6495122872401522,0.6170728911854508,0.701956422189031,0.6592323057880072,0.6119839200451388
2024-03-22,0.6964604723038771,0.6919955529227357,0.6200688370757111,0.5874232166865565,0.660199304547455,0.6172406804763813,0.6306221992924934
2024-03-25,0.6582244269666839,0.653872756375044,0.5999593757600937,0.572396750337827,0.6474284431317842,0.6170170904377151,0.5753964978647338
2024-03-26,0.6391691498247047,0.6345465826304447,0.6023553522871573,0.5840177402244249,0.6681141023335795,0.6490673332215287,0.5125237652900645
2024-03-27,0.620835963245913,0.6153954440834009,0.6005535931618978,0.5889235147730457,0.6812291396665988,0.6727829505670861,0.48210209324189723
2024-03-28,0.669257114429625,0.6587601131492804,0.5955283739638614,0.5631315242378664,0.6573468601855365,0.6274353061033338,0.4662877472094841
2024-04-01,0.6288469749659163,0.6175699113565316,0.5717004848302457,0.5402911769249611,0.6147335544169472,0.5893474737648804,0.46337673865311413
2024-04-02,0.6053434996151275,0.5936185095768934,0.5652556194963314,0.5401472715125213,0.6189004302202004,0.6035847459574903,0.46816335638841144
2024-04-03,0.6627900216240058,0.652819987993218,0.672598370591887,0.6741448799352964,0.7325678641436029,0.7269467092459758,0.5043809765734665
2024-04-04,0.6233051622941104,0.6123522826081188,0.6378147483238275,0.6373284709311886,0.6812110426622716,0.6795570394612519,0.49559273740280785
2024-04-05,0.8005266128134809,0.7934338970896078,0.8941548311272043,0.930828949829397,0.9079864334222862,0.915700150311403,0.5181019369430807
2024-04-08,0.852974044267324,0.8451899388535548,0.854109613433609,0.8660263962102588,0.8630877033720024,0.8453316341905951,0.6419526590567667
2024-04-09,0.7884801035048564,0.7844630327506118,0.7967910392775629,0.8091060671633726,0.8068274949768774,0.8036251972096525,0.650132734130001
2024-04-10,0.7318320369853024,0.7292091658296044,0.7459823947329589,0.7567932865610323,0.7476710512390852,0.7486704173793473,0.5677228206576216
2024-04-11,0.8022041138765832,0.802100650030591,0.8652776926054283,0.8980311157048949,0.8915698782119582,0.9031346034489454,0.6464058564224202
2024-04-12,0.7914675580165899,0.7904182851299552,0.8160511333707969,0.8362162695825194,0.8384244458507133,0.8353857995144305,0.6000860184374475
2024-04-15,0.9695540735875379,0.9721226989903758,1.0842270358904578,1.1395520473734417,1.088857096782008,1.099778703783385,0.6249754755986441
2024-04-16,1.034264419491498,1.0429738380209326,1.186702225946787,1.2597461605573936,1.233380267431134,1.2629713178155715,0.783740068669214
2024-04-17,0.9523795698164907,0.9668763683718681,1.0971115169028618,1.1693035696296705,1.157298411954238,1.205625894617667,0.8205480414637433
2024-04-18,0.9144592899472084,0.932712499527442,1.059244118863627,1.1342394200357315,1.1619455246030779,1.2252643953678752,0.7640815756138466
2024-04-19,0.8496437811053708,0.8703338133813772,0.9862550042497592,1.0591190511810324,1.0989761246677048,1.1753808634001035,0.7083695818301234
2024-04-22,0.8769868651968336,0.897682555693523,1.0264578184943967,1.1055345955278175,1.1717622719046854,1.2580903760994588,0.6221115229577567
2024-04-23,0.871034266327225,0.8885380596671386,0.9604093908638496,1.0223637537198431,1.0849651921055732,1.15142455660422,0.5818692465088499
2024-04-24,0.9234180968414946,0.9360509077930793,0.9146204649671666,0.94778747665086,1.0191119040482,1.0554158761672658,0.6986786272240016
2024-04-25,0.8489974827239315,0.8644428967526628,0.8494898763562125,0.8809991171471359,0.9326250288337921,0.9813934567913486,0.6661845191297509
2024-04-26,0.814121417310757,0.8310357059906741,0.8321632500209859,0.868286076905234,0.9458250664536066,1.0038733791529204,0.6826964584533942
2024-04-29,0.846004392402125,0.857709261322397,0.7973542023328506,0.8098411094254735,0.8936360707850332,0.9246104932411434,0.6899393017433412
2024-04-30,0.7874581549653146,0.7993992616727822,0.7480873001550357,0.7575154786629178,0.8285370425285561,0.8566346191518804,0.6396134183258556
2024-05-01,0.9988742057771057,1.0100261524130398,1.0868723318764224,1.1404979301671747,1.1099564602612182,1.145772821628826,0.6639608214351966
2024-05-02,0.9308714895294553,0.9470733586095562,1.0209911814310155,1.0765319779413136,1.0769744302381246,1.1279090611027454,0.7419878320235376
2024-05-03,0.9206405542086046,0.9354712331842363,0.9571068081222373,0.9966406802587882,1.0044756035178548,1.035806696434716,0.7801038548296212
2024-05-06,0.972686433570669,0.9841238212700402,0.9144743637752327,0.9250244294403683,0.9511900525561867,0.9521614116372604,0.8095724224500656
2024-05-07,0.9729958506014027,0.9841791331698624,0.8686453390993013,0.8607134757180026,0.898694135141609,0.8783251038449641,0.8987283574375529
2024-05-08,0.8925203634554926,0.9073152881293965,0.8093714251942774,0.8030989088984372,0.8281279272573617,0.8160670459151911,0.7428932568175948
2024-05-09,0.8226149038559831,0.8393586479617836,0.7574738189882245,0.7525096505834826,0.7699052302285739,0.770929040229938,0.7053061476371112
2024-05-10,0.78118513088458,0.7960218695041642,0.7168399169254555,0.7067702428384891,0.7254185550504937,0.7175812780279881,0.6459902641298223
2024-05-13,0.7260443917668399,0.739725267447929,0.6766496140362017,0.6660870591532722,0.6766014263109407,0.6708441166662921,0.5190675589560518
2024-05-14,0.6788004371321713,0.6906665974608247,0.6422503777468017,0.6319499925199209,0.6403737151277147,0.6438321745675132,0.3960645407185958
2024-05-15,0.6581037844234927,0.6649220677802213,0.6170053162933062,0.6003310939325206,0.6101113673606496,0.6025268905828554,0.41315223274435686
2024-05-16,0.7626898966236337,0.7615607794917111,0.6255245626235629,0.5740354688289591,0.6037947801432872,0.5629496648018897,0.5308850940797368
2024-05-17,0.7189303684224655,0.7192539401819853,0.6109522984975697,0.5692556970817119,0.6103856665887639,0.5808610585111947,0.5241067040549908
2024-05-20,0.671723631758879,0.6711807881655764,0.5850852402150634,0.5455004483817092,0.5732290305532289,0.5469315846271167,0.5160087781867425
2024-05-21,0.63103133725508,0.6285204750452207,0.5628567602670458,0.5248157634428595,0.5393327635847641,0.516015999843258,0.5232045275669717
2024-05-22,0.6003366498323061,0.5942812286139542,0.5451541568507803,0.5069713527818841,0.513352743692897,0.48691742071554733,0.48390395725750085
2024-05-23,0.5879655430845656,0.5803101529318643,0.5525893205399235,0.5244802222625731,0.5428085271024795,0.5249358635189897,0.3705053076560713
2024-05-24,0.6528527168150262,0.6460081489044105,0.6679417272269329,0.6690363485985206,0.6716937944474497,0.6630304446335931,0.4150669283025854
2024-05-28,0.6651686192776094,0.6547604329863048,0.6451627357447751,0.633021325130965,0.6439780196845984,0.6189362165113477,0.49282509847860123
2024-05-29,0.6257912354040084,0.6147718352835844,0.614372970969873,0.6016467354939663,0.6028328896814361,0.5882323849682234,0.5002813415209586
2024-05-30,0.6800143976007306,0.671166937020757,0.7101752504014284,0.7202638289780677,0.721673928069457,0.7166838337643825,0.5340779061435913
2024-05-31,0.6956907104490088,0.6889239578839097,0.7458950975676255,0.7673426694915366,0.7923878407687457,0.7980985640369798,0.5803625563235668
2024-06-03,0.7154050176035109,0.7059640313851,0.7150754648451078,0.7198888098776991,0.7531623703370591,0.7405181445286972,0.57297050248841
2024-06-04,0.6685790602551674,0.6593955115898801,0.6748607117204203,0.6776474930380776,0.6996293821740485,0.6920112405559334,0.5214166340499188
2024-06-05,0.6290367369774881,0.6187325413555272,0.6402471762698192,0.6404859870418709,0.653446707147336,0.647965152830369,0.526837274813816
2024-06-06,0.7456549304388054,0.7314333867510218,0.6443292427599935,0.6082309678495094,0.6416340133451838,0.6029851161670814,0.5473967944343314
2024-06-07,0.6956724555132936,0.6834915396318133,0.614462005657236,0.5814533989418429,0.6088940288462686,0.581925768833609,0.50269335649196
2024-06-10,0.656223962524958,0.645026330771247,0.5932305023274332,0.564388760266441,0.5966888339626799,0.5797734914719179,0.41766090332463923
2024-06-11,0.6221706702681012,0.609415423529233,0.571153656892854,0.5414031203491139,0.564992423451313,0.5454499733043362,0.4332865724255654
2024-06-12,0.5940201116773722,0.5789033706343866,0.5525085903413122,0.5214358597018451,0.5370226755302913,0.514004765315297,0.4446019566297492
2024-06-13,0.6463754830554306,0.6278279172065889,0.5549537142384459,0.5048746628161336,0.5286328239726521,0.4826428841049466,0.3952463192718369
2024-06-14,0.612672242706327,0.5933107295695479,0.5382943483695717,0.48993996223897546,0.5034017728335024,0.4566828289472177,0.4415102512817421
2024-06-17,0.582748468988328,0.562857250532938,0.5247466372196762,0.4804105247208049,0.4890389292680998,0.4519307596276763,0.4339244756514
2024-06-18,0.6219025613145288,0.5993507588354513,0.5283768314628484,0.46985830956841407,0.4832882428182251,0.4262595050078975,0.4678411463782657
2024-06-20,0.5927031153286778,0.5691431995367665,0.5160345508057114,0.4599614564740537,0.4630769723213218,0.4046527966139048,0.48158466031770664
2024-06-21,0.5799716817852612,0.5573365407777393,0.5264818316471745,0.48355997177989646,0.49458899239249066,0.44694498060112564,0.412305233903865
2024-06-24,0.5613584786287871,0.5384832981492981,0.5230598615554486,0.4866917196403339,0.503426290848578,0.4655936800492328,0.40657551232805766
2024-06-25,0.5600905538160804,0.5377022962742152,0.5405238213729723,0.5154716323726508,0.541432236423586,0.5131635388117068,0.4343711830330295
2024-06-26,0.551309629579856,0.5259412252786501,0.5286521551828187,0.49906770498567793,0.5192486054299249,0.4838112949248814,0.3889437004885127
2024-06-27,0.529711846024166,0.5019133252214462,0.5151154012851196,0.4847187514363647,0.4927366018515069,0.4581393265924558,0.3784853004060092
2024-06-28,0.5106272125774961,0.4802740067267064,0.5032923078949086,0.472312207079036,0.4670247222201508,0.4348645065216961,0.3545552947191511
2024-07-01,0.5337552312464513,0.5054600914897022,0.5447590633134717,0.5287964462291912,0.5310347404385793,0.507656482453476,0.37908006703407454
2024-07-02,0.5196671073636376,0.48856017942900914,0.5297367091338192,0.5102568933882177,0.5063043815686421,0.47932330526212974,0.3735495773837489
2024-07-03,0.5485067136435503,0.5155381329177825,0.5261357373062441,0.49475057591057314,0.4941710582904081,0.45178178197294805,0.3899414386859573
2024-07-05,0.5545897716762137,0.5202945910431451,0.5194213585491424,0.48131280245257474,0.48005836652459233,0.4269380708028495,0.43185713440839374
2024-07-08,0.5641838574484248,0.5290844624453276,0.5149732062600322,0.4699320957343424,0.4684390648916818,0.404083579272878,0.4892831556400829
2024-07-09,0.5393687180356576,0.5037820417299406,0.5030402416071958,0.4596063645307829,0.4452508020935633,0.38482116213693607,0.4654662219656834
2024-07-10,0.5184350291715338,0.4818089235700615,0.4928669353488663,0.45069425086479636,0.423508452370912,0.367169103657739,0.43125720349904695
2024-07-11,0.6309196631984072,0.5966079305740396,0.5165572282706536,0.44526249935027007,0.43249866242308593,0.34768890745434633,0.46089435065904555
2024-07-12,0.7141889019204357,0.6894479846105213,0.6905904922251292,0.6749493993585638,0.6179513819389456,0.557928708424891,0.5178976623215096
2024-07-15,0.6941988132958462,0.6707702840517586,0.6596709527256419,0.6380654422849252,0.5920338294140023,0.5244252848646198,0.5318690917113231
2024-07-16,0.6551243761401229,0.6326823499986076,0.6279584637669239,0.6055329315208736,0.5612026401954303,0.4944913425605389,0.5614849816915285
2024-07-17,0.6571788910487241,0.6342959747643243,0.6089391857071413,0.5774127344270128,0.5441340716856476,0.4664310457535371,0.6154288168576694
2024-07-18,0.8666618959238228,0.8534170901304146,0.9397364269572206,0.9676478695688655,0.8512035644241573,0.8053796578255814,0.6511516339841189
2024-07-19,0.8739047346808978,0.8678433574787046,0.9680978150439953,1.009218743226006,0.942102594957517,0.9164777458415811,0.6666187409255673
2024-07-22,0.8687506372406616,0.8684186421656674,0.9763388465749652,1.0265562288344745,1.0048753769242584,0.9984930689974265,0.6880102548212752
2024-07-23,0.8984506066515472,0.8976513612884839,0.9233573773202389,0.9513475335647307,0.9466618303710074,0.9201997621964226,0.7803530905839496
2024-07-24,0.8323191521767884,0.835566544539099,0.8629654568579617,0.8914665061285221,0.9004996827122846,0.8911207861697901,0.7495718946430482
2024-07-25,1.2569137555583525,1.2626184758917063,1.4596980247017803,1.5473498718357446,1.3749959412667434,1.3868872213282961,0.8180339695982963
2024-07-26,1.1666893483516674,1.1825265280572141,1.3633933932265636,1.453621377607048,1.3333275781199874,1.3699056448338554,0.8452741309774141
2024-07-29,1.1419147262291742,1.1606020600992788,1.2629560925832677,1.335648692495938,1.2294360604858146,1.2485417439952353,0.880539785438836
2024-07-30,1.0400682160237396,1.0647819166718318,1.158368075565347,1.2288084281375367,1.111765289046276,1.1440437826879473,0.7932913615266134
2024-07-31,0.9795983819096213,1.008389277655732,1.1004282797534788,1.1730444542509855,1.1067097113948534,1.1544186015896551,0.824967449794446
2024-08-01,1.0851170474891816,1.1065659973373054,1.0515752076594118,1.083211063339191,1.0489652155058335,1.0571668597112183,0.7111692579081229
2024-08-02,1.1567129803904246,1.1816017380269725,1.2110973736759172,1.2704458542950066,1.2376258207763036,1.2644273796616252,0.8324335955104318
2024-08-05,1.319093674422272,1.346393301841865,1.4749270444925255,1.5661637957674648,1.49987525975411,1.5486814948938503,0.9210819025989565
2024-08-06,1.7582125815190996,1.7849199791288277,2.0786810848978146,2.219819804043698,1.9958525873368975,2.0721220891772374,1.2677108581270233
2024-08-07,1.632037090446304,1.6710513236233253,1.8968958322389757,2.028147729076327,1.7864407922199397,1.861281109568636,1.3960789221284884
2024-08-08,1.5143111194031682,1.5651273625420605,1.7757977013788264,1.9104761764033966,1.7288220842406687,1.832604902655531,1.3153583568832634
2024-08-09,1.641708788938697,1.6880477124307272,1.6690744957177202,1.750316908567752,1.5986870778606819,1.6512656399492072,1.4024077134366384
2024-08-12,1.4899860567019463,1.5466110311419232,1.5235833985781222,1.6037132374956147,1.4371621868757831,1.4968987976705534,1.2849061098815893
2024-08-13,1.3475187119376903,1.4122771280790913,1.3914762511486574,1.4714921461769834,1.2935193142435473,1.3725828060529315,0.9264262376117444
2024-08-14,1.3857117493284847,1.4442224470018898,1.3076440408140566,1.352184751713984,1.211969603512901,1.2493696976197457,0.965215980103236
2024-08-15,1.2610240226116227,1.324859358762873,1.1996253159801649,1.2435614881077008,1.1048751625236974,1.143659329126146,0.958021038440211
2024-08-16,1.304630350818116,1.3608266716956303,1.1383919009900052,1.1468352126688233,1.0485340666532197,1.0476511800269563,0.8509855419143031
2024-08-19,1.1841930440976174,1.2452021431027411,1.0472525798163566,1.05799642856489,0.9586500513057654,0.9650056658823876,0.8490360539324359
2024-08-20,1.1370701374383556,1.1953530992466255,0.9808519353466473,0.9791168964587305,0.9031206642008909,0.8899531321738053,0.9418066950887489
2024-08-21,1.0414900370970337,1.1019100798586274,0.9152020313673025,0.9182714480377898,0.8701642659420987,0.8719598200222205,0.7846558392129637
2024-08-22,0.9613689516477097,1.0200726805854214,0.8515137976458372,0.8525286167281351,0.8099088346462927,0.8074965064559912,0.7754121669374907
2024-08-23,0.9686184699390085,1.0230642770771512,0.9283038233762578,0.9523310338147614,0.9328474467607977,0.9440251062918525,0.6850042789309401
2024-08-26,0.9892917729038948,1.0346644235513294,0.8841446174251542,0.8845937470961244,0.8857355063525663,0.8705998800428826,0.777251050887124
2024-08-27,0.9199704131771277,0.965985680542802,0.8422430018646733,0.8489650690725603,0.8776100301059387,0.8776220964933853,0.722873211650175
2024-08-28,0.8453210978857956,0.8898122974124568,0.7852300987701433,0.7913398990230153,0.8092367474016203,0.8138164310041133,0.7125921728449471
2024-08-29,0.8284794360426811,0.8697707464073786,0.8056617812401838,0.8240318755977667,0.868166134943718,0.8845059320327537,0.7254369180375593
2024-08-30,0.7657818771732203,0.8043915830326108,0.7533633017876056,0.7702886396077292,0.8046484106820293,0.8318869200733683,0.6317069174463688
2024-09-03,0.8067481257711213,0.834564284193636,0.7291080069461744,0.7224345891977954,0.7699165921644752,0.7704947409928025,0.5787096219972931
2024-09-04,1.178385608874378,1.1982112428105085,1.3070014242489436,1.3734033454242514,1.2257437936401845,1.2407455647347612,0.7705341564758086
2024-09-05,1.0763827893935258,1.1033074543075534,1.2021606263944935,1.2685951165213318,1.1420092565020366,1.176731314601087,0.8123946894096455
2024-09-06,0.9947843547495472,1.0262902430208378,1.1185397029646171,1.1855092028146064,1.0962095226573179,1.1465293892980302,0.7431588096583812
2024-09-09,1.1780704802742905,1.206732855120252,1.3734662134400484,1.4668992069861326,1.3603307344047864,1.4239367485163532,0.9130719992145343
2024-09-10,1.1588726586697569,1.1881420187195768,1.2737642761993044,1.3481662416726667,1.2539690134884693,1.295874022495039,0.9529213301839639
2024-09-11,1.0657452897980708,1.0991107161688882,1.1709672093936356,1.2406133571644984,1.1434275838676298,1.1852721308866159,0.7539269211197811
2024-09-12,1.0532730058701298,1.084462703837614,1.0929419078344915,1.1440066946769454,1.0656684711099211,1.0854847692171619,0.8483689356601604
2024-09-13,1.000452783671574,1.0317109997912084,1.0158281657974806,1.0568809382197897,0.9897398584737495,0.997924714159092,0.9187858931820555
2024-09-16,0.9351381230481639,0.9665609988698823,0.9435749394370571,0.9784808189847779,0.9181367746082424,0.9206484819467646,0.770203674328555
2024-09-17,0.8589069660774845,0.8909525005116323,0.8753194827986862,0.9079854497796706,0.8442739478625061,0.8530523503746898,0.6582078388950626
2024-09-18,0.7924040072270547,0.8236159288295346,0.81485254066071,0.8450031577726552,0.7788229689102759,0.7986531357907701,0.5942664118283969
2024-09-19,0.7498146173974258,0.7791270863265216,0.7802538507648635,0.811655035889139,0.7798347919606341,0.8087285796702263,0.49561419026654174
2024-09-20,0.9590150652107108,0.9732351917028289,0.7908156755814107,0.7607204675221737,0.7688311696965007,0.7478295619177648,0.5725242225186726
2024-09-23,0.8870315913335156,0.9048998094724654,0.7506965552515028,0.7273992426732077,0.7530868463244126,0.7449831461596153,0.5768164215369723
2024-09-24,0.8211968457809069,0.839518900035319,0.7071145221084563,0.6840932072066737,0.7040501421168274,0.6947835371577564,0.5908979485496109
2024-09-25,0.762971629454338,0.7803103875709353,0.668864705360246,0.6457553864815827,0.6599075405643323,0.6494338689478498,0.6113743305379578
2024-09-26,0.7175911754232898,0.7339713893925457,0.645370863942289,0.627193349474598,0.655877022150599,0.6551007654956793,0.59064192854241
2024-09-27,0.68302237034771,0.695264830825485,0.6178239608202778,0.5959924566035907,0.621558353996541,0.6129459328833707,0.43297543413833023
2024-09-30,0.6458568120324503,0.6556160745389193,0.5969245351954896,0.5780107312165103,0.610429985283425,0.6104795709983858,0.4327363526955501
2024-10-01,0.6245734392755824,0.6289403143550352,0.5768986064701097,0.553182514674731,0.5817650452973607,0.5724026288903308,0.4386445475906014
2024-10-02,0.7229698967852952,0.7267540462433917,0.7473329549973184,0.7606455742711357,0.7523528782388476,0.7533184380944825,0.5146189047463422
2024-10-03,0.6753814235141312,0.6784203310666183,0.7031266823397903,0.714301723113806,0.7005530557873382,0.7116084797870601,0.5115475351585651
2024-10-04,0.6420507433358007,0.6438541997223642,0.6732309420311067,0.6846770690478738,0.6883112678650323,0.7076927325858559,0.4577067969158949
2024-10-07,0.6911671636404545,0.68696333810249,0.656810499792045,0.6468722112166667,0.6644875407414885,0.658864406085018,0.5346490010157838
2024-10-08,0.7755926156835674,0.7740869377168813,0.8073781298045944,0.8282242592946728,0.8260529463613572,0.8314349522842371,0.6039062785814553
2024-10-09,0.8062371451281265,0.8025054741475712,0.7735291960750322,0.7739979840106419,0.7874240133594123,0.769903606931505,0.5989691161166197
2024-10-10,0.7898800005523504,0.7858541954262737,0.7356821490735164,0.7256797951507705,0.7462757789170315,0.7155522214504672,0.6844932627047098
2024-10-11,0.7419211665670239,0.7403347181053692,0.7045277970221558,0.6987227870799735,0.7358415447754519,0.7187424872729776,0.7015758345738403
2024-10-14,0.7236199648954172,0.7202105386016417,0.6733979589131406,0.6591733258193655,0.6979603227845801,0.6698522425572302,0.6502537291283853
2024-10-15,0.7317004559853711,0.7257621248088717,0.6520213672763815,0.624454622490818,0.6692906113925513,0.625083573755164,0.6223699779474626
2024-10-16,0.7647897804150612,0.7621184716688975,0.743874416787051,0.7442336847682843,0.7838835126593443,0.7556508069572835,0.6011815535541986
2024-10-17,0.7283217537990478,0.7250309370734903,0.7041437442974589,0.6993439698126526,0.7362953210885252,0.7036575181956402,0.5850936976645117
2024-10-18,0.6806408314460325,0.6777050052822622,0.6662345571852534,0.661274569188237,0.6920525331500633,0.6724894764547431,0.5758737756100781
2024-10-21,0.651511368690315,0.6461268175530328,0.6358522743161583,0.6262761869194621,0.6534946168497264,0.628927968779056,0.5409240795398157
2024-10-22,0.622935469591928,0.6169697590420596,0.6172919287204683,0.6105504252321201,0.649649348259795,0.6360836501936293,0.4617619024745834
2024-10-23,0.5915340251440379,0.5837269200670812,0.592306299651888,0.5850450435123338,0.6210288789553726,0.6170627440772651,0.3791469727512297
2024-10-24,0.6965579639459836,0.6907853593996693,0.7517604173794051,0.773518291681033,0.7804955841716014,0.7863021066619922,0.41399517079421283
2024-10-25,0.6545321633680865,0.647801160203533,0.7075165680276904,0.7252002699452865,0.7263359510417136,0.7322899935331042,0.4583168768620237
2024-10-28,0.6178608503278542,0.6101649626213184,0.6694610327592427,0.684540708190317,0.6855694453965128,0.7006526314784104,0.4185951380485917
2024-10-29,0.5899002067751501,0.5791763916111519,0.6366948450058143,0.6467924385341918,0.6440625334370293,0.6549051434764738,0.41970959222519677
2024-10-30,0.5622635067796693,0.5484552903889364,0.607509783198863,0.613621484664469,0.6043633389345456,0.6138945137481588,0.4366058237364512
2024-10-31,0.5635055333803259,0.5491297303013433,0.6122334418846681,0.6224094283045429,0.6351700674493354,0.6515810078914885,0.3601542204739427
2024-11-01,0.9637763565486438,0.9589273526937142,1.1373505026613777,1.2044552845521606,1.0565951748720674,1.078779970631289,0.5216776689013536
2024-11-04,0.894369907117699,0.8934288936280262,1.0491016055876792,1.1103467657744588,0.9720662404061964,0.9926008379099527,0.6148617694016045
2024-11-05,0.8368362306382725,0.8400647255741177,0.9829650462457137,1.0431846584474505,0.9462860099064543,0.9799398330383867,0.6217605866742496
2024-11-06,0.9025588897663132,0.9034986451820638,0.9345295813224065,0.9668805484665595,0.8990604442557658,0.9019248554156765,0.7224666913381359
2024-11-07,1.2922952695943435,1.2898618602142904,0.9716588158843454,0.8993945099310786,0.8954534007011208,0.827344981097492,0.9587977977845521
2024-11-08,1.20348088022717,1.210003799163168,0.9085587058720488,0.8374873171636468,0.8411996202949865,0.7669463801330045,0.8735827136061336
2024-11-11,1.1013720725578866,1.1152680690374484,0.8463118990449944,0.7822821962531555,0.7837111494937584,0.7138016996323876,0.8765650759586079
2024-11-12,1.0051464772958199,1.0246991870565632,0.7897458946664179,0.7331963619729776,0.725989632294368,0.667290005846823,0.8608965218394135
2024-11-13,0.9329829260517687,0.9565880747050127,0.7593983185092834,0.7159929571838728,0.7341710195969592,0.6917288617968261,0.7415085979879386
2024-11-14,0.8578904754307987,0.8832232539443708,0.7139746464848463,0.6748603732222507,0.6833275226327039,0.6547907705438312,0.44893242566768077
2024-11-15,0.8400603874759338,0.8655972420962691,0.7508556013931887,0.7344549830580868,0.761689838884064,0.7464456864910203,0.41481016524216524
2024-11-18,0.9657627528826238,0.988902068335681,0.9919860700364844,1.0220298900317983,0.9943390148701202,0.9949367321385949,0.5163816077760686
2024-11-19,0.8954307222348086,0.9197528790926206,0.9206778794531161,0.9468833184228262,0.917896073163057,0.9183354778330137,0.5817425407080284
2024-11-20,0.8349448564242238,0.8587370032313519,0.8580129943187722,0.8798641613874105,0.8516767515954106,0.850071976371398,0.5940121345032063
2024-11-21,0.7728683884209776,0.7963216569960674,0.8009414598394938,0.8208519343729984,0.7903996416274119,0.8012302729272506,0.6005975043107115
2024-11-22,0.7417428041696963,0.7609689046158169,0.7553792698056946,0.7676297516443571,0.7438437300712042,0.7444324880345906,0.5819927510464626
2024-11-25,0.699930249697305,0.7156496292228516,0.7126174433960034,0.7203530331127924,0.6979246746981886,0.6942714801366524,0.4652525183672522
2024-11-26,0.6616108873620254,0.6733007963888198,0.6748390569610896,0.6784702935040516,0.6561652794774747,0.6491812858900335,0.4568674583855197
2024-11-27,0.6540249212967264,0.659798141853916,0.6471433066744033,0.6415669822826379,0.6264192171531436,0.6069001174746783,0.4757209808709805
2024-11-29,0.6441878474019331,0.6484881627883066,0.6530579145243764,0.6550503509882022,0.6651534307029701,0.65607191396491,0.5269194298293434
2024-12-02,0.6385034765155364,0.6375816709705198,0.6282410546981816,0.6209974091017555,0.6340692187404197,0.6132146312012788,0.5292911491697785
2024-12-03,0.6065933013204431,0.6022376291008867,0.6013033535964859,0.5910361622016389,0.5979678246253556,0.5759404262100848,0.5252483382830755
2024-12-04,0.5758802729720689,0.5683901263895657,0.577073619693716,0.5649168648403784,0.5604559161426664,0.5459032992593962,0.4806898128912229
2024-12-05,0.5899926261589007,0.5772547432473375,0.565124908068896,0.54237419257096,0.5421865266756785,0.5128811321660594,0.47082339685868213
2024-12-06,0.5722294931864423,0.5583575532807874,0.558686553002513,0.5402847239576314,0.5522712832365995,0.532346996051587,0.4587257692141316
2024-12-09,0.5510084418465323,0.5334302830930627,0.5418859924686801,0.5207475159176967,0.5250473474520329,0.5021641758090879,0.40985404211695003
2024-12-10,0.6008878436652603,0.5857210397064517,0.6243556644129025,0.6244945371294076,0.6283261522174933,0.6151691307967191,0.42294674670855914
2024-12-11,0.5912634040249793,0.5763412183672014,0.621342406895943,0.625510029360244,0.6499492924789916,0.6463772513383361,0.4568644499880369
2024-12-12,0.6377722746575709,0.6194928893214067,0.6095953428402294,0.5951886244424419,0.6275614665163484,0.6031605230034482,0.47174516431153013
2024-12-13,0.6537614340762725,0.6387237271629128,0.6557235427430465,0.6566026166885383,0.6999669097348101,0.6869283246335895,0.5262325215625755
2024-12-16,0.61663422485184,0.6014776763907576,0.6242240094615547,0.6232609099905573,0.6576290564727219,0.6551338122010019,0.5092885051761691
2024-12-17,0.5968766827225148,0.5793058585108358,0.5996208076031356,0.5930406667478411,0.6224184391525603,0.6132551656401025,0.474403575782565
2024-12-18,0.5986766304069494,0.5823323212691641,0.6157170032986858,0.6170575487441284,0.6628480609118585,0.6628765887466259,0.4824088016657537
2024-12-19,1.3797573752489027,1.377287882561792,1.6556821675911837,1.7566792561591393,1.4892974782254764,1.4976637227883287,0.6837030349336404
2024-12-20,1.2507624471554468,1.2608098182145202,1.5106177012876612,1.6098575468774061,1.3524572814015754,1.388658505762077,0.7101488177529222
2024-12-23,1.207602906601362,1.2237669867581293,1.3922453024236823,1.4771444560626426,1.2430578823747096,1.2640143945276574,0.815568842063427
2024-12-24,1.129554207703405,1.1512963274727577,1.2804420530604856,1.35711272955482,1.140529168451779,1.1555454480757525,0.8748141714538981
2024-12-26,1.1104785026155217,1.133720589057535,1.1894303730735445,1.2492763109700509,1.0624581736096066,1.0580704628280846,0.9539829996291301
2024-12-27,1.0142995767912582,1.0429118633257481,1.0952453756728517,1.1532507442851514,0.9815332707565678,0.9948535828634668,0.6331449535868648
2024-12-30,1.0478265269551048,1.0785138790279047,1.1680170950647704,1.2400406009838534,1.1231381713466027,1.1517890266120088,0.7309714653525701
