Date,VaR_95,ES_95,VaR_99,ES_99,Model
2021-12-29,-1.6816475472212251,-2.108853867924752,-2.378386217632427,-2.7248327042755665,"GARCH(1,1)-Normal"
2021-12-30,-1.5179017800002232,-1.9035100697365288,-2.146797454221443,-2.459509674816895,"GARCH(1,1)-Normal"
2021-12-31,-1.4037512551577165,-1.7603607063413627,-1.985352188553529,-2.274547562027535,"GARCH(1,1)-Normal"
2022-01-03,-1.303195935981522,-1.634260279331238,-1.8431348817025897,-2.1116142394458097,"GARCH(1,1)-Normal"
2022-01-04,-1.2585913610082589,-1.5783243428058114,-1.7800497801097732,-2.0393398768135844,"GARCH(1,1)-Normal"
2022-01-05,-1.1613189688253602,-1.45634083869036,-1.6424755795549486,-1.8817259963776667,"GARCH(1,1)-Normal"
2022-01-06,-1.8093935656841358,-2.2690525288110077,-2.559059849376282,-2.9318240738547106,"GARCH(1,1)-Normal"
2022-01-07,-1.633862772036943,-2.0489298320339953,-2.3108032981920497,-2.6474053513182,"GARCH(1,1)-Normal"
2022-01-10,-1.518296720121451,-1.9040053405818531,-2.147356025571706,-2.460149610194751,"GARCH(1,1)-Normal"
2022-01-11,-1.3887958242717233,-1.741605992654465,-1.9642004372506021,-2.250314751025001,"GARCH(1,1)-Normal"
2022-01-12,-1.3998445528105414,-1.7554615439875838,-1.979826864870652,-2.2682173947228326,"GARCH(1,1)-Normal"
2022-01-13,-1.2865617461278422,-1.6134003341716874,-1.81960882955519,-2.08466127620608,"GARCH(1,1)-Normal"
2022-01-14,-1.5981870909090634,-2.004191088614366,-2.260346501558649,-2.589598789625065,"GARCH(1,1)-Normal"
2022-01-18,-1.4483294330080572,-1.8162635398096896,-2.0483999561916484,-2.3467791524724744,"GARCH(1,1)-Normal"
2022-01-19,-1.9052911190871804,-2.3893119296305816,-2.694689589208125,-3.0872102546298748,"GARCH(1,1)-Normal"
2022-01-20,-1.8688005734802589,-2.3435513132796704,-2.6430803141916086,-3.0280833393431967,"GARCH(1,1)-Normal"
2022-01-21,-1.8813734115713283,-2.3593181594793724,-2.6608623190366405,-3.0484555513876987,"GARCH(1,1)-Normal"
2022-01-24,-2.205582975180815,-2.7658900320253372,-3.119398091878931,-3.573783717460196,"GARCH(1,1)-Normal"
2022-01-25,-1.9772409451077533,-2.4795399141750964,-2.796449601198241,-3.203793089916467,"GARCH(1,1)-Normal"
2022-01-26,-2.0021007657498915,-2.5107151321948997,-2.8316093199429786,-3.2440743322136747,"GARCH(1,1)-Normal"
2022-01-27,-1.8038176957139753,-2.2620601629177806,-2.551173790070779,-2.9227892955061874,"GARCH(1,1)-Normal"
2022-01-28,-1.6835282413166213,-2.1112123341943416,-2.3810461191816334,-2.727880059107048,"GARCH(1,1)-Normal"
2022-01-31,-2.2461842108909473,-2.8168056196056956,-3.17682119435447,-3.6395713285917783,"GARCH(1,1)-Normal"
2022-02-01,-2.378399575663022,-2.982609021073145,-3.3638159078738186,-3.853804537288797,"GARCH(1,1)-Normal"
2022-02-02,-2.1663412482407467,-2.716679323290112,-3.0638977686009787,-3.510198966234984,"GARCH(1,1)-Normal"
2022-02-03,-2.0328147731083477,-2.5492317365359094,-2.8750487266785463,-3.293841319278219,"GARCH(1,1)-Normal"
2022-02-04,-2.5709023036463674,-3.224015208216555,-3.6360761896723335,-4.165723482336488,"GARCH(1,1)-Normal"
2022-02-07,-2.312146195531256,-2.8995246094883056,-3.270112488011948,-3.7464518537552305,"GARCH(1,1)-Normal"
2022-02-08,-2.09118470490438,-2.6224299858610833,-2.9576024351159806,-3.3884201740251463,"GARCH(1,1)-Normal"
2022-02-09,-1.9500398259799074,-2.445428613397816,-2.75797853932517,-3.1597181592837527,"GARCH(1,1)-Normal"
2022-02-10,-2.0009105195895396,-2.5092225154910075,-2.829925932084417,-3.2421457344708093,"GARCH(1,1)-Normal"
2022-02-11,-2.249720331823728,-2.8212400579152375,-3.1818223976710067,-3.6453010297885817,"GARCH(1,1)-Normal"
2022-02-14,-2.461273020162802,-3.0865356638886365,-3.4810254019391476,-3.988087296040538,"GARCH(1,1)-Normal"
2022-02-15,-2.221007191449293,-2.7852326214943592,-3.141212855294338,-3.598776117916294,"GARCH(1,1)-Normal"
2022-02-16,-2.2498338310364514,-2.8213823905069586,-3.181982921773515,-3.645484936557422,"GARCH(1,1)-Normal"
2022-02-17,-2.0126870578288134,-2.523990769550959,-2.8465817148529244,-3.261227673840655,"GARCH(1,1)-Normal"
2022-02-18,-2.3970839999434848,-3.0060400429177108,-3.390241645696515,-3.8840795675257165,"GARCH(1,1)-Normal"
2022-02-22,-2.2147867083378507,-2.7774318847159525,-3.1324151073216924,-3.5886968502085868,"GARCH(1,1)-Normal"
2022-02-23,-2.130151026849525,-2.6712953256218475,-3.012713247853942,-3.451558676844545,"GARCH(1,1)-Normal"
2022-02-24,-2.3522925852366856,-2.949869801828643,-3.326892293103016,-3.8115024618976485,"GARCH(1,1)-Normal"
2022-02-25,-2.326963932642699,-2.9181066496268557,-3.29106949638186,-3.770461554688899,"GARCH(1,1)-Normal"
2022-02-28,-2.573455056597654,-3.227216463404703,-3.639686596886612,-4.1698597977844525,"GARCH(1,1)-Normal"
2022-03-01,-2.306488344938415,-2.892429436586844,-3.262110481947317,-3.737284239318571,"GARCH(1,1)-Normal"
2022-03-02,-2.367692811977172,-2.9691823074617396,-3.348673127671182,-3.8364559912772602,"GARCH(1,1)-Normal"
2022-03-03,-2.45999327608824,-3.084930813189658,-3.479215435472593,-3.98601368167751,"GARCH(1,1)-Normal"
2022-03-04,-2.2379902866320425,-2.806530108012659,-3.1652323709069496,-3.6262944247400086,"GARCH(1,1)-Normal"
2022-03-07,-2.097049812254572,-2.6297850670977465,-2.965897568367703,-3.3979236138798887,"GARCH(1,1)-Normal"
2022-03-08,-2.8812392084364453,-3.613190206930038,-4.074991596408469,-4.668573291092766,"GARCH(1,1)-Normal"
2022-03-09,-2.627683482770183,-3.2952210975947733,-3.716382894886607,-4.25772802521443,"GARCH(1,1)-Normal"
2022-03-10,-2.922258832855758,-3.664630470831013,-4.133006434019692,-4.735038832174508,"GARCH(1,1)-Normal"
2022-03-11,-2.6260193397285265,-3.293134195083022,-3.714029265625241,-4.255031555676571,"GARCH(1,1)-Normal"
2022-03-14,-2.539538924041404,-3.184684264880414,-3.5917183633762826,-4.114904294567071,"GARCH(1,1)-Normal"
2022-03-15,-2.340825321211139,-2.9354893901099404,-3.3106739227569957,-3.7929216504208307,"GARCH(1,1)-Normal"
2022-03-16,-2.544380520084828,-3.1907558216462624,-3.5985659250547397,-4.122749303030238,"GARCH(1,1)-Normal"
2022-03-17,-2.729659564111965,-3.4231032176792002,-3.860609612781347,-4.422963458735031,"GARCH(1,1)-Normal"
2022-03-18,-2.5656418294233614,-3.2174183613144587,-3.6286362005908623,-4.1571997508170435,"GARCH(1,1)-Normal"
2022-03-21,-2.414398901371646,-3.0277536278540134,-3.414730441214013,-3.912135511686383,"GARCH(1,1)-Normal"
2022-03-22,-2.159418422065212,-2.7079978199742887,-3.054106683429675,-3.498981667342429,"GARCH(1,1)-Normal"
2022-03-23,-2.072037273674059,-2.59841833462203,-2.93052185772834,-3.357394917332412,"GARCH(1,1)-Normal"
2022-03-24,-2.0798747973290856,-2.608246905479322,-2.941606617000452,-3.3700943327426383,"GARCH(1,1)-Normal"
2022-03-25,-2.095544671868148,-2.627897560330395,-2.9637688195959475,-3.3954847819402043,"GARCH(1,1)-Normal"
2022-03-28,-1.9038776479436863,-2.3875393797921314,-2.6926904899960085,-3.0849199575906963,"GARCH(1,1)-Normal"
2022-03-29,-1.770817868810321,-2.2206770486489122,-2.5045015051311683,-2.8693185145859568,"GARCH(1,1)-Normal"
2022-03-30,-1.790355913467305,-2.245178544883751,-2.5321345345423807,-2.9009766959610714,"GARCH(1,1)-Normal"
2022-03-31,-1.691970643624495,-2.121799447285284,-2.392986369875624,-2.7415595806864412,"GARCH(1,1)-Normal"
2022-04-01,-1.9292679257961232,-2.4193798125542,-2.728600444496212,-3.1260607183745384,"GARCH(1,1)-Normal"
2022-04-04,-1.7456728991934578,-2.1891442423108685,-2.4689384947498576,-2.8285752353695353,"GARCH(1,1)-Normal"
2022-04-05,-1.6586396906164445,-2.0800010875226844,-2.3458457669675443,-2.6875522644856815,"GARCH(1,1)-Normal"
2022-04-06,-1.7774685920558142,-2.2290173239128523,-2.5139077499358575,-2.8800949155246376,"GARCH(1,1)-Normal"
2022-04-07,-1.7699778070574164,-2.2196235773196573,-2.5033133897627784,-2.867957332962787,"GARCH(1,1)-Normal"
2022-04-08,-1.6167168413873476,-2.0274281432709027,-2.286553481271219,-2.619623196456762,"GARCH(1,1)-Normal"
2022-04-11,-1.4860501744314543,-1.863566871344984,-2.1017491206277574,-2.4078993973358136,"GARCH(1,1)-Normal"
2022-04-12,-1.8491964966366408,-2.318967010018816,-2.615353894198719,-2.996318163692157,"GARCH(1,1)-Normal"
2022-04-13,-1.6934478807594018,-2.1236519622495154,-2.395075654546269,-2.743953200005671,"GARCH(1,1)-Normal"
2022-04-14,-1.6973724528610679,-2.128573533996356,-2.4006262517639385,-2.750312322302479,"GARCH(1,1)-Normal"
2022-04-18,-1.7898202096934133,-2.244506750739074,-2.5313768784719017,-2.9001086762828003,"GARCH(1,1)-Normal"
2022-04-19,-1.6174466162697119,-2.0283433104151305,-2.287585615813952,-2.6208056763821843,"GARCH(1,1)-Normal"
2022-04-20,-1.8156424279659447,-2.2768888542139716,-2.5678977345511487,-2.9419493253309326,"GARCH(1,1)-Normal"
2022-04-21,-1.6414239749869628,-2.0584118855794373,-2.3214972518179238,-2.659657034565337,"GARCH(1,1)-Normal"
2022-04-22,-1.8533702818018953,-2.3242011050015483,-2.621256958208061,-3.0030810946866446,"GARCH(1,1)-Normal"
2022-04-25,-2.6447474977797425,-3.31662006084049,-3.740516856954504,-4.285377449281399,"GARCH(1,1)-Normal"
2022-04-26,-2.3840448390342113,-2.9896884090908413,-3.37180011159066,-3.862951756207222,"GARCH(1,1)-Normal"
2022-04-27,-2.9819563954947075,-3.739493622794608,-4.21743783609401,-4.831768893900546,"GARCH(1,1)-Normal"
2022-04-28,-2.654854604657155,-3.3292947806218014,-3.7548115310894596,-4.301754350262041,"GARCH(1,1)-Normal"
2022-04-29,-2.9042618309974104,-3.6420615044368727,-4.1075529308469685,-4.7058776566811265,"GARCH(1,1)-Normal"
2022-05-02,-3.733307201171358,-4.681717845306521,-5.28008761891041,-6.049209047204088,"GARCH(1,1)-Normal"
2022-05-03,-3.328828584390486,-4.1744853417413825,-4.708025792359249,-5.39381810930759,"GARCH(1,1)-Normal"
2022-05-04,-2.971221477302012,-3.7260316022957647,-4.202255236435058,-4.814374728150705,"GARCH(1,1)-Normal"
2022-05-05,-3.3394782425560376,-4.1878404427264915,-4.723087807134758,-5.411074125234828,"GARCH(1,1)-Normal"
2022-05-06,-3.9762306988737617,-4.986353711832796,-5.623658957523644,-6.442826539924423,"GARCH(1,1)-Normal"
2022-05-09,-3.554889664895433,-4.4579750568115,-5.027748292537421,-5.760112833990894,"GARCH(1,1)-Normal"
2022-05-10,-3.952650803177655,-4.956783571332092,-5.590309461055433,-6.404619205062652,"GARCH(1,1)-Normal"
2022-05-11,-3.5066254740612326,-4.397449814354394,-4.95948732639447,-5.681908666983521,"GARCH(1,1)-Normal"
2022-05-12,-3.3510305263742546,-4.202327472695207,-4.739426422596021,-5.429792697273878,"GARCH(1,1)-Normal"
2022-05-13,-2.9805836902505427,-3.7377721950385596,-4.215496392871269,-4.829544651282757,"GARCH(1,1)-Normal"
2022-05-16,-3.110729730785302,-3.9009805804284343,-4.399564421631984,-5.040424861090736,"GARCH(1,1)-Normal"
2022-05-17,-2.7867576333335236,-3.494706500024474,-3.9413645017082075,-4.515481469790902,"GARCH(1,1)-Normal"
2022-05-18,-2.8339605249758413,-3.5539008304783333,-4.008124452150853,-4.5919659763665495,"GARCH(1,1)-Normal"
2022-05-19,-3.9175067286987404,-4.912711484097188,-5.54060452585054,-6.347674024332075,"GARCH(1,1)-Normal"
2022-05-20,-3.5078377005940222,-4.39896999533209,-4.961201801513231,-5.683872880297419,"GARCH(1,1)-Normal"
2022-05-23,-3.1170557225395967,-3.9089136293015754,-4.408511392491682,-5.050675088165703,"GARCH(1,1)-Normal"
2022-05-24,-3.0433302797357484,-3.816458949676067,-4.304240091800127,-4.931215158514526,"GARCH(1,1)-Normal"
2022-05-25,-2.7825097132384395,-3.489379436848867,-3.9353565872528593,-4.508598415360525,"GARCH(1,1)-Normal"
2022-05-26,-2.554694936048655,-3.2036905153855324,-3.6131538003867796,-4.139462114219585,"GARCH(1,1)-Normal"
2022-05-27,-2.648021794280574,-3.320726160749428,-3.7451477569804275,-4.290682907136526,"GARCH(1,1)-Normal"
2022-05-31,-2.9008338560576266,-3.637762685565547,-4.102704680472123,-4.700323188242841,"GARCH(1,1)-Normal"
2022-06-01,-2.632952978015513,-3.3018292572228045,-3.7238356425721024,-4.26626637381383,"GARCH(1,1)-Normal"
2022-06-02,-2.4225010311898045,-3.037914025515037,-3.426189438032234,-3.92526367777522,"GARCH(1,1)-Normal"
2022-06-03,-2.4968882704206057,-3.1311986245591923,-3.531396730039772,-4.0457959394681,"GARCH(1,1)-Normal"
2022-06-06,-2.546258558571531,-3.1931109576754144,-3.6012220707258935,-4.125792354885493,"GARCH(1,1)-Normal"
2022-06-07,-2.280136963924301,-2.859383741685674,-3.2248412209044113,-3.694586169257022,"GARCH(1,1)-Normal"
2022-06-08,-2.1327214370304604,-2.67451872368833,-3.016348628025073,-3.4557236029231335,"GARCH(1,1)-Normal"
2022-06-09,-2.0840411139342727,-2.6134716345864204,-2.9474991180827645,-3.376845162166401,"GARCH(1,1)-Normal"
2022-06-10,-2.573618691592663,-3.227421668290068,-3.639918028982769,-4.170124941325796,"GARCH(1,1)-Normal"
2022-06-13,-3.1523609519662905,-3.953187811342564,-4.4584442522146075,-5.107881393929816,"GARCH(1,1)-Normal"
2022-06-14,-4.021970612386683,-5.043713408690593,-5.688349790079249,-6.516940531549297,"GARCH(1,1)-Normal"
2022-06-15,-3.581030313178814,-4.490756484366614,-5.064719510257747,-5.802469446392357,"GARCH(1,1)-Normal"
2022-06-16,-3.3273806230166656,-4.172669539762643,-4.70597791295619,-5.391471926534373,"GARCH(1,1)-Normal"
2022-06-17,-3.818980539054866,-4.789155667382975,-5.401257055619905,-6.188028571744281,"GARCH(1,1)-Normal"
2022-06-21,-3.3910279830000976,-4.252485896945247,-4.795995588790476,-5.494601983905925,"GARCH(1,1)-Normal"
2022-06-22,-3.4456026472239927,-4.32092472762022,-4.873181577873928,-5.583031233035953,"GARCH(1,1)-Normal"
2022-06-23,-3.0657100431171527,-3.8445240758364814,-4.335892218233017,-4.967477876749607,"GARCH(1,1)-Normal"
2022-06-24,-2.798189552852842,-3.5090425883064427,-3.9575328836445762,-4.534005011320373,"GARCH(1,1)-Normal"
2022-06-27,-3.2549023539250497,-4.081778866287746,-4.603470513846193,-5.274032836341867,"GARCH(1,1)-Normal"
2022-06-28,-2.907762532112935,-3.646451524866612,-4.112504039240027,-4.711549965901472,"GARCH(1,1)-Normal"
2022-06-29,-2.9963947043130097,-3.7575998445460574,-4.237858211788141,-4.855163793817327,"GARCH(1,1)-Normal"
2022-06-30,-2.6707387593566954,-3.349214151438946,-3.7772767942051195,-4.327492005144956,"GARCH(1,1)-Normal"
2022-07-01,-2.4785601822742604,-3.10821446260269,-3.505474965211672,-4.0160982932101,"GARCH(1,1)-Normal"
2022-07-05,-2.3200605728963692,-2.9094495579986006,-3.281305942952867,-3.7592757979366813,"GARCH(1,1)-Normal"
2022-07-06,-2.076059991549964,-2.6034629851293194,-2.9362112643874734,-3.3639130686813385,"GARCH(1,1)-Normal"
2022-07-07,-1.8722333477885933,-2.347856150752782,-2.6479353524049825,-3.0336455843672527,"GARCH(1,1)-Normal"
2022-07-08,-1.9627028497563568,-2.4613085560853993,-2.7758880955060863,-3.1802365023682495,"GARCH(1,1)-Normal"
2022-07-11,-1.7676459490111243,-2.216699333254068,-2.5000153984280655,-2.8641789413035093,"GARCH(1,1)-Normal"
2022-07-12,-1.823656419503999,-2.286938722915929,-2.579232075717838,-2.9549346778625982,"GARCH(1,1)-Normal"
2022-07-13,-1.7938221646972614,-2.2495253637671557,-2.5370369198048586,-2.90659318481941,"GARCH(1,1)-Normal"
2022-07-14,-1.6607255870140984,-2.082616885757904,-2.3487958900487973,-2.6909321158293533,"GARCH(1,1)-Normal"
2022-07-15,-1.5268336877526711,-1.9147110424033769,-2.159430021807135,-2.4739823592956722,"GARCH(1,1)-Normal"
2022-07-18,-1.902000139718929,-2.3851849087328523,-2.6900350942844438,-3.0818777649375337,"GARCH(1,1)-Normal"
2022-07-19,-1.8330774326752834,-2.298753053510269,-2.5925563944311985,-2.9701998770649785,"GARCH(1,1)-Normal"
2022-07-20,-2.507292504911687,-3.1442459543552417,-3.546111637428953,-4.062654286778209,"GARCH(1,1)-Normal"
2022-07-21,-2.2688401808750096,-2.8452171199890106,-3.208863965056469,-3.6762815941058973,"GARCH(1,1)-Normal"
2022-07-22,-2.131191592438384,-2.672600236850434,-3.0141849396238225,-3.4532447418895966,"GARCH(1,1)-Normal"
2022-07-25,-2.0444393573033324,-2.5638094340939492,-2.891489597942412,-3.312677042162268,"GARCH(1,1)-Normal"
2022-07-26,-1.837315808080298,-2.304068147259463,-2.598550809649236,-2.977067465898123,"GARCH(1,1)-Normal"
2022-07-27,-1.8768720881938439,-2.3536733183644354,-2.6544960114831904,-3.041161898700632,"GARCH(1,1)-Normal"
2022-07-28,-2.456106205239914,-3.080056269527441,-3.4737178769931747,-3.9797153239812997,"GARCH(1,1)-Normal"
2022-07-29,-2.3378122666014436,-2.931710898071924,-3.3064125021230963,-3.7880394919959968,"GARCH(1,1)-Normal"
2022-08-01,-2.297222195853227,-2.880809311804243,-3.24900519046626,-3.7222699718451437,"GARCH(1,1)-Normal"
2022-08-02,-2.0735853865557647,-2.60035973063213,-2.9327113833202354,-3.359903379118565,"GARCH(1,1)-Normal"
2022-08-03,-1.9369985721176373,-2.4290743549234515,-2.739534045115951,-3.138586956679858,"GARCH(1,1)-Normal"
2022-08-04,-2.033797717660454,-2.5504643886597687,-2.8764389239165404,-3.295434018929519,"GARCH(1,1)-Normal"
2022-08-05,-1.8315702026162783,-2.2968629262091964,-2.590424690195633,-2.9677576591552683,"GARCH(1,1)-Normal"
2022-08-08,-1.6612704128092879,-2.083300119285304,-2.3495664475680766,-2.6918149162397715,"GARCH(1,1)-Normal"
2022-08-09,-1.511565642016934,-1.8955642970828932,-2.1378361333564535,-2.449243007450004,"GARCH(1,1)-Normal"
2022-08-10,-1.421631244896873,-1.7827829348173485,-2.010640199253089,-2.3035191386660943,"GARCH(1,1)-Normal"
2022-08-11,-1.9390348204956163,-2.431627892539019,-2.7424139500555227,-3.1418863615899495,"GARCH(1,1)-Normal"
2022-08-12,-1.7501906417751258,-2.194809673770262,-2.475328024297119,-2.8358954926709945,"GARCH(1,1)-Normal"
2022-08-15,-1.9625092030303621,-2.4610657152785964,-2.7756142172460687,-3.179922729762963,"GARCH(1,1)-Normal"
2022-08-16,-1.7815733636367455,-2.2341648730765864,-2.5197132067158754,-2.8867460213795977,"GARCH(1,1)-Normal"
2022-08-17,-1.6122842592238678,-2.0218695064115946,-2.280284395728553,-2.6124409275780085,"GARCH(1,1)-Normal"
2022-08-18,-1.5713083520937396,-1.9704840657549691,-2.222331388313699,-2.546046223158508,"GARCH(1,1)-Normal"
2022-08-19,-1.43241586130876,-1.7963072788880627,-2.025893088051856,-2.320993832189559,"GARCH(1,1)-Normal"
2022-08-22,-1.6324849621792659,-2.0472020028866638,-2.3088546354170036,-2.645172837515486,"GARCH(1,1)-Normal"
2022-08-23,-2.1713613719085085,-2.722974760899327,-3.0709978253054557,-3.5183332492909245,"GARCH(1,1)-Normal"
2022-08-24,-1.9611267639284797,-2.4593320808722714,-2.7736590072426015,-3.177682715032942,"GARCH(1,1)-Normal"
2022-08-25,-1.7732249209008195,-2.2236955890795342,-2.5079058448375617,-2.873218745801423,"GARCH(1,1)-Normal"
2022-08-26,-1.855576756177391,-2.3269681128855306,-2.6243776170244164,-3.0066563227714065,"GARCH(1,1)-Normal"
2022-08-29,-3.0002327548345367,-3.7624129147408123,-4.243286439883892,-4.861382722152815,"GARCH(1,1)-Normal"
2022-08-30,-2.7264980473739504,-3.419138548142776,-3.856138219326201,-4.41784074189874,"GARCH(1,1)-Normal"
2022-08-31,-2.576986758185176,-3.2316453596769974,-3.644681549838812,-4.1755823381605985,"GARCH(1,1)-Normal"
2022-09-01,-2.3845823161181334,-2.9903624270378377,-3.3725602756873556,-3.8638226492421444,"GARCH(1,1)-Normal"
2022-09-02,-2.1423049294373344,-2.6865368097990965,-3.0299027442219884,-3.4712520729491962,"GARCH(1,1)-Normal"
2022-09-06,-2.0921400586433374,-2.6236280379921415,-2.9589536101404113,-3.389968167310877,"GARCH(1,1)-Normal"
2022-09-07,-1.9125567711982723,-2.3984233505004244,-2.70496553964238,-3.0989830464511487,"GARCH(1,1)-Normal"
2022-09-08,-2.1193045818940806,-2.6576934460631265,-2.997372913766122,-3.4339838003559753,"GARCH(1,1)-Normal"
2022-09-09,-1.948817037628451,-2.44389518747341,-2.756249126424713,-3.1577368322833586,"GARCH(1,1)-Normal"
2022-09-12,-2.029520977768765,-2.5451011842965237,-2.8703902490728725,-3.288504266768425,"GARCH(1,1)-Normal"
2022-09-13,-1.9524135963144627,-2.4484054171637792,-2.7613358080090027,-3.1635644628987536,"GARCH(1,1)-Normal"
2022-09-14,-3.6435941876639526,-4.569214107022657,-5.153204791875183,-5.903843894079088,"GARCH(1,1)-Normal"
2022-09-15,-3.248608881413895,-4.073886597857446,-4.594569535572647,-5.263835301341034,"GARCH(1,1)-Normal"
2022-09-16,-3.022685269786873,-3.790569274306235,-4.2750414602519005,-4.89776332231868,"GARCH(1,1)-Normal"
2022-09-19,-2.7576616866686243,-3.4582190090715716,-3.9002135490896794,-4.468336283413779,"GARCH(1,1)-Normal"
2022-09-20,-2.5033792737362197,-3.1393386045873877,-3.54057707989963,-4.056313540583251,"GARCH(1,1)-Normal"
2022-09-21,-2.4008917627860638,-3.010815131141151,-3.395627037349937,-3.8902494196690682,"GARCH(1,1)-Normal"
2022-09-22,-2.5025016590939577,-3.1382380404198607,-3.5393358527631844,-4.054891510691829,"GARCH(1,1)-Normal"
2022-09-23,-2.335460028322501,-2.9287610963723796,-3.3030856866364218,-3.7842280775284993,"GARCH(1,1)-Normal"
2022-09-26,-2.4574982115976796,-3.081801901658621,-3.475686618149213,-3.981970840872735,"GARCH(1,1)-Normal"
2022-09-27,-2.339985292700265,-2.934435960467533,-3.3094858544034436,-3.7915605226608924,"GARCH(1,1)-Normal"
2022-09-28,-2.109869678365698,-2.6458616964005977,-2.9840289496556416,-3.4186960941191344,"GARCH(1,1)-Normal"
2022-09-29,-2.313682250470761,-2.9014508843524247,-3.2722849598260813,-3.748940777633271,"GARCH(1,1)-Normal"
2022-09-30,-2.5996386874577047,-3.260051792845032,-3.676718605685377,-4.212286056367612,"GARCH(1,1)-Normal"
2022-10-03,-2.586545899337364,-3.24363290833197,-3.6582012255915193,-4.191071350991681,"GARCH(1,1)-Normal"
2022-10-04,-2.905192717847675,-3.6432288741024275,-4.108869501883809,-4.7073860054060255,"GARCH(1,1)-Normal"
2022-10-05,-3.3270295990251286,-4.172229341515686,-4.705481453026218,-5.390903150007028,"GARCH(1,1)-Normal"
2022-10-06,-2.973408390851703,-3.7287740801150338,-4.2053482300021905,-4.8179182611409965,"GARCH(1,1)-Normal"
2022-10-07,-2.769438646297001,-3.472987791570458,-3.9168699278368364,-4.487418905575219,"GARCH(1,1)-Normal"
2022-10-10,-3.2255236627680492,-4.044936802334819,-4.561919670296752,-5.226429509113348,"GARCH(1,1)-Normal"
2022-10-11,-2.9375145100138376,-3.683761705456122,-4.1545828293549585,-4.759758142778502,"GARCH(1,1)-Normal"
2022-10-12,-2.67552842807664,-3.355220589246217,-3.7840509140790286,-4.33525287393837,"GARCH(1,1)-Normal"
2022-10-13,-2.4117962644188577,-3.024489816115483,-3.4110494821044535,-3.9079183674351805,"GARCH(1,1)-Normal"
2022-10-14,-2.7880037900344403,-3.4962692308018664,-3.9431269649112544,-4.517500661350347,"GARCH(1,1)-Normal"
2022-10-17,-3.0458734791150346,-3.8196482242995002,-4.307836987215209,-4.935335993973551,"GARCH(1,1)-Normal"
2022-10-18,-3.2599871235691777,-4.088155372559376,-4.610662000588711,-5.282271867548449,"GARCH(1,1)-Normal"
2022-10-19,-3.004260344772405,-3.7674636750103603,-4.248982737193235,-4.867908767875207,"GARCH(1,1)-Normal"
2022-10-20,-2.735833356211852,-3.4308454020454326,-3.869341324765325,-4.432967071353482,"GARCH(1,1)-Normal"
2022-10-21,-2.5251704276154343,-3.166665590685432,-3.5713967246808878,-4.0916225141265485,"GARCH(1,1)-Normal"
2022-10-24,-2.7735456853778633,-3.478138184270585,-3.922678591585279,-4.494073685540119,"GARCH(1,1)-Normal"
2022-10-25,-2.6012866707946927,-3.26211843043519,-3.6790493799680486,-4.214956341767277,"GARCH(1,1)-Normal"
2022-10-26,-2.570549581004815,-3.223572879793949,-3.6355773273092296,-4.165151953426743,"GARCH(1,1)-Normal"
2022-10-27,-2.374703379689269,-2.9779738422042215,-3.3585883073720555,-3.8478154608694624,"GARCH(1,1)-Normal"
2022-10-28,-2.1856270445648485,-2.7408644899389114,-3.091174038381233,-3.54144842075876,"GARCH(1,1)-Normal"
2022-10-31,-2.5757923976490122,-3.230147583379849,-3.642992342940024,-4.173647073749805,"GARCH(1,1)-Normal"
2022-11-01,-2.380830836735484,-2.9856579205438267,-3.3672544868053933,-3.8577439951697436,"GARCH(1,1)-Normal"
2022-11-02,-2.1647345836829457,-2.7146645011160033,-3.0616254322562155,-3.5075956311073995,"GARCH(1,1)-Normal"
2022-11-03,-2.6808915759627663,-3.361946193064091,-3.7916361164816155,-4.343942971207641,"GARCH(1,1)-Normal"
2022-11-04,-2.53278088137078,-3.1762094067277076,-3.582160334660608,-4.103954000186876,"GARCH(1,1)-Normal"
2022-11-07,-2.442916590127225,-3.063515960059625,-3.4550635526362474,-3.95834372642196,"GARCH(1,1)-Normal"
2022-11-08,-2.278388789006146,-2.8571914598106445,-3.2223687437564967,-3.691753539912273,"GARCH(1,1)-Normal"
2022-11-09,-2.075783247256501,-2.6031159366204575,-2.9358198596519998,-3.3634646501629666,"GARCH(1,1)-Normal"
2022-11-10,-2.419566161640787,-3.0342335806973777,-3.4220385960216912,-3.9205082053558304,"GARCH(1,1)-Normal"
2022-11-11,-4.352763215873917,-5.458540678826755,-6.156196081847596,-7.052935428817684,"GARCH(1,1)-Normal"
2022-11-14,-3.9200085673258487,-4.915848890668749,-5.544142923964513,-6.351727841508706,"GARCH(1,1)-Normal"
2022-11-15,-3.561719899985865,-4.4665404471711465,-5.037408424370108,-5.771180104289627,"GARCH(1,1)-Normal"
2022-11-16,-3.2272656959325867,-4.047121382203032,-4.56438346104532,-5.2292521867585595,"GARCH(1,1)-Normal"
2022-11-17,-2.953996123785467,-3.704430314053313,-4.1778930902378395,-4.786463881622757,"GARCH(1,1)-Normal"
2022-11-18,-2.656536635072728,-3.3314041146220865,-3.7571904588051095,-4.304479803341382,"GARCH(1,1)-Normal"
2022-11-21,-2.396170342870155,-3.004894280087543,-3.388949443061997,-3.8825991368147657,"GARCH(1,1)-Normal"
2022-11-22,-2.1751867281894874,-2.7277719120043025,-3.0764080996945498,-3.5245316087016945,"GARCH(1,1)-Normal"
2022-11-23,-2.1534893161021924,-2.7005624818952065,-3.0457210357185187,-3.4893745282829713,"GARCH(1,1)-Normal"
2022-11-25,-1.970354475941702,-2.470904004015938,-2.7867099364392662,-3.192634701565918,"GARCH(1,1)-Normal"
2022-11-28,-1.7773178217432575,-2.2288282518582894,-2.5136945126055945,-2.8798506170810265,"GARCH(1,1)-Normal"
2022-11-29,-1.9840596746939203,-2.488090876168222,-2.8060934605766823,-3.2148417174417183,"GARCH(1,1)-Normal"
2022-11-30,-1.7973473563358013,-2.2539460963007922,-2.5420226656119813,-2.912305176896112,"GARCH(1,1)-Normal"
2022-12-01,-2.6542646081663137,-3.3285549012197073,-3.753977087793309,-4.300798358183732,"GARCH(1,1)-Normal"
2022-12-02,-2.3833397806341132,-2.988804237412527,-3.370802934040471,-3.861809325267881,"GARCH(1,1)-Normal"
2022-12-05,-2.1471337702526894,-2.692592370994355,-3.0367322659379736,-3.4790764136674173,"GARCH(1,1)-Normal"
2022-12-06,-2.345523077806802,-2.9413805664052957,-3.317318049559534,-3.8005335907645366,"GARCH(1,1)-Normal"
2022-12-07,-2.3676879004964464,-2.969176148266763,-3.348666181270264,-3.8364480330321866,"GARCH(1,1)-Normal"
2022-12-08,-2.137146921692132,-2.6800684599940316,-3.0226076754354865,-3.4628943714699183,"GARCH(1,1)-Normal"
2022-12-09,-1.9836103673207994,-2.487527426595653,-2.8054579965845527,-3.214113688892231,"GARCH(1,1)-Normal"
2022-12-12,-1.8814469497357151,-2.3594103793043075,-2.6609663254658926,-3.0485747078635397,"GARCH(1,1)-Normal"
2022-12-13,-1.9459746419586565,-2.4403307086310253,-2.752229071986274,-3.153131198544978,"GARCH(1,1)-Normal"
2022-12-14,-1.817177839181242,-2.2788143218219643,-2.570069295933851,-2.9444372061599844,"GARCH(1,1)-Normal"
2022-12-15,-1.7155062623251103,-2.151314062647349,-2.426273244544155,-2.7796951719741436,"GARCH(1,1)-Normal"
2022-12-16,-2.4012565461157527,-3.0112725841532515,-3.396142957374432,-3.8908404909362626,"GARCH(1,1)-Normal"
2022-12-19,-2.3173530349858287,-2.9060541962269673,-3.2774766204168886,-3.7548886789717724,"GARCH(1,1)-Normal"
2022-12-20,-2.196844835912594,-2.7549320528550276,-3.107039574758247,-3.5596250028758547,"GARCH(1,1)-Normal"
2022-12-21,-1.9804800062261811,-2.4836018274929783,-2.8010306671504184,-3.20904145464142,"GARCH(1,1)-Normal"
2022-12-22,-2.041417025287541,-2.5600193078144047,-2.887215056096027,-3.30777985122983,"GARCH(1,1)-Normal"
2022-12-23,-2.1342795856220054,-2.6764727048834454,-3.0185523473129097,-3.4582483259231336,"GARCH(1,1)-Normal"
2022-12-27,-1.9582146164041874,-2.4556801303903053,-2.7695403014252413,-3.172964059909888,"GARCH(1,1)-Normal"
2022-12-28,-1.8032729880556913,-2.2613770775388264,-2.5504033996347792,-2.921906686517155,"GARCH(1,1)-Normal"
2022-12-29,-1.8675245031403591,-2.3419510695921697,-2.641275543558094,-3.026015677661734,"GARCH(1,1)-Normal"
2022-12-30,-2.0507094298225335,-2.5716723579903005,-2.9003574811607864,-3.322836661332605,"GARCH(1,1)-Normal"
2023-01-03,-1.8669768740262247,-2.3412643205897177,-2.6405010212513336,-3.0251283349349705,"GARCH(1,1)-Normal"
2023-01-04,-1.724402583724608,-2.1624704085919157,-2.4388554816717605,-2.7941101946328177,"GARCH(1,1)-Normal"
2023-01-05,-1.6364743194413423,-2.0522048178383256,-2.3144968595233646,-2.6516369334877408,"GARCH(1,1)-Normal"
2023-01-06,-1.727916217768417,-2.166876647435485,-2.443824881352097,-2.7998034595320216,"GARCH(1,1)-Normal"
2023-01-09,-2.1905920575731757,-2.747090816557833,-3.0981961510283713,-3.5494934060736667,"GARCH(1,1)-Normal"
2023-01-10,-1.978269102793345,-2.4808292653924067,-2.797903744233745,-3.205459049999174,"GARCH(1,1)-Normal"
2023-01-11,-1.840861782903449,-2.30851494274507,-2.6035659495109686,-2.9828131337002888,"GARCH(1,1)-Normal"
2023-01-12,-1.8679868525981904,-2.34253087446513,-2.6419294532195168,-3.026764838760078,"GARCH(1,1)-Normal"
2023-01-13,-1.702876550382597,-2.1354758943434407,-2.4084108019256782,-2.759230805226542,"GARCH(1,1)-Normal"
2023-01-17,-1.5647775182642554,-1.962294136655474,-2.2130947053979715,-2.5354640832599467,"GARCH(1,1)-Normal"
2023-01-18,-1.4417289567162375,-1.8079862762527985,-2.0390647766124235,-2.3360841684412104,"GARCH(1,1)-Normal"
2023-01-19,-1.7528491565961901,-2.198143558609925,-2.479088012542123,-2.840203177798718,"GARCH(1,1)-Normal"
2023-01-20,-1.6982893954714382,-2.1297234170225225,-2.4019231011961923,-2.751798076684727,"GARCH(1,1)-Normal"
2023-01-23,-1.9907726225576843,-2.496509183613839,-2.815587710846451,-3.225718943119302,"GARCH(1,1)-Normal"
2023-01-24,-1.958936397396834,-2.456585272874325,-2.770561130057196,-3.174133587054466,"GARCH(1,1)-Normal"
2023-01-25,-1.776059797921782,-2.2272506392329543,-2.5119152655074766,-2.8778121968084918,"GARCH(1,1)-Normal"
2023-01-26,-1.6145786072958102,-2.024746711456062,-2.283529335990724,-2.6161585405057295,"GARCH(1,1)-Normal"
2023-01-27,-1.6344267944900415,-2.049637138944875,-2.3116010059109477,-2.648319256749031,"GARCH(1,1)-Normal"
2023-01-30,-1.4943790544760156,-1.874011622937836,-2.113528814618351,-2.4213949747966854,"GARCH(1,1)-Normal"
2023-01-31,-1.6743030875624993,-2.0996436192107963,-2.367998808179635,-2.7129322178113267,"GARCH(1,1)-Normal"
2023-02-01,-1.8015838694668362,-2.2592588546832846,-2.548014446980391,-2.919169748221186,"GARCH(1,1)-Normal"
2023-02-02,-1.7678915212858965,-2.217007290793901,-2.5003627159826363,-2.8645768507029366,"GARCH(1,1)-Normal"
2023-02-03,-1.8731678298692573,-2.349028028982302,-2.6492570082447857,-3.0351597585704977,"GARCH(1,1)-Normal"
2023-02-06,-1.8692280362193405,-2.344087368799863,-2.6436848829009456,-3.028775972263355,"GARCH(1,1)-Normal"
2023-02-07,-1.762556013894989,-2.2103163492721483,-2.4928166060599124,-2.855931540300842,"GARCH(1,1)-Normal"
2023-02-08,-1.80749445855168,-2.266670971850097,-2.5563739059173782,-2.9287468837312574,"GARCH(1,1)-Normal"
2023-02-09,-1.8397100238358561,-2.307070590408206,-2.6019369946821627,-2.9809468979483267,"GARCH(1,1)-Normal"
2023-02-10,-1.7995927383945478,-2.256761895989247,-2.54519835230725,-2.9159434484693527,"GARCH(1,1)-Normal"
2023-02-13,-1.6369212798449255,-2.052765324216409,-2.315129004151688,-2.652361159159887,"GARCH(1,1)-Normal"
2023-02-14,-1.6652511611688845,-2.0882921383259414,-2.355196495939373,-2.6982650629043587,"GARCH(1,1)-Normal"
2023-02-15,-1.518521904893349,-1.9042877313705766,-2.1476745086918982,-2.460514485005758,"GARCH(1,1)-Normal"
2023-02-16,-1.3958561741361253,-1.750459956224328,-1.974186024799494,-2.261754884390604,"GARCH(1,1)-Normal"
2023-02-17,-1.6404456990053697,-2.0571850880313485,-2.3201136574282986,-2.658071899563144,"GARCH(1,1)-Normal"
2023-02-21,-1.5156792338432754,-1.900722907190212,-2.1436540647778752,-2.4559084050590196,"GARCH(1,1)-Normal"
2023-02-22,-2.016723611214751,-2.529052770346004,-2.8522906893379263,-3.267768243353412,"GARCH(1,1)-Normal"
2023-02-23,-1.831755262352119,-2.2970949985839155,-2.5906864237116065,-2.9680575179582003,"GARCH(1,1)-Normal"
2023-02-24,-1.6926775655524224,-2.1226859559026776,-2.393986183048784,-2.742705031165508,"GARCH(1,1)-Normal"
2023-02-27,-1.73223923478261,-2.1722978851773354,-2.449939006813248,-2.806808196143375,"GARCH(1,1)-Normal"
2023-02-28,-1.5841155102814728,-1.9865447588092031,-2.2404447965430725,-2.566798112302241,"GARCH(1,1)-Normal"
2023-03-01,-1.4708963662067314,-1.8445633844720641,-2.0803168004689456,-2.3833451485496897,"GARCH(1,1)-Normal"
2023-03-02,-1.4016470095127809,-1.7577218974097772,-1.9823761137816795,-2.2711379787527135,"GARCH(1,1)-Normal"
2023-03-03,-1.3721475588052745,-1.7207283961086413,-1.9406544776954524,-2.2233389805745274,"GARCH(1,1)-Normal"
2023-03-06,-1.6488579799245202,-2.0677344276856267,-2.332011306867398,-2.6717026143963034,"GARCH(1,1)-Normal"
2023-03-07,-1.5034902426248855,-1.8854374204546132,-2.126414941889988,-2.4361581536113377,"GARCH(1,1)-Normal"
2023-03-08,-1.7791399810901594,-2.231113313191765,-2.5162716273429617,-2.882803125999464,"GARCH(1,1)-Normal"
2023-03-09,-1.61790816796072,-2.0289221148563095,-2.2882383971785325,-2.6215535448308676,"GARCH(1,1)-Normal"
2023-03-10,-1.999441126048871,-2.50737983671039,-2.827847740758786,-3.239764824403369,"GARCH(1,1)-Normal"
2023-03-13,-2.1018381119664054,-2.6357897881136143,-2.9726697520273144,-3.405682264421279,"GARCH(1,1)-Normal"
2023-03-14,-1.9065274892985853,-2.3908623877553037,-2.696438211192295,-3.08921358879594,"GARCH(1,1)-Normal"
2023-03-15,-2.040221469849516,-2.558520033062116,-2.885524159224734,-3.3058426506774983,"GARCH(1,1)-Normal"
2023-03-16,-1.9235766384770154,-2.4122427086490426,-2.7205511482315345,-3.116838925233545,"GARCH(1,1)-Normal"
2023-03-17,-2.092911847572112,-2.6245958924455657,-2.9600451659507545,-3.3912187240743306,"GARCH(1,1)-Normal"
2023-03-20,-2.064065498790663,-2.5884214073081857,-2.919247224381973,-3.3444779699320524,"GARCH(1,1)-Normal"
2023-03-21,-1.950496339336817,-2.446001099564771,-2.758624194877686,-3.160457863942378,"GARCH(1,1)-Normal"
2023-03-22,-1.958286076558924,-2.4557697443073048,-2.76964136888579,-3.17307984931356,"GARCH(1,1)-Normal"
2023-03-23,-2.146351011738585,-2.6916107602383748,-3.035625195633761,-3.4778080824987927,"GARCH(1,1)-Normal"
2023-03-24,-1.9456992938064155,-2.43998541093958,-2.751839641839973,-3.1526850422433625,"GARCH(1,1)-Normal"
2023-03-27,-1.7954609867600972,-2.251580512749927,-2.5393547371226677,-2.9092486258841457,"GARCH(1,1)-Normal"
2023-03-28,-1.6328673857087779,-2.047681577421012,-2.309395504312744,-2.6457924918192792,"GARCH(1,1)-Normal"
2023-03-29,-1.4982761497977921,-1.8788987376941833,-2.119040550901872,-2.427709575500027,"GARCH(1,1)-Normal"
2023-03-30,-1.6573431715559375,-2.0783752003145675,-2.344012075318243,-2.6854514690225515,"GARCH(1,1)-Normal"
2023-03-31,-1.5493572215346443,-1.9429564624463196,-2.1912854854611825,-2.5104780337706174,"GARCH(1,1)-Normal"
2023-04-03,-1.701267330747167,-2.1334578679989047,-2.4061348518858647,-2.756623330016753,"GARCH(1,1)-Normal"
2023-04-04,-1.5627506810851137,-1.9597524010629301,-2.210228110896513,-2.5321799276465464,"GARCH(1,1)-Normal"
2023-04-05,-1.50021807939651,-1.8813339957553987,-2.12178705899201,-2.4308561523726486,"GARCH(1,1)-Normal"
2023-04-06,-1.3930034897670205,-1.7468825749379249,-1.9701514188572764,-2.2571325795106327,"GARCH(1,1)-Normal"
2023-04-10,-1.295908151666901,-1.6251211037852766,-1.8328276292705246,-2.0998055860362417,"GARCH(1,1)-Normal"
2023-04-11,-1.1973222869272073,-1.501490452093398,-1.6933957594130673,-1.9400634397905008,"GARCH(1,1)-Normal"
2023-04-12,-1.1137734739316887,-1.3967168699374561,-1.5752310787958692,-1.8046863576963514,"GARCH(1,1)-Normal"
2023-04-13,-1.0959749619966832,-1.3743968179149832,-1.5500583037095956,-1.7758468024113685,"GARCH(1,1)-Normal"
2023-04-14,-1.3403491943909833,-1.6808519642727513,-1.8956814440825687,-2.171814971609803,"GARCH(1,1)-Normal"
2023-04-17,-1.2517622881119983,-1.5697604098845424,-1.770391291990481,-2.028274489658969,"GARCH(1,1)-Normal"
2023-04-18,-1.172890411182545,-1.4708518942398656,-1.658841291303485,-1.9004756116716663,"GARCH(1,1)-Normal"
2023-04-19,-1.0921248160665245,-1.3695685795898322,-1.5446129688465953,-1.7696082754595912,"GARCH(1,1)-Normal"
2023-04-20,-1.0249065144571883,-1.2852741175437177,-1.4495448421249897,-1.6606920956966964,"GARCH(1,1)-Normal"
2023-04-21,-1.074062190846215,-1.3469173188523085,-1.5190666533007295,-1.7403407681232888,"GARCH(1,1)-Normal"
2023-04-24,-1.007923383485014,-1.2639765861440357,-1.425525275894711,-1.6331737308821175,"GARCH(1,1)-Normal"
2023-04-25,-0.9518445947171581,-1.1936515226091435,-1.346211974764886,-1.5423072958176993,"GARCH(1,1)-Normal"
2023-04-26,-1.4687328135976219,-1.841850202214748,-2.0772568467258847,-2.3798394681135817,"GARCH(1,1)-Normal"
2023-04-27,-1.3847965948128163,-1.736590797569698,-1.9585442507078685,-2.2438346587847815,"GARCH(1,1)-Normal"
2023-04-28,-1.8137724518680063,-2.2745438287455966,-2.5652529916702833,-2.9389193372479387,"GARCH(1,1)-Normal"
2023-05-01,-1.7267305508697792,-2.165389773310527,-2.4421479700307662,-2.7978822817280737,"GARCH(1,1)-Normal"
2023-05-02,-1.5741606315466603,-1.9740609392601418,-2.22636542157523,-2.550667871938536,"GARCH(1,1)-Normal"
2023-05-03,-1.6767461582353171,-2.1027073283967663,-2.3714540896543608,-2.716890811203355,"GARCH(1,1)-Normal"
2023-05-04,-1.6210701494317776,-2.0328873671867194,-2.2927104479144904,-2.6266770146904634,"GARCH(1,1)-Normal"
2023-05-05,-1.5806542450540764,-1.9822041925741618,-2.235549463079165,-2.561189702439327,"GARCH(1,1)-Normal"
2023-05-08,-1.8874376177785732,-2.3669229187151433,-2.6694390416013807,-3.058281598127562,"GARCH(1,1)-Normal"
2023-05-09,-1.713057084015123,-2.148242694237964,-2.422809324921625,-2.7757266821626585,"GARCH(1,1)-Normal"
2023-05-10,-1.6041556687691794,-2.0116759260448456,-2.2687879751271285,-2.5992698863885533,"GARCH(1,1)-Normal"
2023-05-11,-1.4879087192955103,-1.8658975615848936,-2.1043776960963965,-2.41091086298824,"GARCH(1,1)-Normal"
2023-05-12,-1.3752421067440523,-1.7246090840690609,-1.9450311558998443,-2.2283531855085306,"GARCH(1,1)-Normal"
2023-05-15,-1.277260890737422,-1.601736686282148,-1.8064544522843284,-2.069590772884839,"GARCH(1,1)-Normal"
2023-05-16,-1.191691586195235,-1.4944293262127888,-1.685432151914775,-1.9309398172289127,"GARCH(1,1)-Normal"
2023-05-17,-1.2147560169729381,-1.523353052910107,-1.718052616512051,-1.9683119261422426,"GARCH(1,1)-Normal"
2023-05-18,-1.3629959431923595,-1.7092519009209626,-1.9277111730899226,-2.208510295717088,"GARCH(1,1)-Normal"
2023-05-19,-1.3906022837568957,-1.743871365727943,-1.9667553473739185,-2.253241820904941,"GARCH(1,1)-Normal"
2023-05-22,-1.2894237222127602,-1.6169893676445817,-1.8236565769484,-2.089298636780194,"GARCH(1,1)-Normal"
2023-05-23,-1.1936855143363945,-1.4969297925440344,-1.688252202535798,-1.9341706491698771,"GARCH(1,1)-Normal"
2023-05-24,-1.3885707154162383,-1.7413236970679862,-1.9638820615004415,-2.2499499992240297,"GARCH(1,1)-Normal"
2023-05-25,-1.3960423054241624,-1.7506933723687321,-1.9744492738321877,-2.262056479467272,"GARCH(1,1)-Normal"
2023-05-26,-1.397458778595488,-1.7524696868711958,-1.976452618869555,-2.2643516407977984,"GARCH(1,1)-Normal"
2023-05-30,-1.537551402758084,-1.9281514894113294,-2.1745882906700182,-2.4913486501157145,"GARCH(1,1)-Normal"
2023-05-31,-1.4086977660060627,-1.7665638305052243,-1.9923481332427215,-2.2825625676414636,"GARCH(1,1)-Normal"
2023-06-01,-1.3809208158482398,-1.731730414385258,-1.9530626625551246,-2.237554597725214,"GARCH(1,1)-Normal"
2023-06-02,-1.4166565695161435,-1.7765444911936195,-2.003604420928271,-2.295458497069129,"GARCH(1,1)-Normal"
2023-06-05,-1.6084534196507216,-2.0170654790370253,-2.274866366214707,-2.606233683395962,"GARCH(1,1)-Normal"
2023-06-06,-1.4819857019401286,-1.8584698588654254,-2.096000659619213,-2.401313589514018,"GARCH(1,1)-Normal"
2023-06-07,-1.3639807668878337,-1.7104869095664164,-1.929104028036242,-2.210106040210521,"GARCH(1,1)-Normal"
2023-06-08,-1.2969268047478129,-1.6263985358448685,-1.8342683297622493,-2.101456145473483,"GARCH(1,1)-Normal"
2023-06-09,-1.2559135690858687,-1.5749662837033784,-1.7762625278924915,-2.035000956320149,"GARCH(1,1)-Normal"
2023-06-12,-1.1644983863783163,-1.4603279565709042,-1.6469722904742754,-1.8868777185344037,"GARCH(1,1)-Normal"
2023-06-13,-1.2341044854652128,-1.5476168129862165,-1.7454175247357526,-1.9996629305857794,"GARCH(1,1)-Normal"
2023-06-14,-1.220938918400829,-1.5311066607411599,-1.7267972119924626,-1.9783302989254503,"GARCH(1,1)-Normal"
2023-06-15,-1.1341709733814604,-1.422296157155948,-1.604079651521864,-1.8377371439196724,"GARCH(1,1)-Normal"
2023-06-16,-1.316646320452662,-1.6511276040949252,-1.862158017139547,-2.1334083707741036,"GARCH(1,1)-Normal"
2023-06-20,-1.2550607643687357,-1.5738968321828848,-1.7750563899066143,-2.0336191268235675,"GARCH(1,1)-Normal"
2023-06-21,-1.2246748721190819,-1.5357916974256565,-1.7320810426309858,-1.9843837962174222,"GARCH(1,1)-Normal"
2023-06-22,-1.2115493252539473,-1.519331732125017,-1.7135173312192165,-1.9631160106943983,"GARCH(1,1)-Normal"
2023-06-23,-1.144160839309701,-1.434823852057077,-1.6182085095450471,-1.8539240752642205,"GARCH(1,1)-Normal"
2023-06-26,-1.2178986301708188,-1.5272940166445668,-1.722497274329642,-1.9734040129071673,"GARCH(1,1)-Normal"
2023-06-27,-1.1887886745898488,-1.4907889579457414,-1.681326508633777,-1.926236127390309,"GARCH(1,1)-Normal"
2023-06-28,-1.326732136939235,-1.663775624867194,-1.8764225798684457,-2.14975077418518,"GARCH(1,1)-Normal"
2023-06-29,-1.227892605236798,-1.5398268645701976,-1.7366319439847455,-1.9895976024322095,"GARCH(1,1)-Normal"
2023-06-30,-1.1682425359949937,-1.4650232712426774,-1.6522677127283467,-1.892944495929038,"GARCH(1,1)-Normal"
2023-07-03,-1.3432779213365869,-1.6845247060179152,-1.8998235984918814,-2.1765604909527,"GARCH(1,1)-Normal"
2023-07-05,-1.2400006567258726,-1.5550108496198352,-1.7537565922688547,-2.0092167043879074,"GARCH(1,1)-Normal"
2023-07-06,-1.1664983841722856,-1.4628360344916447,-1.6498009255210973,-1.8901183853474297,"GARCH(1,1)-Normal"
2023-07-07,-1.2433526901911962,-1.5592144348184351,-1.7584974371671465,-2.014648122182458,"GARCH(1,1)-Normal"
2023-07-10,-1.1809088988573542,-1.480907401278704,-1.6701819914421883,-1.913468249451952,"GARCH(1,1)-Normal"
2023-07-11,-1.1059019818440874,-1.3868457012953068,-1.5640982773213337,-1.7919319020393474,"GARCH(1,1)-Normal"
2023-07-12,-1.1138068217701391,-1.3967586894722446,-1.5752782432801806,-1.8047403923726286,"GARCH(1,1)-Normal"
2023-07-13,-1.137437674292379,-1.426392731888702,-1.608699808960023,-1.8430302943731467,"GARCH(1,1)-Normal"
2023-07-14,-1.1861039291976483,-1.4874221789116382,-1.677529421991446,-1.9218859399450208,"GARCH(1,1)-Normal"
2023-07-17,-1.1117095884819652,-1.3941286743189418,-1.5723120862183189,-1.8013421714662594,"GARCH(1,1)-Normal"
2023-07-18,-1.0620722513918457,-1.3318814510592556,-1.5021090531212864,-1.7209130472542313,"GARCH(1,1)-Normal"
2023-07-19,-1.0888071893012938,-1.365408141781239,-1.5399207860008428,-1.7642326080521025,"GARCH(1,1)-Normal"
2023-07-20,-1.0270924080043957,-1.288015316238722,-1.4526363930831439,-1.664233975941066,"GARCH(1,1)-Normal"
2023-07-21,-1.100811030131027,-1.3804614424598296,-1.5568980471607492,-1.783682853808904,"GARCH(1,1)-Normal"
2023-07-24,-1.032294219571432,-1.2945385978035702,-1.4599934144507924,-1.6726626542944827,"GARCH(1,1)-Normal"
2023-07-25,-0.9986627809048942,-1.252363416902556,-1.4124278289416186,-1.618168450606054,"GARCH(1,1)-Normal"
2023-07-26,-0.9552050239742769,-1.197865636469371,-1.350964693991734,-1.5477523176091754,"GARCH(1,1)-Normal"
2023-07-27,-0.9108008526711673,-1.1421810142313218,-1.2881630271340045,-1.47580267609666,"GARCH(1,1)-Normal"
2023-07-28,-1.0041234777099144,-1.259211351000197,-1.4201509966417647,-1.6270166098217225,"GARCH(1,1)-Normal"
2023-07-31,-1.1354326150810015,-1.4238783067463354,-1.6058640154539714,-1.8397814263673635,"GARCH(1,1)-Normal"
2023-08-01,-1.0621064184703335,-1.3319242979541022,-1.5021573762724167,-1.7209684093739734,"GARCH(1,1)-Normal"
2023-08-02,-1.0268774416419773,-1.2877457397477332,-1.4523323620544808,-1.6638856583785633,"GARCH(1,1)-Normal"
2023-08-03,-1.4024333857371443,-1.7587080449203736,-1.9834883006825494,-2.2724121718245915,"GARCH(1,1)-Normal"
2023-08-04,-1.3109579479686821,-1.6439941555106128,-1.854112843381816,-2.1241913006430515,"GARCH(1,1)-Normal"
2023-08-07,-1.2824655451690943,-1.6082635329139408,-1.8138154943696827,-2.0780240576318763,"GARCH(1,1)-Normal"
2023-08-08,-1.3145249936247598,-1.6484673746707832,-1.8591577841246603,-2.12997111025737,"GARCH(1,1)-Normal"
2023-08-09,-1.2630923876026523,-1.5839688117427793,-1.7864156679172343,-2.046633048612564,"GARCH(1,1)-Normal"
2023-08-10,-1.2890836747896572,-1.6165629344572745,-1.8231756413886353,-2.0887476459729903,"GARCH(1,1)-Normal"
2023-08-11,-1.193917317433983,-1.4972204829801807,-1.6885800460803149,-1.934546247886924,"GARCH(1,1)-Normal"
2023-08-14,-1.1188648179526988,-1.4031016207429292,-1.5824318638050734,-1.8129360415971723,"GARCH(1,1)-Normal"
2023-08-15,-1.1012370114065817,-1.3809956401649919,-1.5575005206079486,-1.7843730862615714,"GARCH(1,1)-Normal"
2023-08-16,-1.3379625680241833,-1.6778590385236942,-1.8923059928669945,-2.1679478369133034,"GARCH(1,1)-Normal"
2023-08-17,-1.3623934660839916,-1.708496370320976,-1.92685907821823,-2.20753408085496,"GARCH(1,1)-Normal"
2023-08-18,-1.386059934966839,-1.738175077090527,-1.9603310167965617,-2.245881693298044,"GARCH(1,1)-Normal"
2023-08-21,-1.2788061513696192,-1.6036745054562938,-1.8086399438853125,-2.0720946130707314,"GARCH(1,1)-Normal"
2023-08-22,-1.2560609116734789,-1.5751510572525715,-1.77647091732595,-2.035239700700395,"GARCH(1,1)-Normal"
2023-08-23,-1.1904315666349967,-1.4928492108505298,-1.6836500822052392,-1.9288981631906228,"GARCH(1,1)-Normal"
2023-08-24,-1.3112622380558878,-1.6443757475561251,-1.8545432066590486,-2.124684352580466,"GARCH(1,1)-Normal"
2023-08-25,-1.5610963526034407,-1.9576778064053522,-2.207888362554627,-2.5294993609856395,"GARCH(1,1)-Normal"
2023-08-28,-1.485925943987751,-1.8634110813566775,-2.1015734191404856,-2.4076981023757438,"GARCH(1,1)-Normal"
2023-08-29,-1.414709781546462,-1.7741031405392114,-2.0008510415513654,-2.2923040480070505,"GARCH(1,1)-Normal"
2023-08-30,-1.6030381763984842,-2.010274545528333,-2.2672074843416707,-2.597459174171549,"GARCH(1,1)-Normal"
2023-08-31,-1.4807869276833332,-1.8569665475845396,-2.094305210311107,-2.39937117339635,"GARCH(1,1)-Normal"
2023-09-01,-1.3695179103961417,-1.7174307109141156,-1.9369353157677136,-2.2190780687099747,"GARCH(1,1)-Normal"
2023-09-05,-1.265198339465709,-1.5866097603407237,-1.789394155825933,-2.0500453965326555,"GARCH(1,1)-Normal"
2023-09-06,-1.2218771998322422,-1.532283303509799,-1.728124241326535,-1.9798506293504277,"GARCH(1,1)-Normal"
2023-09-07,-1.2546359801275109,-1.5733641356070651,-1.7744556094479111,-2.0329308339677534,"GARCH(1,1)-Normal"
2023-09-08,-1.1957915865404924,-1.4995708920544994,-1.691230860645128,-1.9375831920827926,"GARCH(1,1)-Normal"
2023-09-11,-1.1143568002525037,-1.3974483846772394,-1.5760560883432628,-1.8056315418634188,"GARCH(1,1)-Normal"
2023-09-12,-1.1199692352695945,-1.4044866046144826,-1.583993862292426,-1.8147255678443448,"GARCH(1,1)-Normal"
2023-09-13,-1.1390092647719765,-1.4283635697537285,-1.610922539366649,-1.8455767977374284,"GARCH(1,1)-Normal"
2023-09-14,-1.0652980514972676,-1.335926734531831,-1.506671363769704,-1.7261399246931057,"GARCH(1,1)-Normal"
2023-09-15,-1.1298973481810024,-1.4169368587411648,-1.5980353818454436,-1.830812438602398,"GARCH(1,1)-Normal"
2023-09-18,-1.3828781349211143,-1.7341849714679325,-1.9558309362722457,-2.240726110704425,"GARCH(1,1)-Normal"
2023-09-19,-1.274668839786331,-1.598486149816823,-1.8027884651589863,-2.065390781504747,"GARCH(1,1)-Normal"
2023-09-20,-1.1982552009856184,-1.5026603639597533,-1.694715197569075,-1.9415750732721047,"GARCH(1,1)-Normal"
2023-09-21,-1.316454228120541,-1.6508867125607498,-1.8618863372884482,-2.1330971168079147,"GARCH(1,1)-Normal"
2023-09-22,-1.7002055847965425,-2.1321263957421714,-2.404633204326146,-2.7549029456861156,"GARCH(1,1)-Normal"
2023-09-25,-1.5646664466412004,-1.9621548483591342,-2.2129376146818576,-2.5352841100000814,"GARCH(1,1)-Normal"
2023-09-26,-1.4499441596871159,-1.8182884722091102,-2.0506836949483596,-2.349395550938869,"GARCH(1,1)-Normal"
2023-09-27,-1.7090926107618702,-2.143271084837278,-2.4172022947438156,-2.7693029066256627,"GARCH(1,1)-Normal"
2023-09-28,-1.5592113717890361,-1.9553139644171842,-2.2052223982169217,-2.526445060232483,"GARCH(1,1)-Normal"
2023-09-29,-1.4705546224841934,-1.8441348240568307,-2.079833465800519,-2.3827914091688123,"GARCH(1,1)-Normal"
2023-10-02,-1.3719604384795392,-1.7204937396710624,-1.9403898298478681,-2.2230357829252694,"GARCH(1,1)-Normal"
2023-10-03,-1.2665160898848458,-1.588262272529112,-1.7912578753909116,-2.052180593913385,"GARCH(1,1)-Normal"
2023-10-04,-1.5414492272359368,-1.933039518558813,-2.1801010582128924,-2.497664432296308,"GARCH(1,1)-Normal"
2023-10-05,-1.4990890475032626,-1.8799181442120598,-2.120190247639593,-2.429026742261134,"GARCH(1,1)-Normal"
2023-10-06,-1.3835431791463642,-1.7350189637566713,-1.9567715210113392,-2.2418037052680093,"GARCH(1,1)-Normal"
2023-10-09,-1.4803193036734659,-1.8563801282105319,-2.0936438407500835,-2.3986134657557114,"GARCH(1,1)-Normal"
2023-10-10,-1.4113586373057536,-1.7699006704641538,-1.9961114543004166,-2.2868740710544393,"GARCH(1,1)-Normal"
2023-10-11,-1.3348849909719862,-1.6739996327397137,-1.8879533169113567,-2.162961130504097,"GARCH(1,1)-Normal"
2023-10-12,-1.2570298919027132,-1.5763661975521783,-1.7778413645556193,-2.0368097734678883,"GARCH(1,1)-Normal"
2023-10-13,-1.2616785511051052,-1.5821958037356068,-1.7844160519779084,-2.0443421595773557,"GARCH(1,1)-Normal"
2023-10-16,-1.2357666086295478,-1.549701182490318,-1.7477682972460769,-2.002356127245328,"GARCH(1,1)-Normal"
2023-10-17,-1.3282464037282125,-1.665674576511539,-1.8785642362854953,-2.1522043939561133,"GARCH(1,1)-Normal"
2023-10-18,-1.2296074960451235,-1.5419774068286998,-1.7390573467809531,-1.992376300362408,"GARCH(1,1)-Normal"
2023-10-19,-1.5010900426117524,-1.8824274728054444,-2.123020293207373,-2.4322690250579764,"GARCH(1,1)-Normal"
2023-10-20,-1.516771561074357,-1.9020927296063967,-2.1451989640261404,-2.4576783413146517,"GARCH(1,1)-Normal"
2023-10-23,-1.6667436430806208,-2.090163770855346,-2.3573073415888106,-2.7006833838720063,"GARCH(1,1)-Normal"
2023-10-24,-1.5316259346265235,-1.9207207133196598,-2.1662077880133164,-2.4817474055625985,"GARCH(1,1)-Normal"
2023-10-25,-1.4729666605897576,-1.847159617151499,-2.0832448573231703,-2.3866997193999664,"GARCH(1,1)-Normal"
2023-10-26,-1.7056573543868943,-2.1389631347524625,-2.4123437460962247,-2.7637366398216745,"GARCH(1,1)-Normal"
2023-10-27,-1.7808023210443504,-2.2331979545590923,-2.5186227064633164,-2.885496673931246,"GARCH(1,1)-Normal"
2023-10-30,-1.6664247862755985,-2.089763911558018,-2.356856376324587,-2.7001667289690565,"GARCH(1,1)-Normal"
2023-10-31,-1.7035319452711672,-2.136297785974694,-2.4093377394237634,-2.7602927646303077,"GARCH(1,1)-Normal"
2023-11-01,-1.6030648232070783,-2.010307961701338,-2.2672451714315778,-2.5975023509333157,"GARCH(1,1)-Normal"
2023-11-02,-1.609605009626787,-2.018509619326292,-2.2764950818941387,-2.6080996451629708,"GARCH(1,1)-Normal"
2023-11-03,-1.9153082361596718,-2.401873798566011,-2.7088569890446674,-3.1034413419625233,"GARCH(1,1)-Normal"
2023-11-06,-1.8370155593217679,-2.3036916232031515,-2.5981261621002716,-2.9765809622677915,"GARCH(1,1)-Normal"
2023-11-07,-1.6735454756131072,-2.098693543261468,-2.3669273031417775,-2.7117046325065077,"GARCH(1,1)-Normal"
2023-11-08,-1.5355269876895492,-1.9256127912432028,-2.171725121805813,-2.4880684191333735,"GARCH(1,1)-Normal"
2023-11-09,-1.4084327038562672,-1.7662314318758205,-1.991973250785972,-2.2821330781116145,"GARCH(1,1)-Normal"
2023-11-10,-1.4322795824974677,-1.7961363797607248,-2.0257003463283785,-2.3207730148354573,"GARCH(1,1)-Normal"
2023-11-13,-1.657922556475307,-2.079101772377928,-2.344831510466357,-2.6863902667981443,"GARCH(1,1)-Normal"
2023-11-14,-1.5193970755189354,-1.9053852306425922,-2.1489122792089197,-2.4619325547709474,"GARCH(1,1)-Normal"
2023-11-15,-1.863802110052173,-2.3372830384848613,-2.636010891977457,-3.019984153135909,"GARCH(1,1)-Normal"
2023-11-16,-1.6969130355009652,-2.1279974060922386,-2.399976489024288,-2.749567912185277,"GARCH(1,1)-Normal"
2023-11-17,-1.5501174056722766,-1.9439097640234724,-2.192360628393954,-2.5117097868825673,"GARCH(1,1)-Normal"
2023-11-20,-1.4219399119400893,-1.78317001574228,-2.011076752942735,-2.304019282739374,"GARCH(1,1)-Normal"
2023-11-21,-1.3846656334262923,-1.7364265667075436,-1.9583590295197155,-2.2436224574411723,"GARCH(1,1)-Normal"
2023-11-22,-1.291480873122858,-1.6195691178787097,-1.8265660447380396,-2.092631910798717,"GARCH(1,1)-Normal"
2023-11-24,-1.2172608002277387,-1.5264941521635909,-1.721595179269163,-1.972370514602756,"GARCH(1,1)-Normal"
2023-11-27,-1.13243362108631,-1.42011744728679,-1.6016224810161976,-1.8349220508518669,"GARCH(1,1)-Normal"
2023-11-28,-1.0757618374852465,-1.3490487443075116,-1.521470495977394,-1.7430947653894806,"GARCH(1,1)-Normal"
2023-11-29,-1.0110691808353316,-1.2679215429341115,-1.429974437119858,-1.638270977041298,"GARCH(1,1)-Normal"
2023-11-30,-0.9632114819765732,-1.207906057813558,-1.362288380335035,-1.5607254632877186,"GARCH(1,1)-Normal"
2023-12-01,-0.9384134116014843,-1.1768082771198625,-1.327215996171392,-1.5205442771214355,"GARCH(1,1)-Normal"
2023-12-04,-0.9602989126529721,-1.204253578378242,-1.358169077958863,-1.5560061247083996,"GARCH(1,1)-Normal"
2023-12-05,-1.0074270736847826,-1.2633541936316233,-1.424823335472952,-1.6323695426457907,"GARCH(1,1)-Normal"
2023-12-06,-0.9575587688017054,-1.2008173274414968,-1.3542936402186827,-1.5515661731902064,"GARCH(1,1)-Normal"
2023-12-07,-0.9659832962933593,-1.2113820247917648,-1.3662086102189803,-1.565216731575796,"GARCH(1,1)-Normal"
2023-12-08,-1.0411900178651132,-1.3056942877523394,-1.4725749117398592,-1.6870768293463925,"GARCH(1,1)-Normal"
2023-12-11,-1.0075151862307477,-1.2634646903190405,-1.4249479547281998,-1.6325123145050304,"GARCH(1,1)-Normal"
2023-12-12,-0.9770690108693741,-1.2252839581076782,-1.381887347897258,-1.5831793050513758,"GARCH(1,1)-Normal"
2023-12-13,-0.9633873745824942,-1.2081266342375232,-1.3625371486042226,-1.561010468267416,"GARCH(1,1)-Normal"
2023-12-14,-1.2669725407117765,-1.5888346802809508,-1.7919034425060856,-2.0529201972524853,"GARCH(1,1)-Normal"
2023-12-15,-1.1813805284552263,-1.4814988438216696,-1.6708490261827675,-1.9142324474878065,"GARCH(1,1)-Normal"
2023-12-18,-1.1028224879403685,-1.3829838917021853,-1.5597428903260082,-1.786942089688159,"GARCH(1,1)-Normal"
2023-12-19,-1.065184773810979,-1.335784679743196,-1.5065111529762596,-1.7259563768713437,"GARCH(1,1)-Normal"
2023-12-20,-1.0601790634825166,-1.3295073170429486,-1.4994314813326097,-1.71784544825633,"GARCH(1,1)-Normal"
2023-12-21,-1.4598288470346985,-1.8306842689268121,-2.0646637968977504,-2.365412057727547,"GARCH(1,1)-Normal"
2023-12-22,-1.4900513485126472,-1.8685845050645509,-2.1074080574869005,-2.4143826405159614,"GARCH(1,1)-Normal"
2023-12-26,-1.3691801238587187,-1.7170071129686637,-1.936457577821712,-2.218530741295407,"GARCH(1,1)-Normal"
2023-12-27,-1.285056523297973,-1.6115127240169296,-1.8174799641820967,-2.0822223106803803,"GARCH(1,1)-Normal"
2023-12-28,-1.1916214451945768,-1.4943413665682233,-1.6853329501590133,-1.93082616529702,"GARCH(1,1)-Normal"
2023-12-29,-1.1107992524533414,-1.3929870762128187,-1.5710245806007055,-1.7998671219609255,"GARCH(1,1)-Normal"
2024-01-02,-1.0700477086072564,-1.341882996166005,-1.513388894460094,-1.7338359612667493,"GARCH(1,1)-Normal"
2024-01-03,-1.098817210618183,-1.3779611123528743,-1.5540781501748258,-1.7804521978822223,"GARCH(1,1)-Normal"
2024-01-04,-1.1940337141365156,-1.4973664491410184,-1.6887446681579548,-1.9347348495604764,"GARCH(1,1)-Normal"
2024-01-05,-1.1488706460503157,-1.4407301397203485,-1.6248696790975496,-1.8615555408818827,"GARCH(1,1)-Normal"
2024-01-08,-1.076231415037969,-1.349637613503073,-1.5221346284713582,-1.7438556384243604,"GARCH(1,1)-Normal"
2024-01-09,-1.3565767606111963,-1.701201986991275,-1.918632400665384,-2.1981090682656093,"GARCH(1,1)-Normal"
2024-01-10,-1.2620306619054906,-1.5826373648847059,-1.7849140490023743,-2.044912697099326,"GARCH(1,1)-Normal"
2024-01-11,-1.217313155919446,-1.5265598083132086,-1.7216692269230707,-1.9724553483726233,"GARCH(1,1)-Normal"
2024-01-12,-1.1370495675818286,-1.4259060304160511,-1.6081509022328857,-1.8424014314111044,"GARCH(1,1)-Normal"
2024-01-16,-1.063938714627502,-1.3342220712566075,-1.504748827693989,-1.7239373433228387,"GARCH(1,1)-Normal"
2024-01-17,-1.047802055883266,-1.3139860501804936,-1.4819264432892743,-1.6977905472497348,"GARCH(1,1)-Normal"
2024-01-18,-1.0800749315533849,-1.354457538274682,-1.527570587226576,-1.7500834235021157,"GARCH(1,1)-Normal"
2024-01-19,-1.1521217257021117,-1.444807124763945,-1.6294677430908244,-1.8668233796594296,"GARCH(1,1)-Normal"
2024-01-22,-1.3302466170450404,-1.6681829247066395,-1.881393176150409,-2.1554454099884124,"GARCH(1,1)-Normal"
2024-01-23,-1.233604840127357,-1.5469902375750555,-1.744710866799478,-1.9988533376604496,"GARCH(1,1)-Normal"
2024-01-24,-1.1558749296223068,-1.4495137938976124,-1.6347759710191476,-1.8729048280607083,"GARCH(1,1)-Normal"
2024-01-25,-1.0800373607509972,-1.3544104229727467,-1.5275174501237794,-1.7500225462087489,"GARCH(1,1)-Normal"
2024-01-26,-1.0597073860124122,-1.3289158144662725,-1.4987643788854188,-1.7170811726514126,"GARCH(1,1)-Normal"
2024-01-29,-1.002719356696884,-1.257450526602566,-1.4181651214975957,-1.6247414631280006,"GARCH(1,1)-Normal"
2024-01-30,-1.0548202960486186,-1.322787206488892,-1.4918524742872032,-1.709162448787969,"GARCH(1,1)-Normal"
2024-01-31,-0.9982354596166672,-1.2518275387674416,-1.4118234602889244,-1.6174760468836933,"GARCH(1,1)-Normal"
2024-02-01,-1.4953328007240034,-1.8752076592103661,-2.114877716137627,-2.4229403634082236,"GARCH(1,1)-Normal"
2024-02-02,-1.585978803420652,-1.9888814035776794,-2.243080087587831,-2.569817271751959,"GARCH(1,1)-Normal"
2024-02-05,-1.5997988901339946,-2.0062123498682065,-2.262626099961121,-2.5922104446345084,"GARCH(1,1)-Normal"
2024-02-06,-1.4892101767027068,-1.8675296416789902,-2.1062183721436614,-2.41301966022831,"GARCH(1,1)-Normal"
2024-02-07,-1.3723460556733582,-1.7209773191892956,-1.9409352156039836,-2.223660612035736,"GARCH(1,1)-Normal"
2024-02-08,-1.3637779555446876,-1.7102325759599724,-1.9288171880832954,-2.2097774178535263,"GARCH(1,1)-Normal"
2024-02-09,-1.2597256942044113,-1.5797468423968668,-1.7816540891960562,-2.0411778768127693,"GARCH(1,1)-Normal"
2024-02-12,-1.2168848720015781,-1.5260227230016887,-1.7210634968049052,-1.971761384867577,"GARCH(1,1)-Normal"
2024-02-13,-1.1389019770552666,-1.428229026628602,-1.6107708003014891,-1.8454029556741844,"GARCH(1,1)-Normal"
2024-02-14,-1.4532815664636984,-1.8224737149499355,-2.0554038530416374,-2.3548032685948845,"GARCH(1,1)-Normal"
2024-02-15,-1.4636306725837118,-1.835451911544589,-2.0700407913235788,-2.371572289465178,"GARCH(1,1)-Normal"
2024-02-16,-1.3890432766829297,-1.741916307961238,-1.9645504139180114,-2.250715706875661,"GARCH(1,1)-Normal"
2024-02-20,-1.3368688856665984,-1.6764875167242035,-1.8907591770374554,-2.166175704898506,"GARCH(1,1)-Normal"
2024-02-21,-1.3198778741230868,-1.6551801027701338,-1.866728465164746,-2.138644570916842,"GARCH(1,1)-Normal"
2024-02-22,-1.2224918211896665,-1.5330540634880447,-1.7289935120414217,-1.9808465219667035,"GARCH(1,1)-Normal"
2024-02-23,-1.776046311113525,-2.227233726231294,-2.511896190857184,-2.8777903436584213,"GARCH(1,1)-Normal"
2024-02-26,-1.6201060862161138,-2.0316783930205,-2.2913469549109475,-2.6251149091331065,"GARCH(1,1)-Normal"
2024-02-27,-1.5157508024708282,-1.900812657136499,-2.1437552856535977,-2.456024370225013,"GARCH(1,1)-Normal"
2024-02-28,-1.3941759562665723,-1.7483528952298775,-1.9718096606022708,-2.25903236824337,"GARCH(1,1)-Normal"
2024-02-29,-1.2975738962760952,-1.6272100147273338,-1.835183523659423,-2.102504650650348,"GARCH(1,1)-Normal"
2024-03-01,-1.2399475864253715,-1.5549442973219603,-1.753681533930093,-2.009130712712262,"GARCH(1,1)-Normal"
2024-03-04,-1.2516900599130623,-1.5696698328091314,-1.7702891382703643,-2.0281574557662507,"GARCH(1,1)-Normal"
2024-03-05,-1.1712497724253583,-1.4687944670490864,-1.6565209046001867,-1.8978172269531377,"GARCH(1,1)-Normal"
2024-03-06,-1.3244011873250092,-1.6608525200120652,-1.8731258733465401,-2.1459738544903506,"GARCH(1,1)-Normal"
2024-03-07,-1.261210380290005,-1.581608698645777,-1.7837539090598091,-2.043583565928954,"GARCH(1,1)-Normal"
2024-03-08,-1.335119741828375,-1.6742940197843186,-1.8882853295273978,-2.1633415055784706,"GARCH(1,1)-Normal"
2024-03-11,-1.3315452420079137,-1.6698114528012835,-1.8832298462176147,-2.157549617719261,"GARCH(1,1)-Normal"
2024-03-12,-1.23948612665019,-1.5543656081469357,-1.75302888256382,-2.008382993198027,"GARCH(1,1)-Normal"
2024-03-13,-1.3487460099387103,-1.6913819097273357,-1.907557220551732,-2.185420627357361,"GARCH(1,1)-Normal"
2024-03-14,-1.2610898723855952,-1.581457576871925,-1.7835834724308988,-2.0433883027303117,"GARCH(1,1)-Normal"
2024-03-15,-1.1977176558710023,-1.5019862606995218,-1.6939549372552707,-1.9407040700046543,"GARCH(1,1)-Normal"
2024-03-18,-1.2208748370052156,-1.5310263000857864,-1.7267065804517538,-1.978226465584872,"GARCH(1,1)-Normal"
2024-03-19,-1.1966436789274664,-1.5006394502842357,-1.6924359911688678,-1.938963867365748,"GARCH(1,1)-Normal"
2024-03-20,-1.1633550536738344,-1.458894171233331,-1.645355253211621,-1.8850251363151462,"GARCH(1,1)-Normal"
2024-03-21,-1.2167848035410616,-1.5258972331150795,-1.7209219680715477,-1.971599240419216,"GARCH(1,1)-Normal"
2024-03-22,-1.1455755338973677,-1.436597936143878,-1.6202093390976042,-1.8562163546930495,"GARCH(1,1)-Normal"
2024-03-25,-1.0826828360442045,-1.357727955718415,-1.5312589963156957,-1.7543091029305753,"GARCH(1,1)-Normal"
2024-03-26,-1.0513396943246545,-1.3184223915070512,-1.4869297928471934,-1.703522707319142,"GARCH(1,1)-Normal"
2024-03-27,-1.0211842858869509,-1.280606292748554,-1.444280423225227,-1.6546608377450933,"GARCH(1,1)-Normal"
2024-03-28,-1.1008299920326452,-1.3804852214494503,-1.5569248653400658,-1.7837135784454368,"GARCH(1,1)-Normal"
2024-04-01,-1.034361227570149,-1.2971307092244972,-1.4629168233089733,-1.6760119001006033,"GARCH(1,1)-Normal"
2024-04-02,-0.9957014508934395,-1.2486497895974897,-1.4082395633940943,-1.6133701033681336,"GARCH(1,1)-Normal"
2024-04-03,-1.0901925709754907,-1.3671454662919604,-1.5418801577404888,-1.7664773907356044,"GARCH(1,1)-Normal"
2024-04-04,-1.0252457568970434,-1.285699541249556,-1.450024639181585,-1.6612417821612133,"GARCH(1,1)-Normal"
2024-04-05,-1.316749102557431,-1.6512564970009052,-1.8623033838317566,-2.1335749122357504,"GARCH(1,1)-Normal"
2024-04-08,-1.4030174504085735,-1.7594404855816153,-1.9843143544933073,-2.273358552367145,"GARCH(1,1)-Normal"
2024-04-09,-1.2969343580290353,-1.626408007964248,-1.8342790125120247,-2.101468384320876,"GARCH(1,1)-Normal"
2024-04-10,-1.2037565803545587,-1.5095593156338314,-1.7024959033957363,-1.9504891518778658,"GARCH(1,1)-Normal"
2024-04-11,-1.3195083462652897,-1.6547166999283736,-1.866205834863606,-2.1380458119237757,"GARCH(1,1)-Normal"
2024-04-12,-1.3018482834180125,-1.6325702686474464,-1.8412288709641895,-2.1094305905681843,"GARCH(1,1)-Normal"
2024-04-15,-1.5947745344660362,-1.9999116051600114,-2.2555200578580057,-2.58406930431971,"GARCH(1,1)-Normal"
2024-04-16,-1.7012135816274494,-2.133390464434346,-2.406058833480131,-2.7565362384264405,"GARCH(1,1)-Normal"
2024-04-17,-1.5665249896471376,-1.964485536268888,-2.2155661875225237,-2.5382955726417324,"GARCH(1,1)-Normal"
2024-04-18,-1.5041516797691337,-1.8862668893182533,-2.127350425065585,-2.4372299034946283,"GARCH(1,1)-Normal"
2024-04-19,-1.3975396549679318,-1.752571109105084,-1.9765670038665006,-2.264482687630413,"GARCH(1,1)-Normal"
2024-04-22,-1.4425150260078135,-1.8089720388572967,-2.040176529412395,-2.337357864179091,"GARCH(1,1)-Normal"
2024-04-23,-1.4327238721673508,-1.796693536931001,-2.0263287136870636,-2.321492913023796,"GARCH(1,1)-Normal"
2024-04-24,-1.5188876057823582,-1.9047463350390832,-2.14819172643805,-2.4611070430266118,"GARCH(1,1)-Normal"
2024-04-25,-1.3964765887311286,-1.751237981156218,-1.9750634890008434,-2.262760163993615,"GARCH(1,1)-Normal"
2024-04-26,-1.3391105660424718,-1.6792986743529963,-1.8939296283719957,-2.1698079785047115,"GARCH(1,1)-Normal"
2024-04-29,-1.3915533932595119,-1.745064095415401,-1.9681005196938968,-2.2547829371051566,"GARCH(1,1)-Normal"
2024-04-30,-1.2952534022672122,-1.6243000216231216,-1.8319016046996826,-2.0987446725408274,"GARCH(1,1)-Normal"
2024-05-01,-1.6430018602407435,-2.0603906173452438,-2.323728885043803,-2.6622137375737647,"GARCH(1,1)-Normal"
2024-05-02,-1.5311473457782439,-1.9201205435959219,-2.165530910672079,-2.480971931208386,"GARCH(1,1)-Normal"
2024-05-03,-1.5143189547086366,-1.899017062276823,-2.1417301960389685,-2.4537042969038168,"GARCH(1,1)-Normal"
2024-05-06,-1.5999268081452072,-2.0063727642149396,-2.2628070168454935,-2.5924177146899927,"GARCH(1,1)-Normal"
2024-05-07,-1.6004357538704501,-2.0070110026870953,-2.263526828497133,-2.5932423773603217,"GARCH(1,1)-Normal"
2024-05-08,-1.4680653569578133,-1.841013184660827,-2.076312850062844,-2.378757964629786,"GARCH(1,1)-Normal"
2024-05-09,-1.3530811081918503,-1.696818297830226,-1.913688432739677,-2.1924449396253642,"GARCH(1,1)-Normal"
2024-05-10,-1.284935195856062,-1.6113605745099877,-1.8173083684656586,-2.082025719556282,"GARCH(1,1)-Normal"
2024-05-13,-1.1942367511254621,-1.4976210657163995,-1.6890318272460632,-1.935063837539303,"GARCH(1,1)-Normal"
2024-05-14,-1.1165273609930968,-1.400170355414169,-1.57912595382042,-1.809148577821612,"GARCH(1,1)-Normal"
2024-05-15,-1.0824843967194717,-1.3574791047994443,-1.530978339791824,-1.7539875647088834,"GARCH(1,1)-Normal"
2024-05-16,-1.2545132427006274,-1.5732102179220837,-1.774282019562819,-2.0327319581953813,"GARCH(1,1)-Normal"
2024-05-17,-1.1825352240252505,-1.4829468786510518,-1.672482134163001,-1.9161034413580043,"GARCH(1,1)-Normal"
2024-05-20,-1.104887052007607,-1.3855729383344413,-1.5626628426852607,-1.7902873755060937,"GARCH(1,1)-Normal"
2024-05-21,-1.037954183804056,-1.3016364212945912,-1.4679984098765042,-1.6818336935360692,"GARCH(1,1)-Normal"
2024-05-22,-0.9874659158685646,-1.2383220964251984,-1.396591889046186,-1.6000257761278227,"GARCH(1,1)-Normal"
2024-05-23,-0.9671172560651399,-1.2128040560935927,-1.3678123911640476,-1.5670541265023288,"GARCH(1,1)-Normal"
2024-05-24,-1.0738471591183183,-1.346647660390373,-1.5187625298244234,-1.7399923446468013,"GARCH(1,1)-Normal"
2024-05-28,-1.0941050159530787,-1.3720518301359557,-1.547413603335148,-1.7728168630264698,"GARCH(1,1)-Normal"
2024-05-29,-1.0293349832687257,-1.2908275960937425,-1.4558081100755063,-1.667867699566533,"GARCH(1,1)-Normal"
2024-05-30,-1.1185241482727821,-1.4026744072204738,-1.5819500481756226,-1.812384042525354,"GARCH(1,1)-Normal"
2024-05-31,-1.1443093883184985,-1.4350101385071103,-1.6184186052430136,-1.8541647744511747,"GARCH(1,1)-Normal"
2024-06-03,-1.1767365379444168,-1.4756750923658373,-1.664280941780078,-1.906707626223619,"GARCH(1,1)-Normal"
2024-06-04,-1.0997146921645191,-1.3790865904196128,-1.555347475452832,-1.7819064188175076,"GARCH(1,1)-Normal"
2024-06-05,-1.0346733583031404,-1.2975221337561444,-1.463358275761167,-1.6765176565123256,"GARCH(1,1)-Normal"
2024-06-06,-1.2264932167865168,-1.5380719749971825,-1.734652762194386,-1.9873301240764667,"GARCH(1,1)-Normal"
2024-06-07,-1.1442793616212776,-1.4349724838174105,-1.618376137912122,-1.854116121136915,"GARCH(1,1)-Normal"
2024-06-10,-1.0793923648516441,-1.3536015720935037,-1.5266052201145923,-1.7489774366531912,"GARCH(1,1)-Normal"
2024-06-11,-1.0233796835733149,-1.2833594100174919,-1.4473854160687623,-1.6582181178806248,"GARCH(1,1)-Normal"
2024-06-12,-0.9770761351746443,-1.225292892273907,-1.3818974239381576,-1.5831908488139361,"GARCH(1,1)-Normal"
2024-06-13,-1.0631930576762347,-1.3332869873572357,-1.5036942308381225,-1.722729129122223,"GARCH(1,1)-Normal"
2024-06-14,-1.0077561605479948,-1.2637668818346388,-1.425288769303698,-1.6329027736720596,"GARCH(1,1)-Normal"
2024-06-17,-0.9585359328158688,-1.202042730537568,-1.3556756619315518,-1.5531495064324385,"GARCH(1,1)-Normal"
2024-06-18,-1.022938683588613,-1.2828063782451506,-1.4467617013746077,-1.6575035500849615,"GARCH(1,1)-Normal"
2024-06-20,-0.9749098689538124,-1.2225763070380145,-1.378833632282253,-1.5796807714172523,"GARCH(1,1)-Normal"
2024-06-21,-0.9539685243136319,-1.1963150160100793,-1.3492158889250332,-1.5457487736919506,"GARCH(1,1)-Normal"
2024-06-24,-0.9233525295925209,-1.1579213234704826,-1.3059151033328795,-1.4961405999531303,"GARCH(1,1)-Normal"
2024-06-25,-0.9212669788656386,-1.1553059587203562,-1.3029654691403958,-1.4927613087119753,"GARCH(1,1)-Normal"
2024-06-26,-0.9068236437876988,-1.1371934338365437,-1.2825379847113414,-1.469358264569811,"GARCH(1,1)-Normal"
2024-06-27,-0.8712984511720092,-1.0926434090824486,-1.2322940268525677,-1.4117955447092352,"GARCH(1,1)-Normal"
2024-06-28,-0.8399070226282148,-1.053277291245418,-1.1878965304070586,-1.3609309082570833,"GARCH(1,1)-Normal"
2024-07-01,-0.8779492280200472,-1.1009837515661427,-1.2417003474683592,-1.422572032502006,"GARCH(1,1)-Normal"
2024-07-02,-0.8547763263544594,-1.0719239979993118,-1.2089264704243519,-1.3850241643915377,"GARCH(1,1)-Normal"
2024-07-03,-0.9022132573438263,-1.1314118232363592,-1.2760174271818014,-1.461887893157935,"GARCH(1,1)-Normal"
2024-07-05,-0.912218997411809,-1.143959424949145,-1.290168736303755,-1.4781005459297785,"GARCH(1,1)-Normal"
2024-07-08,-0.9279998641915139,-1.1637492685478097,-1.3124879173433037,-1.5036708397610927,"GARCH(1,1)-Normal"
2024-07-09,-0.8871825921251173,-1.1125627626610122,-1.2547592705263857,-1.4375331773183218,"GARCH(1,1)-Normal"
2024-07-10,-0.8527497380714897,-1.0693825745326087,-1.206060227941499,-1.3817404120733647,"GARCH(1,1)-Normal"
2024-07-11,-1.0377704963269014,-1.301406069787626,-1.4677386171721778,-1.6815360582521812,"GARCH(1,1)-Normal"
2024-07-12,-1.1747362056523178,-1.4731665949709474,-1.661451833646168,-1.9034664174115012,"GARCH(1,1)-Normal"
2024-07-15,-1.1418554358750805,-1.431932783141798,-1.6149479334724663,-1.8501885489432723,"GARCH(1,1)-Normal"
2024-07-16,-1.0775837061984017,-1.3513334411745437,-1.5240471996659068,-1.74604680338383,"GARCH(1,1)-Normal"
2024-07-17,-1.08096308249744,-1.3555713153897302,-1.5288267160557165,-1.7515225257341465,"GARCH(1,1)-Normal"
2024-07-18,-1.4255319628509393,-1.787674592500737,-2.0161570590945894,-2.309839609248029,"GARCH(1,1)-Normal"
2024-07-19,-1.4374453724499388,-1.8026144887676667,-2.0330064216391315,-2.3291433260990573,"GARCH(1,1)-Normal"
2024-07-22,-1.428967636581705,-1.79198306596655,-2.0210161980164387,-2.315406552308292,"GARCH(1,1)-Normal"
2024-07-23,-1.4778197389875478,-1.8532455732529627,-2.0901086587145303,-2.3945633331260194,"GARCH(1,1)-Normal"
2024-07-24,-1.3690431762391648,-1.7168353751287835,-1.9362638901899467,-2.218308840247741,"GARCH(1,1)-Normal"
2024-07-25,-2.0674391495953524,-2.5926521015224715,-2.924018643095862,-3.349944415062373,"GARCH(1,1)-Normal"
2024-07-26,-1.9190332061618898,-2.406545061227477,-2.714125285203995,-3.1094770419528452,"GARCH(1,1)-Normal"
2024-07-29,-1.8782825791073547,-2.3554421308742532,-2.656490895699168,-3.043447366768283,"GARCH(1,1)-Normal"
2024-07-30,-1.7107599774035953,-2.1453620298735676,-2.4195604832042763,-2.772004599476164,"GARCH(1,1)-Normal"
2024-07-31,-1.6112959514398342,-2.0206301285785266,-2.2788866131692953,-2.6108395376932645,"GARCH(1,1)-Normal"
2024-08-01,-1.7848587112294532,-2.2382848315005783,-2.5243597365119315,-2.892069385707822,"GARCH(1,1)-Normal"
2024-08-02,-1.902623541137037,-2.3859666792614145,-2.690916782806709,-3.082887884195139,"GARCH(1,1)-Normal"
2024-08-05,-2.1697160146622188,-2.720911416532851,-3.068670765152974,-3.51566721903844,"GARCH(1,1)-Normal"
2024-08-06,-2.892002341663402,-3.6266876102201406,-4.090214101128816,-4.6860131746556135,"GARCH(1,1)-Normal"
2024-08-07,-2.684462127539931,-3.366423808790746,-3.7966860157155584,-4.349728461589283,"GARCH(1,1)-Normal"
2024-08-08,-2.490820137083245,-3.1235889405438217,-3.522814453259966,-4.0359635294611,"GARCH(1,1)-Normal"
2024-08-09,-2.700370655883925,-3.3863737451413556,-3.819185750941701,-4.3755056099461065,"GARCH(1,1)-Normal"
2024-08-12,-2.4508089694733184,-3.07341332216659,-3.4662258953590683,-3.9711320264389993,"GARCH(1,1)-Normal"
2024-08-13,-2.2164710407156862,-2.779544105469783,-3.1347972907464983,-3.591426033238396,"GARCH(1,1)-Normal"
2024-08-14,-2.2792929967922273,-2.858325372853385,-3.2236475820837347,-3.6932186596105403,"GARCH(1,1)-Normal"
2024-08-15,-2.074199937265663,-2.601130402015528,-2.9335805541169777,-3.360899157262168,"GARCH(1,1)-Normal"
2024-08-16,-2.14592596437415,-2.691077733695434,-3.0350240430348805,-3.4771193632951802,"GARCH(1,1)-Normal"
2024-08-19,-1.9478242235946706,-2.442650158621361,-2.754844970590444,-3.156128140763558,"GARCH(1,1)-Normal"
2024-08-20,-1.870313939663688,-2.345449135528325,-2.6452206968650454,-3.0305354998312652,"GARCH(1,1)-Normal"
2024-08-21,-1.7130986649528792,-2.1482948384114353,-2.4228681336354008,-2.775794057219495,"GARCH(1,1)-Normal"
2024-08-22,-1.5813112069562698,-1.983028049303718,-2.236478616834521,-2.5622542009304152,"GARCH(1,1)-Normal"
2024-08-23,-1.5932356034113635,-1.9979817235314392,-2.2533435182993045,-2.581575720171042,"GARCH(1,1)-Normal"
2024-08-26,-1.6272401607742235,-2.0406248103305913,-2.30143681270107,-2.636674501214574,"GARCH(1,1)-Normal"
2024-08-27,-1.5132166708024428,-1.8976347537883596,-2.140171214875085,-2.451918227497087,"GARCH(1,1)-Normal"
2024-08-28,-1.3904294737960512,-1.7436546550652687,-1.96651093894849,-2.2529618108435514,"GARCH(1,1)-Normal"
2024-08-29,-1.3627274052295144,-1.7089151434817675,-1.927331374724446,-2.2080751742050273,"GARCH(1,1)-Normal"
2024-08-30,-1.2595990981220782,-1.57958808580228,-1.7814750419409253,-2.040972748725172,"GARCH(1,1)-Normal"
2024-09-03,-1.3269825807109314,-1.6640896914607035,-1.8767767872740808,-2.150156577042519,"GARCH(1,1)-Normal"
2024-09-04,-1.9382718427044396,-2.4306710876076156,-2.741334856005231,-3.140650081822843,"GARCH(1,1)-Normal"
2024-09-05,-1.7704921351220837,-2.220268565462594,-2.504040813759779,-2.86879071682711,"GARCH(1,1)-Normal"
2024-09-06,-1.6362746539443727,-2.0519544292499012,-2.3142144688006985,-2.6513134084560197,"GARCH(1,1)-Normal"
2024-09-09,-1.9377535022836294,-2.430021067808203,-2.740601757256368,-3.139810196596652,"GARCH(1,1)-Normal"
2024-09-10,-1.906175895787845,-2.3904214753082886,-2.6959409457804457,-3.0886438894565873,"GARCH(1,1)-Normal"
2024-09-11,-1.7529950053308045,-2.198326458807194,-2.479294289190782,-2.8404395016363804,"GARCH(1,1)-Normal"
2024-09-12,-1.7324799238755624,-2.1725997190101607,-2.4502794179905827,-2.8071981931514416,"GARCH(1,1)-Normal"
2024-09-13,-1.645598389815885,-2.0636467701858114,-2.3274012063726075,-2.6664209858260253,"GARCH(1,1)-Normal"
2024-09-16,-1.5381653333963645,-1.9289213831999026,-2.1754565844876383,-2.4923434235354525,"GARCH(1,1)-Normal"
2024-09-17,-1.4127762383664355,-1.7716783993853733,-1.9981163945332245,-2.2891710599437842,"GARCH(1,1)-Normal"
2024-09-18,-1.3033886052983015,-1.6345018944274525,-1.8434073775941018,-2.111926428320547,"GARCH(1,1)-Normal"
2024-09-19,-1.2333352929673864,-1.5466522145619506,-1.744329641107248,-1.998416580910769,"GARCH(1,1)-Normal"
2024-09-20,-1.5774394083129402,-1.9781726576027021,-2.231002658126075,-2.5559805893254466,"GARCH(1,1)-Normal"
2024-09-23,-1.4590371302254692,-1.8296914241073354,-2.063544056705788,-2.364129211118055,"GARCH(1,1)-Normal"
2024-09-24,-1.3507486102238335,-1.6938932512769769,-1.910389536351457,-2.1886655110783946,"GARCH(1,1)-Normal"
2024-09-25,-1.2549766519690426,-1.5737913518402729,-1.7749374281345756,-2.0334828365421127,"GARCH(1,1)-Normal"
2024-09-26,-1.1803324475633683,-1.4801845080999276,-1.669366705376438,-1.9125342051328136,"GARCH(1,1)-Normal"
2024-09-27,-1.1234718231554224,-1.4088789911303015,-1.588947639180731,-1.820400934265016,"GARCH(1,1)-Normal"
2024-09-30,-1.062339919762891,-1.332217117995251,-1.5024876216064855,-1.7213467597360945,"GARCH(1,1)-Normal"
2024-10-01,-1.0273318868899968,-1.2883156324227052,-1.4529750926411273,-1.6646220120075699,"GARCH(1,1)-Normal"
2024-10-02,-1.1891796569040243,-1.49127926554135,-1.6818794823819976,-1.9268696497941082,"GARCH(1,1)-Normal"
2024-10-03,-1.110903584042867,-1.3931179122351953,-1.5711721387587758,-1.8000361741072557,"GARCH(1,1)-Normal"
2024-10-04,-1.0560794938627804,-1.324366291348419,-1.4936333817855814,-1.7112027713221711,"GARCH(1,1)-Normal"
2024-10-07,-1.1368688159437632,-1.4256793605697462,-1.6078952617418092,-1.8421085531706158,"GARCH(1,1)-Normal"
2024-10-08,-1.275736326943895,-1.5998248217786792,-1.8042982326172419,-2.0671204685150433,"GARCH(1,1)-Normal"
2024-10-09,-1.3261420923469993,-1.6630356851440096,-1.8755880685415738,-2.148794704166488,"GARCH(1,1)-Normal"
2024-10-10,-1.2992369837649644,-1.6292955935333058,-1.8375356600323385,-2.1051994098388773,"GARCH(1,1)-Normal"
2024-10-11,-1.2203517217398365,-1.5303702924386502,-1.7259667285490965,-1.9773788435099813,"GARCH(1,1)-Normal"
2024-10-14,-1.190248923792724,-1.492620169357851,-1.6833917669479617,-1.9286022205653988,"GARCH(1,1)-Normal"
2024-10-15,-1.2035401488695838,-1.5092879018200485,-1.7021898002162819,-1.9501384603257215,"GARCH(1,1)-Normal"
2024-10-16,-1.2579672441711334,-1.5775416751129385,-1.779167079756739,-2.038328598337367,"GARCH(1,1)-Normal"
2024-10-17,-1.197982678324021,-1.502318609547566,-1.6943297635681116,-1.9411334952124193,"GARCH(1,1)-Normal"
2024-10-18,-1.1195545402552722,-1.4039665603362341,-1.5834073512198679,-1.8140536229179585,"GARCH(1,1)-Normal"
2024-10-21,-1.0716408377903825,-1.3438808444342052,-1.5156420874661527,-1.7364173645503866,"GARCH(1,1)-Normal"
2024-10-22,-1.0246376665150014,-1.2849369713779224,-1.4491646053498146,-1.6602564719141988,"GARCH(1,1)-Normal"
2024-10-23,-0.972986886723374,-1.2201648097410265,-1.3761139218166538,-1.576564895632283,"GARCH(1,1)-Normal"
2024-10-24,-1.1457358933784838,-1.436799033402676,-1.6204361385719555,-1.8564761908039564,"GARCH(1,1)-Normal"
2024-10-25,-1.0766096028723906,-1.3501118763048947,-1.5226695067427003,-1.7444684294823283,"GARCH(1,1)-Normal"
2024-10-28,-1.0162906606130917,-1.2744694892286934,-1.4373592756132698,-1.6467315244887486,"GARCH(1,1)-Normal"
2024-10-29,-0.970299494653529,-1.2167947116663809,-1.3723130919276227,-1.5722104196820612,"GARCH(1,1)-Normal"
2024-10-30,-0.9248411684289927,-1.1597881366284621,-1.3080205136476315,-1.498552693850675,"GARCH(1,1)-Normal"
2024-10-31,-0.926884120387853,-1.1623500808049014,-1.3109098995895714,-1.5018629608087928,"GARCH(1,1)-Normal"
2024-11-01,-1.585271035639112,-1.9879938342257308,-2.2420790781077646,-2.5686704507065152,"GARCH(1,1)-Normal"
2024-11-04,-1.4711075855587985,-1.8448282620609044,-2.0806155320293636,-2.383687394699449,"GARCH(1,1)-Normal"
2024-11-05,-1.3764731091297613,-1.7261528107238027,-1.946772186065696,-2.2303478219977064,"GARCH(1,1)-Normal"
2024-11-06,-1.484577263369414,-1.861719781450657,-2.099665954404524,-2.4055127877047005,"GARCH(1,1)-Normal"
2024-11-07,-2.1256365612844865,-2.6656340036735138,-3.0063283530538363,-3.444243729408461,"GARCH(1,1)-Normal"
2024-11-08,-1.9795498908084108,-2.4824354252348937,-2.7997151871652766,-3.2075343558957408,"GARCH(1,1)-Normal"
2024-11-11,-1.8115958481698997,-2.2718142798961503,-2.562174579522994,-2.935392509673012,"GARCH(1,1)-Normal"
2024-11-12,-1.653318828797525,-2.0733285121390597,-2.3383203705567706,-2.6789306848193117,"GARCH(1,1)-Normal"
2024-11-13,-1.5346203498000488,-1.9244758307527368,-2.170442846536935,-2.4865993618530133,"GARCH(1,1)-Normal"
2024-11-14,-1.411104260039472,-1.769581671109743,-1.9957516836783247,-2.2864618946173887,"GARCH(1,1)-Normal"
2024-11-15,-1.3817763751980487,-1.7328033203262594,-1.9542726964705635,-2.2389408906500665,"GARCH(1,1)-Normal"
2024-11-18,-1.5885383668536222,-1.992091199384617,-2.2467001269963216,-2.573964622463081,"GARCH(1,1)-Normal"
2024-11-19,-1.472852471151701,-1.8470164189893639,-2.0830833570218017,-2.386514694234727,"GARCH(1,1)-Normal"
2024-11-20,-1.3733620753938607,-1.722251448908695,-1.942372191683828,-2.225306904546428,"GARCH(1,1)-Normal"
2024-11-21,-1.2712553718503843,-1.5942055233135743,-1.797960732316512,-2.059859819275335,"GARCH(1,1)-Normal"
2024-11-22,-1.2200583417036805,-1.530002382037305,-1.7255517955652646,-1.9769034695122487,"GARCH(1,1)-Normal"
2024-11-25,-1.1512828098276617,-1.4437550904125014,-1.6282812483602003,-1.865464054743448,"GARCH(1,1)-Normal"
2024-11-26,-1.0882530677080096,-1.3647132509480027,-1.539137081256922,-1.7633347453328774,"GARCH(1,1)-Normal"
2024-11-27,-1.0757752639115716,-1.3490655815877937,-1.5214894852283676,-1.7431165207005817,"GARCH(1,1)-Normal"
2024-11-29,-1.0595947172371312,-1.3287745232766066,-1.4986050292864328,-1.7168986114695861,"GARCH(1,1)-Normal"
2024-12-02,-1.0502447591677042,-1.3170492986466138,-1.485381205159604,-1.7017485453494419,"GARCH(1,1)-Normal"
2024-12-03,-0.9977571917613981,-1.251227771581889,-1.4111470369342278,-1.6167010926457532,"GARCH(1,1)-Normal"
2024-12-04,-0.9472387556879114,-1.1878756146503588,-1.3396978487306315,-1.5348442927417825,"GARCH(1,1)-Normal"
2024-12-05,-0.9704515110120918,-1.216985346312905,-1.3725280915645313,-1.572456737137869,"GARCH(1,1)-Normal"
2024-12-06,-0.9412337573163224,-1.1803451044291577,-1.331204864937748,-1.5251141825417796,"GARCH(1,1)-Normal"
2024-12-09,-0.906328234052148,-1.1365721700415528,-1.2818373172682367,-1.4685555347399628,"GARCH(1,1)-Normal"
2024-12-10,-0.9883725490438525,-1.2394590510038521,-1.3978741576476632,-1.6014948257695791,"GARCH(1,1)-Normal"
2024-12-11,-0.9725417545941609,-1.2196065960927625,-1.3754843629516613,-1.5758436323774425,"GARCH(1,1)-Normal"
2024-12-12,-1.049042039139596,-1.3155410392093152,-1.4836801752718314,-1.699799735759649,"GARCH(1,1)-Normal"
2024-12-13,-1.0753418660013527,-1.348522083123549,-1.520876522293228,-1.7424142708137487,"GARCH(1,1)-Normal"
2024-12-16,-1.0142730412499588,-1.2719393131493042,-1.4345057180449,-1.6434623048270371,"GARCH(1,1)-Normal"
2024-12-17,-0.9817747764188917,-1.2311851779542775,-1.3885428019160717,-1.5908042225848782,"GARCH(1,1)-Normal"
2024-12-18,-0.9847354268959567,-1.234897953095804,-1.392730106385141,-1.5956014687493119,"GARCH(1,1)-Normal"
2024-12-19,-2.2694989229912013,-2.846043209178741,-3.2097956366024554,-3.6773489771403796,"GARCH(1,1)-Normal"
2024-12-20,-2.0573211476583357,-2.57996371889687,-2.909708559870193,-3.3335498604332163,"GARCH(1,1)-Normal"
2024-12-23,-1.9863300208403902,-2.490937981829823,-2.8093044544576187,-3.218520439204878,"GARCH(1,1)-Normal"
2024-12-24,-1.8579513353792425,-2.3299459310037167,-2.6277360297047028,-3.010503937022555,"GARCH(1,1)-Normal"
2024-12-26,-1.8265745926787809,-2.290598229806705,-2.583359303727675,-2.9596630965592055,"GARCH(1,1)-Normal"
2024-12-27,-1.6683743377004443,-2.09220872769669,-2.359613664108868,-2.703325655754794,"GARCH(1,1)-Normal"
2024-12-30,-1.7235212632780688,-2.1613651971963197,-2.4376090133456056,-2.792682160096303,"GARCH(1,1)-Normal"
2021-12-29,-2.1533238094054834,-3.0884536344742424,-3.5958361990311287,-4.757961021208312,"GARCH(1,1)-Student-t"
2021-12-30,-1.953056820944252,-2.801216152737082,-3.2614102834143472,-4.315453247518488,"GARCH(1,1)-Student-t"
2021-12-31,-1.8106347979359247,-2.596944127940827,-3.0235796962840347,-4.0007590844412,"GARCH(1,1)-Student-t"
2022-01-03,-1.6818507146839459,-2.4122326283304543,-2.8085231096277252,-3.716199165682796,"GARCH(1,1)-Student-t"
2022-01-04,-1.6122677204750078,-2.312431636754771,-2.6923264427258005,-3.562449333567905,"GARCH(1,1)-Student-t"
2022-01-05,-1.4849984450712437,-2.129892784743386,-2.4797994342366927,-3.281236517862439,"GARCH(1,1)-Student-t"
2022-01-06,-2.275881796436719,-3.264235214015209,-3.8004958253829026,-5.028763825034352,"GARCH(1,1)-Student-t"
2022-01-07,-2.0684783091138788,-2.9667620465208544,-3.4541526677661807,-4.570487320574394,"GARCH(1,1)-Student-t"
2022-01-10,-1.9308244236467562,-2.7693288314077904,-3.2242843952202955,-4.266328782685348,"GARCH(1,1)-Student-t"
2022-01-11,-1.771723638510736,-2.5411349127993708,-2.9586019372511303,-3.9147814070355036,"GARCH(1,1)-Student-t"
2022-01-12,-1.772931142459908,-2.5428668027938865,-2.960618348527474,-3.9174494947137344,"GARCH(1,1)-Student-t"
2022-01-13,-1.6294302018001168,-2.337047315824313,-2.7209860764253233,-3.600371366852174,"GARCH(1,1)-Student-t"
2022-01-14,-2.0130940614481756,-2.8873259300163943,-3.361666492792142,-4.448110885394811,"GARCH(1,1)-Student-t"
2022-01-18,-1.8319375988078028,-2.627498154460135,-3.059153251074663,-4.047829523057184,"GARCH(1,1)-Student-t"
2022-01-19,-2.3977428621172443,-3.439017218262788,-4.003991662522011,-5.298026718974547,"GARCH(1,1)-Student-t"
2022-01-20,-2.3656018469000526,-3.3929182363866555,-3.9503193697220267,-5.227008279055061,"GARCH(1,1)-Student-t"
2022-01-21,-2.390434724345336,-3.4285353554958875,-3.99178780064441,-5.281878736722886,"GARCH(1,1)-Student-t"
2022-01-24,-2.7958483218400043,-4.010009025725439,-4.668788112015719,-6.177676240991431,"GARCH(1,1)-Student-t"
2022-01-25,-2.525668532250795,-3.6224975193400333,-4.217614784805018,-5.580689897382181,"GARCH(1,1)-Student-t"
2022-01-26,-2.562266364323301,-3.674988792127017,-4.278729517664779,-5.661556071666386,"GARCH(1,1)-Student-t"
2022-01-27,-2.3249048679823496,-3.3345476690332934,-3.882359470080232,-5.137084674195638,"GARCH(1,1)-Student-t"
2022-01-28,-2.178444281187599,-3.1244832423002027,-3.637784883839388,-4.8134669442151585,"GARCH(1,1)-Student-t"
2022-01-31,-2.8409658318174613,-4.074719840262328,-4.744129858054314,-6.277367403513795,"GARCH(1,1)-Student-t"
2022-02-01,-3.0054719670130137,-4.310666505096861,-5.018838712020032,-6.640858382246884,"GARCH(1,1)-Student-t"
2022-02-02,-2.756657794034282,-3.9537991201321114,-4.603343835624301,-6.091081274230863,"GARCH(1,1)-Student-t"
2022-02-03,-2.596296348946028,-3.7237970713231583,-4.335556201150277,-5.7367483579728065,"GARCH(1,1)-Student-t"
2022-02-04,-3.2611381219268676,-4.677361500947835,-5.4457757154984625,-7.205775555506662,"GARCH(1,1)-Student-t"
2022-02-07,-2.95732217377086,-4.241606569341554,-4.9384333550738315,-6.534467119388625,"GARCH(1,1)-Student-t"
2022-02-08,-2.696823073318992,-3.867979811464406,-4.503425814113936,-5.958871121891147,"GARCH(1,1)-Student-t"
2022-02-09,-2.521447367387223,-3.616443217656436,-4.210565860090485,-5.571362857112044,"GARCH(1,1)-Student-t"
2022-02-10,-2.5708689990900577,-3.687327316642184,-4.293095060536794,-5.680564360489988,"GARCH(1,1)-Student-t"
2022-02-11,-2.8766668880979087,-4.125924891979263,-4.8037470646983635,-6.3562520716981075,"GARCH(1,1)-Student-t"
2022-02-14,-3.1429783557286686,-4.50788816964045,-5.248460679687919,-6.944691012907684,"GARCH(1,1)-Student-t"
2022-02-15,-2.8614209268011215,-4.104058025336891,-4.778287828479194,-6.322564760359182,"GARCH(1,1)-Student-t"
2022-02-16,-2.888858281519733,-4.143410675194253,-4.824105476931278,-6.383190042867093,"GARCH(1,1)-Student-t"
2022-02-17,-2.6052266623355163,-3.7366055763535164,-4.350468934671522,-5.756480681940419,"GARCH(1,1)-Student-t"
2022-02-18,-3.0703149696506418,-4.403669055986639,-5.1271200653027185,-6.784134780204478,"GARCH(1,1)-Student-t"
2022-02-22,-2.857840295681673,-4.09892242373983,-4.772308531292932,-6.3146530365286795,"GARCH(1,1)-Student-t"
2022-02-23,-2.7585750921867827,-3.956549048601577,-4.6065455324945,-6.095317715510984,"GARCH(1,1)-Student-t"
2022-02-24,-3.027274197372555,-4.341936849714543,-5.055246264290631,-6.68903235486215,"GARCH(1,1)-Student-t"
2022-02-25,-2.9919587785763717,-4.291284907327779,-4.996273033819399,-6.610999787096006,"GARCH(1,1)-Student-t"
2022-02-28,-3.2825743315005815,-4.7081068719311086,-5.481572049527974,-7.253140772548655,"GARCH(1,1)-Student-t"
2022-03-01,-2.9698480781035004,-4.259572132436267,-4.959350367196288,-6.5621442222515425,"GARCH(1,1)-Student-t"
2022-03-02,-3.0490414979007254,-4.373157095427371,-5.091595487223337,-6.73712914689946,"GARCH(1,1)-Student-t"
2022-03-03,-3.1537803104110753,-4.523381118751302,-5.266498867673225,-6.968558895251835,"GARCH(1,1)-Student-t"
2022-03-04,-2.8929386896512845,-4.149263093334517,-4.830919351928697,-6.392206068583126,"GARCH(1,1)-Student-t"
2022-03-07,-2.7248915795381174,-3.90823770471208,-4.550297422682332,-6.020890989934595,"GARCH(1,1)-Student-t"
2022-03-08,-3.673356809726066,-5.268595526676243,-6.134139849601783,-8.116609513778702,"GARCH(1,1)-Student-t"
2022-03-09,-3.3810690761306414,-4.8493751989243,-5.646048458792626,-7.470773695983927,"GARCH(1,1)-Student-t"
2022-03-10,-3.7315943825817963,-5.352124089711498,-6.2313907933305694,-8.245290625466149,"GARCH(1,1)-Student-t"
2022-03-11,-3.3865947222059964,-4.857300482446318,-5.655275737149002,-7.482983103843859,"GARCH(1,1)-Student-t"
2022-03-14,-3.2886424979330298,-4.716810277610751,-5.491705282822583,-7.266548927527337,"GARCH(1,1)-Student-t"
2022-03-15,-3.052402356096035,-4.377977482710936,-5.097207785525022,-6.7445552628515735,"GARCH(1,1)-Student-t"
2022-03-16,-3.280768676513256,-4.705517070209763,-5.478556785619208,-7.249151016799929,"GARCH(1,1)-Student-t"
2022-03-17,-3.4973904204061785,-5.016211731788301,-5.8402935131773726,-7.727796081367927,"GARCH(1,1)-Student-t"
2022-03-18,-3.3023977481736013,-4.736539058025957,-5.514675180116123,-7.296942379824544,"GARCH(1,1)-Student-t"
2022-03-21,-3.1189609364561512,-4.473440639956849,-5.208353982659723,-6.891622382806852,"GARCH(1,1)-Student-t"
2022-03-22,-2.8134257235804845,-4.03521981383491,-4.698140621465183,-6.216515077942021,"GARCH(1,1)-Student-t"
2022-03-23,-2.6970435395210015,-3.8682960201274508,-4.5037939707034775,-5.959358261628828,"GARCH(1,1)-Student-t"
2022-03-24,-2.7038060402875406,-3.877995290613072,-4.515086673150774,-5.974300610249386,"GARCH(1,1)-Student-t"
2022-03-25,-2.7095786104461816,-3.886274730615937,-4.524726290122093,-5.987055618895572,"GARCH(1,1)-Student-t"
2022-03-28,-2.4742844482357405,-3.548798728504557,-4.131808484541053,-5.467152180580719,"GARCH(1,1)-Student-t"
2022-03-29,-2.3040189333755903,-3.3045915424331573,-3.847482040414734,-5.090935338774551,"GARCH(1,1)-Student-t"
2022-03-30,-2.311935874138625,-3.3159465947326368,-3.8607025426248343,-5.108428525536897,"GARCH(1,1)-Student-t"
2022-03-31,-2.1909798621381458,-3.142462684304168,-3.658718054949546,-4.841165428428441,"GARCH(1,1)-Student-t"
2022-04-01,-2.4751404696659054,-3.550026496704413,-4.1332379550332705,-5.469043636282947,"GARCH(1,1)-Student-t"
2022-04-04,-2.251450780768113,-3.229194474296441,-3.7596984635850386,-4.974781316805898,"GARCH(1,1)-Student-t"
2022-04-05,-2.136754065198988,-3.0646881020943315,-3.568166377257852,-4.721348693456425,"GARCH(1,1)-Student-t"
2022-04-06,-2.2793045962955603,-3.2691444425380825,-3.8062115600906603,-5.036326806616885,"GARCH(1,1)-Student-t"
2022-04-07,-2.2716127756996163,-3.2581122739568853,-3.7933669861280546,-5.019331042943175,"GARCH(1,1)-Student-t"
2022-04-08,-2.0817456594329276,-2.985791045380075,-3.4763078208063707,-4.599802714477078,"GARCH(1,1)-Student-t"
2022-04-11,-1.9195918762873623,-2.7532182949594417,-3.205527160369773,-4.241509467414958,"GARCH(1,1)-Student-t"
2022-04-12,-2.356385723053316,-3.379699801209423,-3.9349293612160605,-5.20664443138948,"GARCH(1,1)-Student-t"
2022-04-13,-2.1708096373837646,-3.113533080833137,-3.6250357894223644,-4.7965975177634625,"GARCH(1,1)-Student-t"
2022-04-14,-2.165597165531049,-3.106056974560685,-3.6163314808123177,-4.785080096281825,"GARCH(1,1)-Student-t"
2022-04-18,-2.2811488261059987,-3.271789571076566,-3.8092912401103307,-5.040401796877936,"GARCH(1,1)-Student-t"
2022-04-19,-2.073086723670294,-2.9733717698814366,-3.461848260881215,-4.580670023581354,"GARCH(1,1)-Student-t"
2022-04-20,-2.2997017459062423,-3.2983995181439285,-3.840272767516493,-5.081396127992278,"GARCH(1,1)-Student-t"
2022-04-21,-2.0917667878026904,-3.000164076598112,-3.493042106653087,-4.621945291438144,"GARCH(1,1)-Student-t"
2022-04-22,-2.3532589761233873,-3.3752151933312953,-3.9297080054001183,-5.1997356051596295,"GARCH(1,1)-Student-t"
2022-04-25,-3.3287819437432176,-4.774381190427845,-5.558734157728848,-7.3552406132569,"GARCH(1,1)-Student-t"
2022-04-26,-3.0278456648305925,-4.342756489909877,-5.056200558003078,-6.690295063182355,"GARCH(1,1)-Student-t"
2022-04-27,-3.7705653391678022,-5.408019070290483,-6.2964684076636965,-8.33140043003224,"GARCH(1,1)-Student-t"
2022-04-28,-3.3930572215307144,-4.866569469042775,-5.666067467081366,-7.4972625725202775,"GARCH(1,1)-Student-t"
2022-04-29,-3.693596419155832,-5.297624646695568,-6.167937980623192,-8.161330736072665,"GARCH(1,1)-Student-t"
2022-05-02,-4.720744568951383,-6.770835235146457,-7.8831730431205616,-10.430906188861984,"GARCH(1,1)-Student-t"
2022-05-03,-4.257115845607627,-6.105865197011314,-7.108959272284884,-9.406477171569316,"GARCH(1,1)-Student-t"
2022-05-04,-3.841047478883943,-5.5091096817540395,-6.414166557969498,-8.487137004343998,"GARCH(1,1)-Student-t"
2022-05-05,-4.274407981872734,-6.130666836626555,-7.137835416815055,-9.444685689008,"GARCH(1,1)-Student-t"
2022-05-06,-5.06158375313762,-7.259691584838635,-8.452340518626018,-11.184020767252447,"GARCH(1,1)-Student-t"
2022-05-09,-4.5794704029406255,-6.56820955034817,-7.647259262800792,-10.11874831820319,"GARCH(1,1)-Student-t"
2022-05-10,-5.070696613693944,-7.272761912293662,-8.467558087726411,-11.204156445467358,"GARCH(1,1)-Student-t"
2022-05-11,-4.552714126456685,-6.529833752434786,-7.602578947136237,-10.059627938803118,"GARCH(1,1)-Student-t"
2022-05-12,-4.373340708830904,-6.272563349732389,-7.303043212925975,-9.663286373462782,"GARCH(1,1)-Student-t"
2022-05-13,-3.934412771713586,-5.643020975872446,-6.570077293839113,-8.693435946508107,"GARCH(1,1)-Student-t"
2022-05-16,-4.066003870323529,-5.831758501084014,-6.789821316445054,-8.984198216069856,"GARCH(1,1)-Student-t"
2022-05-17,-3.6808752061926544,-5.279378957756711,-6.146694822548787,-8.133222081370148,"GARCH(1,1)-Student-t"
2022-05-18,-3.7153315254337427,-5.3287987170729485,-6.204233442365881,-8.20935639204248,"GARCH(1,1)-Student-t"
2022-05-19,-5.006071065268775,-7.18007125005243,-8.35963986131084,-11.061360531987878,"GARCH(1,1)-Student-t"
2022-05-20,-4.535802458223005,-6.505577807744445,-7.574338146307745,-10.022260099415472,"GARCH(1,1)-Student-t"
2022-05-23,-4.077923732471235,-5.848854834395202,-6.809726298506258,-9.01053621466962,"GARCH(1,1)-Student-t"
2022-05-24,-3.9786724550403023,-5.706501433030822,-6.6439865548470065,-8.791231664532365,"GARCH(1,1)-Student-t"
2022-05-25,-3.6684301108762,-5.261529296830845,-6.1259127534313444,-8.1057235332362,"GARCH(1,1)-Student-t"
2022-05-26,-3.3862464191639594,-4.856800920888795,-5.654694105774603,-7.482213497205813,"GARCH(1,1)-Student-t"
2022-05-27,-3.4718116272929014,-4.979524766172119,-5.797579477414381,-7.671277456500205,"GARCH(1,1)-Student-t"
2022-05-31,-3.7526492426612585,-5.382322501511771,-6.266550311703316,-8.291813216786371,"GARCH(1,1)-Student-t"
2022-06-01,-3.4387347857933253,-4.932083554172285,-5.742344447970931,-7.598191224939369,"GARCH(1,1)-Student-t"
2022-06-02,-3.1870488987491847,-4.5710973480141135,-5.322054095230881,-7.042068808555146,"GARCH(1,1)-Student-t"
2022-06-03,-3.2554199246913176,-4.669160046546208,-5.43622689589085,-7.193140688683804,"GARCH(1,1)-Student-t"
2022-06-06,-3.312425852078761,-4.750922094064242,-5.531421114411892,-7.319100369853247,"GARCH(1,1)-Student-t"
2022-06-07,-2.993462230580835,-4.293441267549666,-4.99878364885906,-6.614321798399297,"GARCH(1,1)-Student-t"
2022-06-08,-2.805388525669645,-4.023692279986865,-4.684719301800978,-6.198756172285343,"GARCH(1,1)-Student-t"
2022-06-09,-2.7396572558637096,-3.929415711714118,-4.574954630856425,-6.053517068790956,"GARCH(1,1)-Student-t"
2022-06-10,-3.3138145348993726,-4.7529138439746434,-5.533740076350416,-7.322168788408057,"GARCH(1,1)-Student-t"
2022-06-13,-4.015450697901471,-5.759251464093505,-6.705402555747244,-8.872496472545745,"GARCH(1,1)-Student-t"
2022-06-14,-5.084476787642646,-7.292526440103953,-8.490569605129068,-11.234604968920733,"GARCH(1,1)-Student-t"
2022-06-15,-4.585387764020568,-6.57669666002207,-7.657140666183346,-10.131823255304523,"GARCH(1,1)-Student-t"
2022-06-16,-4.2934758150039665,-6.158015309846642,-7.16967679817669,-9.486817767054522,"GARCH(1,1)-Student-t"
2022-06-17,-4.8906928743044356,-7.014587456269804,-8.166969778977592,-10.806422127968922,"GARCH(1,1)-Student-t"
2022-06-21,-4.39721515879082,-6.306805822428649,-7.342911165447953,-9.716039100115365,"GARCH(1,1)-Student-t"
2022-06-22,-4.456159277451807,-6.391347764850058,-7.441341970269491,-9.846281387779422,"GARCH(1,1)-Student-t"
2022-06-23,-4.013340836086052,-5.756225346812115,-6.7018792967475065,-8.867834544676814,"GARCH(1,1)-Student-t"
2022-06-24,-3.6908233253045375,-5.293647273786598,-6.163307190209673,-8.155203337863915,"GARCH(1,1)-Student-t"
2022-06-27,-4.204106234304625,-6.029834956702948,-7.020438503421731,-9.289347707237276,"GARCH(1,1)-Student-t"
2022-06-28,-3.800025431111125,-5.450272877004031,-6.345663825730352,-8.396495130854891,"GARCH(1,1)-Student-t"
2022-06-29,-3.9027089610175354,-5.5975490645216235,-6.5171350890252615,-8.623383548974259,"GARCH(1,1)-Student-t"
2022-06-30,-3.518286940849121,-5.046183041364676,-5.875188620134497,-7.7739688071382576,"GARCH(1,1)-Student-t"
2022-07-01,-3.2851717469652493,-4.711832274119601,-5.485909474540867,-7.258879993692634,"GARCH(1,1)-Student-t"
2022-07-05,-3.0809362648212457,-4.418902890084973,-5.144856569904688,-6.807603479243492,"GARCH(1,1)-Student-t"
2022-07-06,-2.7803680938465094,-3.9878061567467133,-4.642937673755978,-6.143471296490862,"GARCH(1,1)-Student-t"
2022-07-07,-2.52124415521215,-3.616151755973835,-4.210226516006692,-5.570913841685841,"GARCH(1,1)-Student-t"
2022-07-08,-2.594632575232673,-3.7214107660450066,-4.33277786483163,-5.733072101553927,"GARCH(1,1)-Student-t"
2022-07-11,-2.351631288232329,-3.3728806449642685,-3.9269899288090238,-5.196139083583766,"GARCH(1,1)-Student-t"
2022-07-12,-2.403108456086927,-3.446712943413087,-4.0129516698099135,-5.30988247743125,"GARCH(1,1)-Student-t"
2022-07-13,-2.357346512260666,-3.3810778349758466,-3.936533783456849,-5.2087673808400945,"GARCH(1,1)-Student-t"
2022-07-14,-2.1897229337573276,-3.140659906194784,-3.6566191097971292,-4.838388133060109,"GARCH(1,1)-Student-t"
2022-07-15,-2.018387783997132,-2.894918571947352,-3.370506481968883,-4.459807837536894,"GARCH(1,1)-Student-t"
2022-07-18,-2.4342324955515244,-3.4913533046927476,-4.064925714437123,-5.3786538187168835,"GARCH(1,1)-Student-t"
2022-07-19,-2.3545939121020103,-3.377129855611516,-3.9319372154679932,-5.20268526527315,"GARCH(1,1)-Student-t"
2022-07-20,-3.149254455572232,-4.516889808542835,-5.258941141060076,-6.958558615304711,"GARCH(1,1)-Student-t"
2022-07-21,-2.8767738690493307,-4.126078331841303,-4.803925712227384,-6.356488455652372,"GARCH(1,1)-Student-t"
2022-07-22,-2.716113776870856,-3.8956479416527627,-4.53563936687065,-6.001495652010839,"GARCH(1,1)-Student-t"
2022-07-25,-2.619763008565298,-3.7574546614512845,-4.374743184436647,-5.788600035495138,"GARCH(1,1)-Student-t"
2022-07-26,-2.3736393479404234,-3.4044462050051227,-3.9637411955823447,-5.244767854503477,"GARCH(1,1)-Student-t"
2022-07-27,-2.4189966344974647,-3.4695009245531594,-4.039483344616896,-5.344988824765149,"GARCH(1,1)-Student-t"
2022-07-28,-3.0962455151311437,-4.440860530433423,-5.170421492469473,-6.841430633301909,"GARCH(1,1)-Student-t"
2022-07-29,-2.963398752850308,-4.250322041051438,-4.948580636650673,-6.547893862861213,"GARCH(1,1)-Student-t"
2022-08-01,-2.9181523018987248,-4.185426289990636,-4.873023572033294,-6.44791779375571,"GARCH(1,1)-Student-t"
2022-08-02,-2.6597729404950505,-3.8148398160405645,-4.4415557840676785,-5.8770055487539725,"GARCH(1,1)-Student-t"
2022-08-03,-2.500177157632734,-3.5859359356882776,-4.175046729218433,-5.524364431476873,"GARCH(1,1)-Student-t"
2022-08-04,-2.603033512995036,-3.733460002045572,-4.3468065938039135,-5.751634722856088,"GARCH(1,1)-Student-t"
2022-08-05,-2.3639325869477945,-3.3905240623456145,-3.9475318719310746,-5.223319900301983,"GARCH(1,1)-Student-t"
2022-08-08,-2.1580968406645464,-3.095299463083542,-3.603806685636757,-4.768507459502654,"GARCH(1,1)-Student-t"
2022-08-09,-1.9724809693007102,-2.8290756791706064,-3.293846675697952,-4.358372635836453,"GARCH(1,1)-Student-t"
2022-08-10,-1.855636893646653,-2.6614894069414476,-3.098728711997364,-4.100195228846926,"GARCH(1,1)-Student-t"
2022-08-11,-2.448306276545516,-3.5115389450835854,-4.088427526349658,-5.4097510931249175,"GARCH(1,1)-Student-t"
2022-08-12,-2.2274079198201817,-3.194710454311403,-3.719549281493975,-4.921656471053985,"GARCH(1,1)-Student-t"
2022-08-15,-2.474102826623132,-3.5485382335770823,-4.1315051945452375,-5.466750871428038,"GARCH(1,1)-Student-t"
2022-08-16,-2.261384546584452,-3.243442203785839,-3.7762868626725647,-4.996730858412928,"GARCH(1,1)-Student-t"
2022-08-17,-2.0587439896702118,-2.95280037752634,-3.437897324247672,-4.548978473517273,"GARCH(1,1)-Student-t"
2022-08-18,-2.0093307562808618,-2.8819283240126623,-3.3553821481480517,-4.439795526962056,"GARCH(1,1)-Student-t"
2022-08-19,-1.8373545975130037,-2.6352676080211577,-3.0681990991487824,-4.059798864862028,"GARCH(1,1)-Student-t"
2022-08-22,-2.0747910364582536,-2.97581621924909,-3.4646942934150347,-4.58443585470143,"GARCH(1,1)-Student-t"
2022-08-23,-2.7307521229112193,-3.916643322298061,-4.560083946155924,-6.033840383244845,"GARCH(1,1)-Student-t"
2022-08-24,-2.4898048481129695,-3.5710592149209295,-4.1577260058438,-5.501445888441504,"GARCH(1,1)-Student-t"
2022-08-25,-2.26761375841566,-3.2523765924903945,-3.7866890257361283,-5.010494857564509,"GARCH(1,1)-Student-t"
2022-08-26,-2.3567797720560075,-3.3802649749511557,-3.9355873837865083,-5.207515117807874,"GARCH(1,1)-Student-t"
2022-08-29,-3.749313103619458,-5.377537568236174,-6.260979291924911,-8.284441720008743,"GARCH(1,1)-Student-t"
2022-08-30,-3.447808100503613,-4.9450971620984685,-5.757495979448895,-7.618239523080198,"GARCH(1,1)-Student-t"
2022-08-31,-3.287425958119851,-4.715065427722831,-5.489673782553703,-7.263860874301635,"GARCH(1,1)-Student-t"
2022-09-01,-3.0693696655728946,-4.40231323211944,-5.125541501685389,-6.782046046528908,"GARCH(1,1)-Student-t"
2022-09-02,-2.7840252935966374,-3.993051578643293,-4.649044832925982,-6.151552205540341,"GARCH(1,1)-Student-t"
2022-09-06,-2.7223992471298604,-3.904663020286552,-4.5461354759029,-6.01538395917657,"GARCH(1,1)-Student-t"
2022-09-07,-2.507143924130572,-3.5959281789434727,-4.186680535083442,-5.5397581234500874,"GARCH(1,1)-Student-t"
2022-09-08,-2.728927858756031,-3.9140268299545853,-4.557037606791092,-6.029809508879893,"GARCH(1,1)-Student-t"
2022-09-09,-2.5236137134836554,-3.6195503488021705,-4.214183442211277,-5.576149592037952,"GARCH(1,1)-Student-t"
2022-09-12,-2.6055749426996013,-3.737105105384671,-4.351050528176001,-5.757250238469506,"GARCH(1,1)-Student-t"
2022-09-13,-2.508362129828128,-3.5976754181639365,-4.188714817213238,-5.542449857595908,"GARCH(1,1)-Student-t"
2022-09-14,-4.549084307619841,-6.524627602235654,-7.596517511363115,-10.051607530323764,"GARCH(1,1)-Student-t"
2022-09-15,-4.107076204963671,-5.890667430916872,-6.85840802274192,-9.074951202877621,"GARCH(1,1)-Student-t"
2022-09-16,-3.86075238360929,-5.5373718893932935,-6.447071785413867,-8.530676748900907,"GARCH(1,1)-Student-t"
2022-09-19,-3.559858694719891,-5.105808274584522,-5.944609306783106,-7.86582530528147,"GARCH(1,1)-Student-t"
2022-09-20,-3.2606598232476154,-4.676675490191882,-5.444977004363012,-7.204718711913312,"GARCH(1,1)-Student-t"
2022-09-21,-3.1385437021143763,-4.501527666861968,-5.241055250032247,-6.934892250200839,"GARCH(1,1)-Student-t"
2022-09-22,-3.2530296458646304,-4.665731734790473,-5.43223536842376,-7.187859154416861,"GARCH(1,1)-Student-t"
2022-09-23,-3.056203276316939,-4.3834290389605455,-5.103554943560548,-6.752953735100286,"GARCH(1,1)-Student-t"
2022-09-26,-3.193745117179286,-4.580701551551615,-5.3332361127808685,-7.056864700441334,"GARCH(1,1)-Student-t"
2022-09-27,-3.054936823188979,-4.381612599766005,-5.101440093029473,-6.750155393953589,"GARCH(1,1)-Student-t"
2022-09-28,-2.780886920443324,-3.988550295589927,-4.6438040624754535,-6.144617690132928,"GARCH(1,1)-Student-t"
2022-09-29,-2.9951784670550277,-4.295902818735412,-5.001649592760783,-6.61811397596763,"GARCH(1,1)-Student-t"
2022-09-30,-3.3338840469239313,-4.781698997922988,-5.567254161654067,-7.366514165313486,"GARCH(1,1)-Student-t"
2022-10-03,-3.3266947571525165,-4.771387595603081,-5.555248764094972,-7.350628788319486,"GARCH(1,1)-Student-t"
2022-10-04,-3.696389283502977,-5.301630375887739,-6.1726017857947975,-8.167501818955415,"GARCH(1,1)-Student-t"
2022-10-05,-4.201740046123699,-6.026441197503654,-7.016487204932611,-9.284119403400895,"GARCH(1,1)-Student-t"
2022-10-06,-3.802812098798689,-5.454269718496303,-6.350317283097909,-8.40265252166559,"GARCH(1,1)-Student-t"
2022-10-07,-3.5737957634241218,-5.125797832265297,-5.967882822794102,-7.896620501691312,"GARCH(1,1)-Student-t"
2022-10-10,-4.119593593058151,-5.908620779403365,-6.879310813595228,-9.102609488352721,"GARCH(1,1)-Student-t"
2022-10-11,-3.793543554345887,-5.440976097872917,-6.3348397374031356,-8.382172845995285,"GARCH(1,1)-Student-t"
2022-10-12,-3.4908024417987225,-5.006762773677512,-5.829292245345911,-7.713239355024254,"GARCH(1,1)-Student-t"
2022-10-13,-3.1798469991037512,-4.560767859695679,-5.310027640438655,-7.026155568919771,"GARCH(1,1)-Student-t"
2022-10-14,-3.5944361202490946,-5.155401733348123,-6.002350162034013,-7.94222721109939,"GARCH(1,1)-Student-t"
2022-10-17,-3.9055635721829653,-5.601643355491878,-6.5219020052307926,-8.629691066959476,"GARCH(1,1)-Student-t"
2022-10-18,-4.158020708879571,-5.963735744000256,-6.943480268041177,-9.187517628241935,"GARCH(1,1)-Student-t"
2022-10-19,-3.8653822437814287,-5.544012371615843,-6.454803190570264,-8.540906837908636,"GARCH(1,1)-Student-t"
2022-10-20,-3.557111913430041,-5.101868641065081,-5.94002245572535,-7.859756047024162,"GARCH(1,1)-Student-t"
2022-10-21,-3.3103007148502854,-4.747874067674354,-5.527872346994432,-7.314404689596688,"GARCH(1,1)-Student-t"
2022-10-24,-3.581220654128304,-5.136447150579962,-5.980281650435041,-7.913026459960536,"GARCH(1,1)-Student-t"
2022-10-25,-3.3760278262827046,-4.842144671705335,-5.637630073869563,-7.4596346047938855,"GARCH(1,1)-Student-t"
2022-10-26,-3.3304471238956297,-4.776769512923193,-5.561514842660579,-7.358919977328323,"GARCH(1,1)-Student-t"
2022-10-27,-3.1016156731756555,-4.44856280171182,-5.1793891213075645,-6.853296476489037,"GARCH(1,1)-Student-t"
2022-10-28,-2.8760487868040134,-4.125038366144521,-4.802714897126748,-6.354886321758101,"GARCH(1,1)-Student-t"
2022-10-31,-3.308876890836379,-4.745831915708452,-5.5254947027646635,-7.311258623440898,"GARCH(1,1)-Student-t"
2022-11-01,-3.0849042840740077,-4.424594111920411,-5.151482766673243,-6.816371171707385,"GARCH(1,1)-Student-t"
2022-11-02,-2.8305622133399377,-4.059798213910431,-4.7267568518399266,-6.254379680543673,"GARCH(1,1)-Student-t"
2022-11-03,-3.43323913628318,-4.924201293905962,-5.733167260889521,-7.586048097165793,"GARCH(1,1)-Student-t"
2022-11-04,-3.267256798577885,-4.686137352056927,-5.455993295825115,-7.2192953173184975,"GARCH(1,1)-Student-t"
2022-11-07,-3.1564120558349953,-4.527155759464424,-5.270893620297346,-6.974373971502821,"GARCH(1,1)-Student-t"
2022-11-08,-2.958293528673008,-4.242999757195977,-4.940055420972139,-6.536613414684294,"GARCH(1,1)-Student-t"
2022-11-09,-2.7144471427648953,-3.8932575337914783,-4.532856253981368,-5.997813075299366,"GARCH(1,1)-Student-t"
2022-11-10,-3.1129153094509294,-4.464769561963193,-5.198258387962696,-6.878264030703017,"GARCH(1,1)-Student-t"
2022-11-11,-5.403952322111264,-7.750741489436278,-9.024061914334641,-11.940514657743174,"GARCH(1,1)-Student-t"
2022-11-14,-4.930493392783244,-7.0716722548555655,-8.233432679012038,-10.894364923529398,"GARCH(1,1)-Student-t"
2022-11-15,-4.537333442708856,-6.507773657053776,-7.576894737847916,-10.025642946192132,"GARCH(1,1)-Student-t"
2022-11-16,-4.157940845603779,-5.963621198281075,-6.943346904328386,-9.18734116321072,"GARCH(1,1)-Student-t"
2022-11-17,-3.8464438211484397,-5.51684950834531,-6.423177911845903,-8.499060703900668,"GARCH(1,1)-Student-t"
2022-11-18,-3.500227760921194,-5.02028125193551,-5.845031589117603,-7.734065438310608,"GARCH(1,1)-Student-t"
2022-11-21,-3.188508742570813,-4.573191162208234,-5.324491888950439,-7.04529446368886,"GARCH(1,1)-Student-t"
2022-11-22,-2.9203065850844583,-4.188516119632421,-4.876621010295199,-6.452677874604486,"GARCH(1,1)-Student-t"
2022-11-23,-2.8665073429597494,-4.111353333363926,-4.786781636640625,-6.333803650541276,"GARCH(1,1)-Student-t"
2022-11-25,-2.636774475385871,-3.7818537445340294,-4.4031506389610655,-5.826188388761993,"GARCH(1,1)-Student-t"
2022-11-28,-2.3961221129269243,-3.4366926218850624,-4.00128517286976,-5.2944455290768575,"GARCH(1,1)-Student-t"
2022-11-29,-2.612441682980509,-3.7469538837639043,-4.362517300225602,-5.772422913594639,"GARCH(1,1)-Student-t"
2022-11-30,-2.3848728072672865,-3.42055804946355,-3.9824999533276695,-5.269589184847333,"GARCH(1,1)-Student-t"
2022-12-01,-3.356351163198076,-4.813922970281421,-5.604772007151126,-7.416157262661139,"GARCH(1,1)-Student-t"
2022-12-02,-3.0487061629859653,-4.372676133701255,-5.091035511329313,-6.736388194495316,"GARCH(1,1)-Student-t"
2022-12-05,-2.775311199559088,-3.9805531911347045,-4.634493164177828,-6.132297637516383,"GARCH(1,1)-Student-t"
2022-12-06,-3.008135593567216,-4.314486872045982,-5.023286702955007,-6.646743902698844,"GARCH(1,1)-Student-t"
2022-12-07,-3.0392431279856673,-4.3591035605879265,-5.075233185799758,-6.715478774612861,"GARCH(1,1)-Student-t"
2022-12-08,-2.771500884690079,-3.9750881603974415,-4.628130318016074,-6.123878406954734,"GARCH(1,1)-Student-t"
2022-12-09,-2.583923774547584,-3.706051425172881,-4.314895234739743,-5.70941005127566,"GARCH(1,1)-Student-t"
2022-12-12,-2.45899416265952,-3.5268682887565914,-4.106275231191815,-5.433366930792911,"GARCH(1,1)-Student-t"
2022-12-13,-2.5158966878663382,-3.6084820293459736,-4.201296778374471,-5.5590981356213724,"GARCH(1,1)-Student-t"
2022-12-14,-2.3564331876967994,-3.3797678784535585,-3.93500862244118,-5.206749308752835,"GARCH(1,1)-Student-t"
2022-12-15,-2.2322356226940685,-3.2016346969273495,-3.7276110642487397,-4.932323711157679,"GARCH(1,1)-Student-t"
2022-12-16,-3.0374362032913282,-4.356511937760428,-5.072215801606796,-6.711486213333237,"GARCH(1,1)-Student-t"
2022-12-19,-2.950788433766527,-4.232235404180536,-4.9275226603051125,-6.5200302380763295,"GARCH(1,1)-Student-t"
2022-12-20,-2.816365809786641,-4.039436699325801,-4.703050272471777,-6.223011460653615,"GARCH(1,1)-Student-t"
2022-12-21,-2.562806500943895,-3.6757634953563683,-4.279631492000581,-5.662749551706725,"GARCH(1,1)-Student-t"
2022-12-22,-2.6210976618394906,-3.7593689182562477,-4.376971922416293,-5.791549070948004,"GARCH(1,1)-Student-t"
2022-12-23,-2.732726758236483,-3.9194754879112557,-4.563381390391415,-6.038203516122339,"GARCH(1,1)-Student-t"
2022-12-27,-2.5238977904631468,-3.6199577926691577,-4.214657822460873,-5.576777285462201,"GARCH(1,1)-Student-t"
2022-12-28,-2.3401110337039133,-3.356357457967057,-3.9077522516541108,-5.170684053661566,"GARCH(1,1)-Student-t"
2022-12-29,-2.4106470348694815,-3.457525321439121,-4.025540345213565,-5.3265396396499725,"GARCH(1,1)-Student-t"
2022-12-30,-2.611635666831771,-3.7457978367759206,-4.361171333570714,-5.770641949021911,"GARCH(1,1)-Student-t"
2023-01-03,-2.3982866973384325,-3.439797226294138,-4.004899813152266,-5.299228371402793,"GARCH(1,1)-Student-t"
2023-01-04,-2.2291630166069027,-3.1972277417839723,-3.722480118245479,-4.9255345139489695,"GARCH(1,1)-Student-t"
2023-01-05,-2.1146896828105466,-3.033041759968562,-3.5313210572204876,-4.672595472550822,"GARCH(1,1)-Student-t"
2023-01-06,-2.2178929598105537,-3.1810634065728065,-3.703660246372778,-4.900632318231997,"GARCH(1,1)-Student-t"
2023-01-09,-2.750646621316276,-3.945177458983292,-4.5933057761538105,-6.077799051947759,"GARCH(1,1)-Student-t"
2023-01-10,-2.509009176304602,-3.5986034592849285,-4.1897953203555875,-5.543879564498569,"GARCH(1,1)-Student-t"
2023-01-11,-2.3464844214292735,-3.365498634225976,-3.918395174094855,-5.184766622310953,"GARCH(1,1)-Student-t"
2023-01-12,-2.3713030777230175,-3.4010953563252606,-3.959839857111199,-5.239605657076004,"GARCH(1,1)-Student-t"
2023-01-13,-2.176068263411025,-3.121075384779851,-3.6338171709049805,-4.808216921010447,"GARCH(1,1)-Student-t"
2023-01-17,-2.0081039943534145,-2.8801688128249303,-3.3533335779669025,-4.437084887063124,"GARCH(1,1)-Student-t"
2023-01-18,-1.8579138981271766,-2.6647552523906413,-3.1025310825933055,-4.105226473342587,"GARCH(1,1)-Student-t"
2023-01-19,-2.221764776647937,-3.186616647906601,-3.7101257946935036,-4.909187442878398,"GARCH(1,1)-Student-t"
2023-01-20,-2.1605662331706337,-3.0988412454327903,-3.6079303250653556,-4.773963802500725,"GARCH(1,1)-Student-t"
2023-01-23,-2.497063959391793,-3.581470760325392,-4.169847998363075,-5.517485542283808,"GARCH(1,1)-Student-t"
2023-01-24,-2.461813615730773,-3.530912153430871,-4.110983436883313,-5.43959676383314,"GARCH(1,1)-Student-t"
2023-01-25,-2.2514528821656272,-3.2291974882736056,-3.7597019727094985,-4.974785960031139,"GARCH(1,1)-Student-t"
2023-01-26,-2.061312063701362,-2.9564836960966647,-3.4421857519902472,-4.554652862146805,"GARCH(1,1)-Student-t"
2023-01-27,-2.0743324756307167,-2.9751585179557467,-3.463928542525219,-4.58342262365195,"GARCH(1,1)-Student-t"
2023-01-30,-1.905611149856161,-2.733166120191098,-3.182180740304904,-4.210617805363351,"GARCH(1,1)-Student-t"
2023-01-31,-2.1185103577586544,-3.0385216498848333,-3.537701203682032,-4.681037594631301,"GARCH(1,1)-Student-t"
2023-02-01,-2.262109227062776,-3.2444815932391737,-3.7774970068623546,-4.998332104567192,"GARCH(1,1)-Student-t"
2023-02-02,-2.2214074397817245,-3.18610412938135,-3.7095290777328858,-4.9083978752000705,"GARCH(1,1)-Student-t"
2023-02-03,-2.343818953358371,-3.3616756260396565,-3.9139441080104844,-5.178877032863591,"GARCH(1,1)-Student-t"
2023-02-06,-2.350312771904293,-3.3709895329412416,-3.9247881379215332,-5.193225704152758,"GARCH(1,1)-Student-t"
2023-02-07,-2.230967929946356,-3.1998164797799937,-3.725494143676198,-4.929522630960571,"GARCH(1,1)-Student-t"
2023-02-08,-2.2786963213797193,-3.2682720104094902,-3.80519580159127,-5.034982768935647,"GARCH(1,1)-Student-t"
2023-02-09,-2.3242218594476918,-3.3335680485126704,-3.8812189138840667,-5.1355755059178065,"GARCH(1,1)-Student-t"
2023-02-10,-2.282565395803822,-3.273821318374682,-3.8116567703550785,-5.043531833975297,"GARCH(1,1)-Student-t"
2023-02-13,-2.0898394312217494,-2.9973997215989545,-3.4898236132096407,-4.617686625163229,"GARCH(1,1)-Student-t"
2023-02-14,-2.112881344061903,-3.030448109001525,-3.5283013116977378,-4.668599786792087,"GARCH(1,1)-Student-t"
2023-02-15,-1.9380988388074836,-2.779762326752843,-3.2364319436974314,-4.282402251819739,"GARCH(1,1)-Student-t"
2023-02-16,-1.7862312571898198,-2.5619427947543625,-2.982828214869076,-3.9468372845046207,"GARCH(1,1)-Student-t"
2023-02-17,-2.0736069902524856,-2.974117974056418,-3.4627170542327863,-4.581819598999549,"GARCH(1,1)-Student-t"
2023-02-21,-1.9265224902242146,-2.7631586855820296,-3.2171005950602685,-4.256823277080068,"GARCH(1,1)-Student-t"
2023-02-22,-2.527041244058957,-3.6244663624626914,-4.219907076744143,-5.583723026560458,"GARCH(1,1)-Student-t"
2023-02-23,-2.316035067162255,-3.3218259555314833,-3.8675477865202494,-5.117486058147482,"GARCH(1,1)-Student-t"
2023-02-24,-2.151034861379584,-3.0851706587235292,-3.5920138839044955,-4.752903386383847,"GARCH(1,1)-Student-t"
2023-02-27,-2.200239605995809,-3.1557436824738745,-3.6741809045273497,-4.861625658398823,"GARCH(1,1)-Student-t"
2023-02-28,-2.023027837942636,-2.90157367482113,-3.3782549097110666,-4.470060450596102,"GARCH(1,1)-Student-t"
2023-03-01,-1.8863900818333805,-2.7055978663436555,-3.150083471943098,-4.168147141156266,"GARCH(1,1)-Student-t"
2023-03-02,-1.7994394606061759,-2.5808869608235536,-3.004884598475317,-3.976021988050235,"GARCH(1,1)-Student-t"
2023-03-03,-1.750738428988198,-2.5110363988940327,-2.9235587283682873,-3.8684127148332417,"GARCH(1,1)-Student-t"
2023-03-06,-2.062725995492931,-2.9585116599177566,-3.444546877194398,-4.5577770705550105,"GARCH(1,1)-Student-t"
2023-03-07,-1.8922884787121905,-2.7140577761808857,-3.159933206999403,-4.181180175163697,"GARCH(1,1)-Student-t"
2023-03-08,-2.226801071401163,-3.193840068168312,-3.7185359051021374,-4.920315585344709,"GARCH(1,1)-Student-t"
2023-03-09,-2.0394072032415855,-2.925066151924185,-3.405606817678581,-4.506252119171043,"GARCH(1,1)-Student-t"
2023-03-10,-2.5020006901889293,-3.588551378719263,-4.178091846885845,-5.528393689308596,"GARCH(1,1)-Student-t"
2023-03-13,-2.6388026877355153,-3.7847627542126405,-4.40653755148872,-5.8306699048536235,"GARCH(1,1)-Student-t"
2023-03-14,-2.4162334283487077,-3.4655377333063737,-4.034869065681378,-5.338883274317082,"GARCH(1,1)-Student-t"
2023-03-15,-2.5696483939302355,-3.6855766359384066,-4.2910567715441035,-5.677867324518272,"GARCH(1,1)-Student-t"
2023-03-16,-2.4404924237102406,-3.50033174898844,-4.075379170706973,-5.392485688333818,"GARCH(1,1)-Student-t"
2023-03-17,-2.6355718137159103,-3.780128799688572,-4.401142313808506,-5.823531000531584,"GARCH(1,1)-Student-t"
2023-03-20,-2.612531206633909,-3.7470822850993217,-4.362666795806415,-5.77262072409183,"GARCH(1,1)-Student-t"
2023-03-21,-2.478854664779303,-3.5553536654966837,-4.139440290780771,-5.477250481671234,"GARCH(1,1)-Student-t"
2023-03-22,-2.4835330216002234,-3.5620637051404334,-4.147252680508304,-5.487587728350075,"GARCH(1,1)-Student-t"
2023-03-23,-2.714562413189668,-3.8934228630191505,-4.533048744104899,-5.9980677755843725,"GARCH(1,1)-Student-t"
2023-03-24,-2.4819885188322175,-3.559848466927551,-4.1446735147839275,-5.484175011723238,"GARCH(1,1)-Student-t"
2023-03-27,-2.3024988539521027,-3.302411333957473,-3.8449436592421007,-5.087576587705852,"GARCH(1,1)-Student-t"
2023-03-28,-2.107279278812003,-3.022413219540848,-3.5189464209344727,-4.6562215239498395,"GARCH(1,1)-Student-t"
2023-03-29,-1.9427732296265097,-2.7864666780681984,-3.2442377105969826,-4.292730735263648,"GARCH(1,1)-Student-t"
2023-03-30,-2.110091231219508,-3.026446326217603,-3.5236421012648975,-4.662434783604502,"GARCH(1,1)-Student-t"
2023-03-31,-1.9766042144386728,-2.834989537261315,-3.300732084227689,-4.36748331373897,"GARCH(1,1)-Student-t"
2023-04-03,-2.143588772571668,-3.0744909365465958,-3.5795796575425545,-4.736450589013672,"GARCH(1,1)-Student-t"
2023-04-04,-1.9786499305520167,-2.8379236521110016,-3.304148226296602,-4.372003505957731,"GARCH(1,1)-Student-t"
2023-04-05,-1.904869891528165,-2.732102953579935,-3.1809429127580207,-4.208979928971586,"GARCH(1,1)-Student-t"
2023-04-06,-1.7749712828039181,-2.5457929204696277,-2.964025179617184,-3.9219573667728254,"GARCH(1,1)-Student-t"
2023-04-10,-1.6506302635235899,-2.367453986384007,-2.7563880670753065,-3.647214794156006,"GARCH(1,1)-Student-t"
2023-04-11,-1.5241417510061772,-2.1860349612948355,-2.5451648548092,-3.3677271436875746,"GARCH(1,1)-Student-t"
2023-04-12,-1.413890240032562,-2.0279042248559205,-2.3610558172249925,-3.124116596379034,"GARCH(1,1)-Student-t"
2023-04-13,-1.383788590234827,-1.9847302492023693,-2.31078906146793,-3.05760431625372,"GARCH(1,1)-Student-t"
2023-04-14,-1.6587830646956268,-2.3791473268379333,-2.770002432666707,-3.665229135529458,"GARCH(1,1)-Student-t"
2023-04-17,-1.5533041357371031,-2.2278617746699365,-2.5938631314954588,-3.4321640338706336,"GARCH(1,1)-Student-t"
2023-04-18,-1.4530308036347415,-2.0840424681542644,-2.426416658375054,-3.2106011627753492,"GARCH(1,1)-Student-t"
2023-04-19,-1.350064636806495,-1.93636090220512,-2.254473419583342,-2.9830882331675683,"GARCH(1,1)-Student-t"
2023-04-20,-1.2619455967694222,-1.8099741654402404,-2.107323403127311,-2.7883813544847733,"GARCH(1,1)-Student-t"
2023-04-21,-1.319403262177735,-1.8923841284860226,-2.203271979130877,-2.915339191103809,"GARCH(1,1)-Student-t"
2023-04-24,-1.2324104244618366,-1.767612673007121,-2.0580026083335357,-2.723120756900538,"GARCH(1,1)-Student-t"
2023-04-25,-1.155922989127486,-1.6579088297587576,-1.9302762127282946,-2.5541149462818797,"GARCH(1,1)-Student-t"
2023-04-26,-1.7985498214718227,-2.5796109756670886,-3.0033989897668594,-3.974056251032094,"GARCH(1,1)-Student-t"
2023-04-27,-1.7050159637847486,-2.445457913569198,-2.8472067673815666,-3.767384849780457,"GARCH(1,1)-Student-t"
2023-04-28,-2.223460712308882,-3.189049082189361,-3.7129578382599275,-4.912934763989143,"GARCH(1,1)-Student-t"
2023-05-01,-2.1281005571934624,-3.052276611479738,-3.5537158811462315,-4.702227995674157,"GARCH(1,1)-Student-t"
2023-05-02,-1.9533807985075913,-2.801680824923686,-3.261951293663173,-4.316169104841656,"GARCH(1,1)-Student-t"
2023-05-03,-2.0881448215999354,-2.994969189217969,-3.4869937839964353,-4.613942234054219,"GARCH(1,1)-Student-t"
2023-05-04,-2.0299343593765244,-2.9114795102235425,-3.3897881123222504,-4.485321025726998,"GARCH(1,1)-Student-t"
2023-05-05,-1.9873502244408274,-2.850402246442483,-3.3186768501714448,-4.391227581322155,"GARCH(1,1)-Student-t"
2023-05-08,-2.349259402514332,-3.3694787139428826,-3.923029116000711,-5.190898190531037,"GARCH(1,1)-Student-t"
2023-05-09,-2.148378664620672,-3.081360948127237,-3.5875782999873316,-4.747034282727276,"GARCH(1,1)-Student-t"
2023-05-10,-2.0235152639261615,-2.9022727766207677,-3.379068862535186,-4.471137461782348,"GARCH(1,1)-Student-t"
2023-05-11,-1.8820142819152368,-2.6993217758170505,-3.1427763220956617,-4.158478420940479,"GARCH(1,1)-Student-t"
2023-05-12,-1.7454229368850194,-2.50341253348495,-2.9146823862051683,-3.856667660919382,"GARCH(1,1)-Student-t"
2023-05-15,-1.6234222715859306,-2.3284303053103232,-2.710953431613121,-3.5870963091704735,"GARCH(1,1)-Student-t"
2023-05-16,-1.51095912111051,-2.1671274746291664,-2.5231511764342986,-3.338598947116936,"GARCH(1,1)-Student-t"
2023-05-17,-1.5328574198668432,-2.1985356075292866,-2.5597191533550396,-3.386985191423673,"GARCH(1,1)-Student-t"
2023-05-18,-1.6960798759704654,-2.432641126438783,-2.832284391146293,-3.747639766706215,"GARCH(1,1)-Student-t"
2023-05-19,-1.723246869594781,-2.4716060047493613,-2.877650563510371,-3.807667662261596,"GARCH(1,1)-Student-t"
2023-05-22,-1.6027526160331174,-2.2987843818609184,-2.6764371664171165,-3.541424861609951,"GARCH(1,1)-Student-t"
2023-05-23,-1.484653673239,-2.1293982879038,-2.4792236996307904,-3.280474713747396,"GARCH(1,1)-Student-t"
2023-05-24,-1.7228800002457696,-2.4710798140439123,-2.8770379282533196,-3.8068570317122807,"GARCH(1,1)-Student-t"
2023-05-25,-1.7366183708085408,-2.4907843843974344,-2.8999796381668674,-3.8372131868558164,"GARCH(1,1)-Student-t"
2023-05-26,-1.7334169059845386,-2.4861926106808467,-2.8946335109129033,-3.830139264774595,"GARCH(1,1)-Student-t"
2023-05-30,-1.8975370740979391,-2.7215856934519422,-3.1686978383101736,-4.192777414813586,"GARCH(1,1)-Student-t"
2023-05-31,-1.7469576191872283,-2.505613686471471,-2.9172451527301986,-3.8600586783511095,"GARCH(1,1)-Student-t"
2023-06-01,-1.7179496053981735,-2.4640082831297323,-2.868804660134951,-3.7959628845331324,"GARCH(1,1)-Student-t"
2023-06-02,-1.7552535832176177,-2.5175123615101307,-2.931098586029936,-3.8783893508294107,"GARCH(1,1)-Student-t"
2023-06-05,-1.982684048057686,-2.8437096768685692,-3.3108848005613134,-4.380917248407013,"GARCH(1,1)-Student-t"
2023-06-06,-1.8378829636742013,-2.6360254292014913,-3.069081417990231,-4.060966337022473,"GARCH(1,1)-Student-t"
2023-06-07,-1.696784122833053,-2.4336512085141426,-2.833460413233861,-3.7491958629639464,"GARCH(1,1)-Student-t"
2023-06-08,-1.6173085992872578,-2.3196616318073664,-2.7007442080562374,-3.5735876049215025,"GARCH(1,1)-Student-t"
2023-06-09,-1.5609391885807284,-2.2388125228116236,-2.6066129089681755,-3.449034364132232,"GARCH(1,1)-Student-t"
2023-06-12,-1.4465125285511715,-2.0746934839074815,-2.415531788483045,-3.1961984525848637,"GARCH(1,1)-Student-t"
2023-06-13,-1.5197939734166086,-2.1797990624301424,-2.5379044994582682,-3.3581203413062086,"GARCH(1,1)-Student-t"
2023-06-14,-1.4980544095179662,-2.148618598608872,-2.501601593933125,-3.310084835825792,"GARCH(1,1)-Student-t"
2023-06-15,-1.3908259715645281,-1.994823773385756,-2.3225407870659076,-3.073154037996379,"GARCH(1,1)-Student-t"
2023-06-16,-1.6043029918272746,-2.3010080435950946,-2.679026139509961,-3.544850555211909,"GARCH(1,1)-Student-t"
2023-06-20,-1.5351356290309006,-2.2018031808232297,-2.563523535652444,-3.3920190977750537,"GARCH(1,1)-Student-t"
2023-06-21,-1.5021368861549427,-2.154473983550075,-2.508418923128492,-3.3191054320890596,"GARCH(1,1)-Student-t"
2023-06-22,-1.4889561100688127,-2.1355691557528855,-2.4864083404307995,-3.2899813316759423,"GARCH(1,1)-Student-t"
2023-06-23,-1.402916277383659,-2.0121645694081196,-2.34273039307495,-3.0998686470907697,"GARCH(1,1)-Student-t"
2023-06-26,-1.4952663808118583,-2.1446198050448078,-2.496945863800215,-3.303924437723226,"GARCH(1,1)-Student-t"
2023-06-27,-1.4616467742514365,-2.096400119915428,-2.4408044707876493,-3.2296389183488734,"GARCH(1,1)-Student-t"
2023-06-28,-1.6213554054430959,-2.325465855549945,-2.707501971102401,-3.582529384075089,"GARCH(1,1)-Student-t"
2023-06-29,-1.504103962569506,-2.1572953076237287,-2.511703744736302,-3.323451862879148,"GARCH(1,1)-Student-t"
2023-06-30,-1.428243017026441,-2.048490021603221,-2.3850235246574667,-3.155830337333687,"GARCH(1,1)-Student-t"
2023-07-03,-1.6346151574977443,-2.3444839564256847,-2.729644435798152,-3.611827988934858,"GARCH(1,1)-Student-t"
2023-07-05,-1.5123186583897212,-2.1690774218841233,-2.52542146822282,-3.3416029659984035,"GARCH(1,1)-Student-t"
2023-07-06,-1.4250077332924922,-2.0438497423460906,-2.379620923193695,-3.1486816893544836,"GARCH(1,1)-Student-t"
2023-07-07,-1.5228769749129012,-2.184220927425423,-2.543052804758945,-3.364932508098595,"GARCH(1,1)-Student-t"
2023-07-10,-1.4488372312226476,-2.0780277415715784,-2.4194138103051075,-3.201335090487844,"GARCH(1,1)-Student-t"
2023-07-11,-1.3538386813984884,-1.9417739114728845,-2.2607756979965425,-2.9914273213170484,"GARCH(1,1)-Student-t"
2023-07-12,-1.35535153144088,-1.9439437510443554,-2.2633020068231,-2.994770098423395,"GARCH(1,1)-Student-t"
2023-07-13,-1.3775480113188998,-1.9757795569980974,-2.30036791650553,-3.0438152005145716,"GARCH(1,1)-Student-t"
2023-07-14,-1.4321589537755788,-2.054106542923619,-2.3915627488346027,-3.1644829488603574,"GARCH(1,1)-Student-t"
2023-07-17,-1.3433276457030539,-1.9266982195338187,-2.24322331573157,-2.9682022504229435,"GARCH(1,1)-Student-t"
2023-07-18,-1.2787984500117244,-1.834145753391901,-2.1354659887806786,-2.8256192369030044,"GARCH(1,1)-Student-t"
2023-07-19,-1.3057095077311294,-1.8727435498115623,-2.180404773685662,-2.8850816192484476,"GARCH(1,1)-Student-t"
2023-07-20,-1.2276713569650715,-1.7608155576961433,-2.0500888378267095,-2.71264936456837,"GARCH(1,1)-Student-t"
2023-07-21,-1.3235813285635802,-1.898376615197996,-2.2102489336820486,-2.9245710014432684,"GARCH(1,1)-Student-t"
2023-07-24,-1.2387099988536323,-1.7766479808140572,-2.0685222698621764,-2.7370402284056814,"GARCH(1,1)-Student-t"
2023-07-25,-1.1920265420042824,-1.709691171370705,-1.9905655485824603,-2.6338889665962504,"GARCH(1,1)-Student-t"
2023-07-26,-1.1333251101976196,-1.6254973080881618,-1.8925400066257057,-2.504182917183119,"GARCH(1,1)-Student-t"
2023-07-27,-1.0747309176100535,-1.5414572550939423,-1.7946935434792537,-2.374713822389715,"GARCH(1,1)-Student-t"
2023-07-28,-1.1944671290865838,-1.71319163888593,-1.9946410858235826,-2.6392816614411845,"GARCH(1,1)-Student-t"
2023-07-31,-1.3513995812543613,-1.9382755766325448,-2.256702643794009,-2.9860379119946368,"GARCH(1,1)-Student-t"
2023-08-01,-1.2628177871838728,-1.8112251243734474,-2.1087798742121664,-2.7903085369999627,"GARCH(1,1)-Student-t"
2023-08-02,-1.2223104480675653,-1.7531265522171395,-2.041136654142509,-2.700803958196522,"GARCH(1,1)-Student-t"
2023-08-03,-1.697985860777912,-2.435374828485869,-2.835467195857542,-3.7518512101413526,"GARCH(1,1)-Student-t"
2023-08-04,-1.5952665922672922,-2.2880473820625893,-2.663936252654688,-3.5248838243883034,"GARCH(1,1)-Student-t"
2023-08-07,-1.567730816664703,-2.248553569814554,-2.6179542511332703,-3.464041072158656,"GARCH(1,1)-Student-t"
2023-08-08,-1.603888498197934,-2.3004135466827345,-2.6783339764501646,-3.5439346945673895,"GARCH(1,1)-Student-t"
2023-08-09,-1.5470086711793554,-2.2188323614859304,-2.5833503329801637,-3.418253643410393,"GARCH(1,1)-Student-t"
2023-08-10,-1.5838396896964857,-2.2716580872331535,-2.644854463967156,-3.4996350639429097,"GARCH(1,1)-Student-t"
2023-08-11,-1.4687967927533363,-2.1066551965241094,-2.4527442892397437,-3.2454375219701053,"GARCH(1,1)-Student-t"
2023-08-14,-1.3761486425307392,-1.9737724804957677,-2.2980311100659767,-3.040723170361335,"GARCH(1,1)-Student-t"
2023-08-15,-1.3465387358201006,-1.931303798545809,-2.2485855162658295,-2.975297440447668,"GARCH(1,1)-Student-t"
2023-08-16,-1.639777143508549,-2.351887652231462,-2.7382644380827457,-3.6232338574457406,"GARCH(1,1)-Student-t"
2023-08-17,-1.676659150418811,-2.4047865092408736,-2.7998537146056535,-3.704727941380758,"GARCH(1,1)-Student-t"
2023-08-18,-1.7118964348170302,-2.4553263855907894,-2.858696468417796,-3.7825878642254542,"GARCH(1,1)-Student-t"
2023-08-21,-1.5838952583755286,-2.271737787874554,-2.6449472581241524,-3.4997578478956672,"GARCH(1,1)-Student-t"
2023-08-22,-1.5505684557043466,-2.2239380633808956,-2.589294818430891,-3.426119304831044,"GARCH(1,1)-Student-t"
2023-08-23,-1.4713805850570618,-2.1103610593842665,-2.457058964931311,-3.2511466415248726,"GARCH(1,1)-Student-t"
2023-08-24,-1.6081929780772515,-2.3065873448220255,-2.6855220289392716,-3.553445826796045,"GARCH(1,1)-Student-t"
2023-08-25,-1.9215521834653286,-2.7560299101015917,-3.20880067802697,-4.245840940973007,"GARCH(1,1)-Student-t"
2023-08-28,-1.833715727488439,-2.630048475950237,-3.0621225487940493,-4.05175845697609,"GARCH(1,1)-Student-t"
2023-08-29,-1.7483109233474645,-2.507554693733814,-2.9195050358311154,-3.8630489246002426,"GARCH(1,1)-Student-t"
2023-08-30,-1.9717727013526143,-2.8280598297619277,-3.292663938798257,-4.356807654631633,"GARCH(1,1)-Student-t"
2023-08-31,-1.8293858881567004,-2.623838305439704,-3.054892148546279,-4.04219129077539,"GARCH(1,1)-Student-t"
2023-09-01,-1.6995322598191254,-2.4375927864717153,-2.838049528169224,-3.7552681167529776,"GARCH(1,1)-Student-t"
2023-09-05,-1.572666626053837,-2.2556328666580474,-2.6261965609964886,-3.474947183250279,"GARCH(1,1)-Student-t"
2023-09-06,-1.5199996464696757,-2.18009405368296,-2.5382479529631023,-3.3585747942618354,"GARCH(1,1)-Student-t"
2023-09-07,-1.5593241598592915,-2.236496131146461,-2.6039159719289566,-3.445465814120773,"GARCH(1,1)-Student-t"
2023-09-08,-1.4871340794788859,-2.1329558669511717,-2.483365730897396,-3.2859553925726566,"GARCH(1,1)-Student-t"
2023-09-11,-1.383175815040669,-1.9838513624472762,-2.3097657879521694,-3.0562503348061405,"GARCH(1,1)-Student-t"
2023-09-12,-1.3788399663327935,-1.9776325728523818,-2.30252535264504,-3.046669890352863,"GARCH(1,1)-Student-t"
2023-09-13,-1.4013376784731875,-2.009900428027651,-2.340094290190084,-3.0963805919959726,"GARCH(1,1)-Student-t"
2023-09-14,-1.307023375797443,-1.8746279949595244,-2.182598802439241,-2.8879847279305815,"GARCH(1,1)-Student-t"
2023-09-15,-1.3749289674117362,-1.9720231337241818,-2.295994374148781,-3.0380281893977634,"GARCH(1,1)-Student-t"
2023-09-18,-1.690813862140172,-2.4250882263675897,-2.8234906727687514,-3.7360040394494782,"GARCH(1,1)-Student-t"
2023-09-19,-1.5632335406172104,-2.242103249387388,-2.6104442482540127,-3.454103939600088,"GARCH(1,1)-Student-t"
2023-09-20,-1.4725810511600583,-2.112082855187883,-2.4590636237058106,-3.2537991784542424,"GARCH(1,1)-Student-t"
2023-09-21,-1.620014073498615,-2.3235420197102656,-2.7052620804088536,-3.5795655915045215,"GARCH(1,1)-Student-t"
2023-09-22,-2.094835784504479,-3.0045658548984435,-3.4981670253424157,-4.628726513387925,"GARCH(1,1)-Student-t"
2023-09-25,-1.94147186757772,-2.7846001699602234,-3.242064565646537,-4.2898552597426995,"GARCH(1,1)-Student-t"
2023-09-26,-1.8056255841476438,-2.589759549168837,-3.0152148083884422,-3.989690779782404,"GARCH(1,1)-Student-t"
2023-09-27,-2.124441036473513,-3.0470278606794197,-3.5476048461878937,-4.694141958234841,"GARCH(1,1)-Student-t"
2023-09-28,-1.9508362959694767,-2.7980313143032007,-3.257702227965244,-4.310546799528431,"GARCH(1,1)-Student-t"
2023-09-29,-1.8431014915879953,-2.643510221517243,-3.0777958396188367,-4.072497139911229,"GARCH(1,1)-Student-t"
2023-10-02,-1.7260138506931704,-2.4755746103034895,-2.8822711462356283,-3.8137815537975803,"GARCH(1,1)-Student-t"
2023-10-03,-1.5966490190074287,-2.290030159047323,-2.66624476756219,-3.5279384195752956,"GARCH(1,1)-Student-t"
2023-10-04,-1.9250764143929544,-2.761084618441141,-3.2146857925127477,-4.2536280435490985,"GARCH(1,1)-Student-t"
2023-10-05,-1.8715872058374696,-2.6843665048686414,-3.125364144026243,-4.1354388663103325,"GARCH(1,1)-Student-t"
2023-10-06,-1.7349764200143525,-2.4884293791372927,-2.897237743948738,-3.8335851501233162,"GARCH(1,1)-Student-t"
2023-10-09,-1.8412564136939469,-2.6408638765955583,-3.0747147433840425,-4.068420275733797,"GARCH(1,1)-Student-t"
2023-10-10,-1.756549510550876,-2.519371074753784,-2.9332626555469727,-3.8812528178616468,"GARCH(1,1)-Student-t"
2023-10-11,-1.6616892352653758,-2.3833155680561555,-2.7748554479399408,-3.6716505786173257,"GARCH(1,1)-Student-t"
2023-10-12,-1.5638115983379979,-2.2429323418169163,-2.611409547048582,-3.4553812096936527,"GARCH(1,1)-Student-t"
2023-10-13,-1.5696816268885,-2.2513515637342514,-2.6212119098233058,-3.4683515613493943,"GARCH(1,1)-Student-t"
2023-10-16,-1.5381981283294341,-2.206195640075209,-2.5686376043257546,-3.398785963132811,"GARCH(1,1)-Student-t"
2023-10-17,-1.6389716259490652,-2.350732320356453,-2.7369193040222313,-3.6214539945504423,"GARCH(1,1)-Student-t"
2023-10-18,-1.520516050483546,-2.180834717881502,-2.539110296210453,-3.359715834990804,"GARCH(1,1)-Student-t"
2023-10-19,-1.8533995794351976,-2.658280488163116,-3.094992620195928,-4.095251683540919,"GARCH(1,1)-Student-t"
2023-10-20,-1.8808491896952857,-2.697650715809499,-3.1408307341811033,-4.155904045760848,"GARCH(1,1)-Student-t"
2023-10-23,-2.070420509026728,-2.9695476909062988,-3.457395948094886,-4.574778784515101,"GARCH(1,1)-Student-t"
2023-10-24,-1.914775485355083,-2.7463102767529493,-3.1974842674303425,-4.230867222055207,"GARCH(1,1)-Student-t"
2023-10-25,-1.8416196760910808,-2.6413848939482647,-3.0753213553908645,-4.06922293640122,"GARCH(1,1)-Student-t"
2023-10-26,-2.1265487122244933,-3.0500508425481825,-3.5511244546778435,-4.69879905579941,"GARCH(1,1)-Student-t"
2023-10-27,-2.2265186221667737,-3.193434958931748,-3.71806424302467,-4.91969148856845,"GARCH(1,1)-Student-t"
2023-10-30,-2.097163627986222,-3.007904617341079,-3.502054292004665,-4.633870091191333,"GARCH(1,1)-Student-t"
2023-10-31,-2.136289612637439,-3.0640219504475192,-3.5673907877593036,-4.720322444095137,"GARCH(1,1)-Student-t"
2023-11-01,-2.0160146423789085,-2.8915148396225105,-3.3665435719323327,-4.454564169460595,"GARCH(1,1)-Student-t"
2023-11-02,-2.0183359471588638,-2.8948442237834353,-3.3704199196141307,-4.459693299419189,"GARCH(1,1)-Student-t"
2023-11-03,-2.3775163078553905,-3.4100068229148817,-3.970215332330166,-5.253334343238533,"GARCH(1,1)-Student-t"
2023-11-06,-2.2894351300270457,-3.283674390883756,-3.823128541990024,-5.058711124483018,"GARCH(1,1)-Student-t"
2023-11-07,-2.100229299302412,-3.0123016261315056,-3.507173657631394,-4.640643965405028,"GARCH(1,1)-Student-t"
2023-11-08,-1.9364149416947278,-2.7773471590315486,-3.2336200033069322,-4.278681530954989,"GARCH(1,1)-Student-t"
2023-11-09,-1.7830806194521853,-2.5574239209420697,-2.9775669637848057,-3.9398756694042185,"GARCH(1,1)-Student-t"
2023-11-10,-1.8100205744755944,-2.5960631639770466,-3.0225540043080747,-3.9994019029203356,"GARCH(1,1)-Student-t"
2023-11-13,-2.066580797906462,-2.9640404979272783,-3.4509840131226506,-4.566294600314319,"GARCH(1,1)-Student-t"
2023-11-14,-1.9054006782032638,-2.7328642464373667,-3.1818292736164975,-4.210152749473391,"GARCH(1,1)-Student-t"
2023-11-15,-2.3091436263014478,-3.311941749783904,-3.8560397669634434,-5.102258804887909,"GARCH(1,1)-Student-t"
2023-11-16,-2.11805126535826,-3.0378631861710326,-3.536934565118511,-4.680023189024181,"GARCH(1,1)-Student-t"
2023-11-17,-1.9465023073270156,-2.79181519254942,-3.250464898782015,-4.3009704650555936,"GARCH(1,1)-Student-t"
2023-11-20,-1.793118253066625,-2.5718206251825695,-2.994328811745507,-3.962054716175572,"GARCH(1,1)-Student-t"
2023-11-21,-1.7405827982363906,-2.4964704545763237,-2.906599836945717,-3.845972942862195,"GARCH(1,1)-Student-t"
2023-11-22,-1.6271585994812838,-2.333789218548355,-2.717192726901121,-3.5953520589146106,"GARCH(1,1)-Student-t"
2023-11-24,-1.5300135737237128,-2.1944567565370328,-2.554970213664094,-3.380701459715406,"GARCH(1,1)-Student-t"
2023-11-27,-1.421066356328267,-2.0381967328187613,-2.373039216392291,-3.1399728654034544,"GARCH(1,1)-Student-t"
2023-11-28,-1.345713377455191,-1.9301200095444917,-2.247207250037243,-2.9734737375230935,"GARCH(1,1)-Student-t"
2023-11-29,-1.2572832175365827,-1.8032870420154843,-2.0995376943798263,-2.778079411711909,"GARCH(1,1)-Student-t"
2023-11-30,-1.18958182783925,-1.706184784493234,-1.9864831195244104,-2.6284871525939093,"GARCH(1,1)-Student-t"
2023-12-01,-1.1456546207207583,-1.6431811888961254,-1.913129060655475,-2.5314260704067246,"GARCH(1,1)-Student-t"
2023-12-04,-1.159256723780988,-1.6626903144857683,-1.9358432174178197,-2.5614811303491023,"GARCH(1,1)-Student-t"
2023-12-05,-1.2167591199495125,-1.745164433641442,-2.031866489333852,-2.6885378035725576,"GARCH(1,1)-Student-t"
2023-12-06,-1.151294633604492,-1.6512705056134556,-1.9225473201860424,-2.5438881819306416,"GARCH(1,1)-Student-t"
2023-12-07,-1.1601060037051405,-1.6639084135273419,-1.9372614302667368,-2.563357690092492,"GARCH(1,1)-Student-t"
2023-12-08,-1.2434416140493785,-1.783434407492853,-2.0764235957688673,-2.747495154214045,"GARCH(1,1)-Student-t"
2023-12-11,-1.1979668088498636,-1.7182111341597885,-2.0004852023112427,-2.647014516029828,"GARCH(1,1)-Student-t"
2023-12-12,-1.1559259130712056,-1.6579130234915198,-1.9302810954229568,-2.554121406996327,"GARCH(1,1)-Student-t"
2023-12-13,-1.133983156775841,-1.6264411263551983,-1.893638878841896,-2.5056369297917387,"GARCH(1,1)-Student-t"
2023-12-14,-1.5063750739309851,-2.160552700732939,-2.515496274410644,-3.3284700860026475,"GARCH(1,1)-Student-t"
2023-12-15,-1.4068707424958102,-2.0178363509092017,-2.349333955779254,-3.1086063904720307,"GARCH(1,1)-Student-t"
2023-12-18,-1.314652847736276,-1.8855707385616183,-2.1953392603570503,-2.904842726685257,"GARCH(1,1)-Student-t"
2023-12-19,-1.2669084368743266,-1.8170922317024338,-2.1156108515924568,-2.7993471923538786,"GARCH(1,1)-Student-t"
2023-12-20,-1.2579388050950486,-1.8042273333775247,-2.100632460278048,-2.7795279908970483,"GARCH(1,1)-Student-t"
2023-12-21,-1.76594065401829,-2.5328405358014523,-2.9489449293800685,-3.9020033869898763,"GARCH(1,1)-Student-t"
2023-12-22,-1.8076720303997036,-2.592694711236578,-3.018632169716258,-3.9942125853077823,"GARCH(1,1)-Student-t"
2023-12-26,-1.6682397309603043,-2.39271076544739,-2.785794123042374,-3.6861244831225046,"GARCH(1,1)-Student-t"
2023-12-27,-1.568065377339914,-2.249033421069992,-2.618512934124394,-3.4647803138114583,"GARCH(1,1)-Student-t"
2023-12-28,-1.4556625010453523,-2.087817040003206,-2.4308113308217325,-3.2164161329366454,"GARCH(1,1)-Student-t"
2023-12-29,-1.35644839382662,-1.9455169508608257,-2.2651336577131205,-2.9971937136986204,"GARCH(1,1)-Student-t"
2024-01-02,-1.3060624119526467,-1.8732497107153732,-2.1809940885713193,-2.8858613926029544,"GARCH(1,1)-Student-t"
2024-01-03,-1.3414798082210482,-1.9240479166103608,-2.24013761125986,-2.9641192886897803,"GARCH(1,1)-Student-t"
2024-01-04,-1.4601627004594402,-2.0942715533353815,-2.4383262154319127,-3.2263597249344538,"GARCH(1,1)-Student-t"
2024-01-05,-1.4068695019996875,-2.017834571699432,-2.3493318842743354,-3.1086036494852025,"GARCH(1,1)-Student-t"
2024-01-08,-1.3148560370815738,-1.885862167500095,-2.1956785663173934,-2.905291691667035,"GARCH(1,1)-Student-t"
2024-01-09,-1.6453873115347994,-2.359934163283354,-2.7476328596751336,-3.6356300240950556,"GARCH(1,1)-Student-t"
2024-01-10,-1.5367910292922051,-2.2041774762873882,-2.566287889140519,-3.3956768523047636,"GARCH(1,1)-Student-t"
2024-01-11,-1.4809830969083027,-2.124133680342391,-2.4730942029041123,-3.2723642479500343,"GARCH(1,1)-Student-t"
2024-01-12,-1.3847617343997276,-1.986126003347578,-2.3124141152567477,-3.0597545650850337,"GARCH(1,1)-Student-t"
2024-01-16,-1.2935439965334283,-1.8552948887650147,-2.160089582188063,-2.8582008371622107,"GARCH(1,1)-Student-t"
2024-01-17,-1.2733010587855664,-1.8262609950297846,-2.126285893207077,-2.813472260652547,"GARCH(1,1)-Student-t"
2024-01-18,-1.3132722830471628,-1.8835906322659026,-2.193033854889218,-2.901792245866085,"GARCH(1,1)-Student-t"
2024-01-19,-1.3928547739396124,-1.99773362932177,-2.3259286848772556,-3.0776368578018456,"GARCH(1,1)-Student-t"
2024-01-22,-1.6054147905080556,-2.302602666132338,-2.680882732524409,-3.54730717356326,"GARCH(1,1)-Student-t"
2024-01-23,-1.4922258118050227,-2.140258799812332,-2.49186841652885,-3.2972060293010332,"GARCH(1,1)-Student-t"
2024-01-24,-1.398301774981539,-2.005546114416414,-2.3350246338641973,-3.089672492445723,"GARCH(1,1)-Student-t"
2024-01-25,-1.3055858048250202,-1.8725661261058013,-2.180198202158533,-2.8848082866437985,"GARCH(1,1)-Student-t"
2024-01-26,-1.2752905762007771,-1.8291145056188647,-2.1296081890498892,-2.8178682768351764,"GARCH(1,1)-Student-t"
2024-01-29,-1.204304663403283,-1.7273013461589217,-2.0110687878954616,-2.6610185709664527,"GARCH(1,1)-Student-t"
2024-01-30,-1.2604660665152492,-1.8078521155326248,-2.10485273502701,-2.7851122004224322,"GARCH(1,1)-Student-t"
2024-01-31,-1.1909426566368104,-1.7081365841377487,-1.988755568019884,-2.631494025200365,"GARCH(1,1)-Student-t"
2024-02-01,-1.8143143597423705,-2.602221623125134,-3.029724197859877,-4.0088894044486825,"GARCH(1,1)-Student-t"
2024-02-02,-1.9291316984279174,-2.766901001774619,-3.2214577127722928,-4.2625885553327905,"GARCH(1,1)-Student-t"
2024-02-05,-1.9521508025081504,-2.7999166751946625,-3.259897322904045,-4.3134513189721915,"GARCH(1,1)-Student-t"
2024-02-06,-1.829607851360036,-2.624156661210939,-3.0552628049788697,-4.042681738271025,"GARCH(1,1)-Student-t"
2024-02-07,-1.6923307783469188,-2.4272638979277406,-2.826023771684619,-3.7393558011086467,"GARCH(1,1)-Student-t"
2024-02-08,-1.6788115198772255,-2.40787359407574,-2.8034479571336237,-3.7094837936783294,"GARCH(1,1)-Student-t"
2024-02-09,-1.5547215631241764,-2.2298947521283607,-2.5962300939957914,-3.4352959661088924,"GARCH(1,1)-Student-t"
2024-02-12,-1.497927518768767,-2.148436602666677,-2.50138969902568,-3.309804459397498,"GARCH(1,1)-Student-t"
2024-02-13,-1.4025726850305442,-2.011671764263292,-2.342156628081667,-3.0991094491400646,"GARCH(1,1)-Student-t"
2024-02-14,-1.788842023240208,-2.5656873453239815,-2.9871879340298366,-3.9526060049585454,"GARCH(1,1)-Student-t"
2024-02-15,-1.8002679156093477,-2.5820751912487077,-3.0062680357812446,-3.9778525332732526,"GARCH(1,1)-Student-t"
2024-02-16,-1.7111927928712483,-2.454317171131112,-2.8575214564810176,-3.78103310458536,"GARCH(1,1)-Student-t"
2024-02-20,-1.653407538746558,-2.371437356520373,-2.761025839962877,-3.6533514314784243,"GARCH(1,1)-Student-t"
2024-02-21,-1.636571698940063,-2.3472901704758593,-2.7329116650520455,-3.616151141764112,"GARCH(1,1)-Student-t"
2024-02-22,-1.5175425127459599,-2.17656985377106,-2.534144784479568,-3.3531455381368294,"GARCH(1,1)-Student-t"
2024-02-23,-2.17556851026699,-3.1203586024699668,-3.63298263295112,-4.8071126718635435,"GARCH(1,1)-Student-t"
2024-02-26,-1.998927718693864,-2.86700753081621,-3.338010111962962,-4.416809087521364,"GARCH(1,1)-Student-t"
2024-02-27,-1.8819355535817601,-2.6992088579146896,-3.1426448536234477,-4.158304463665539,"GARCH(1,1)-Student-t"
2024-02-28,-1.7378449386253447,-2.4925436171775632,-2.902027884202585,-3.8399233978499687,"GARCH(1,1)-Student-t"
2024-02-29,-1.622277730368849,-2.3267887210459124,-2.7090421618256006,-3.584567343264717,"GARCH(1,1)-Student-t"
2024-03-01,-1.5462585773023443,-2.2177565222876954,-2.582097750946822,-3.416596244084998,"GARCH(1,1)-Student-t"
2024-03-04,-1.550903758671619,-2.2244189792856,-2.5898547409757926,-3.4268601866443635,"GARCH(1,1)-Student-t"
2024-03-05,-1.4523698963380878,-2.083094546836772,-2.4253130090441313,-3.209140829154194,"GARCH(1,1)-Student-t"
2024-03-06,-1.638908960490516,-2.350642440997684,-2.7368146589506006,-3.621315529630373,"GARCH(1,1)-Student-t"
2024-03-07,-1.559219084790345,-2.2363454248396986,-2.6037405070337645,-3.4452336413838336,"GARCH(1,1)-Student-t"
2024-03-08,-1.640752893554517,-2.3532871439208423,-2.739893843433289,-3.625389864203702,"GARCH(1,1)-Student-t"
2024-03-11,-1.6420848839597468,-2.3551975814454487,-2.7421181346871015,-3.6283330158100817,"GARCH(1,1)-Student-t"
2024-03-12,-1.5324002945475088,-2.197879965146222,-2.558955799620884,-3.3859751322576064,"GARCH(1,1)-Student-t"
2024-03-13,-1.6557242492973703,-2.3747601513036884,-2.764894515739786,-3.6584704100779457,"GARCH(1,1)-Student-t"
2024-03-14,-1.5531771698839292,-2.2276796710081572,-2.5936511111718596,-3.431883491493408,"GARCH(1,1)-Student-t"
2024-03-15,-1.4777279028990264,-2.1194648443201656,-2.4676583532644543,-3.2651716064416103,"GARCH(1,1)-Student-t"
2024-03-18,-1.5070786487934775,-2.1615618189768826,-2.5166711743250127,-3.33002469741623,"GARCH(1,1)-Student-t"
2024-03-19,-1.4713974855559737,-2.110385299309103,-2.4570871870804845,-3.2511839846846478,"GARCH(1,1)-Student-t"
2024-03-20,-1.4252976730435252,-2.0442655950264657,-2.3801050936875834,-3.14932233709538,"GARCH(1,1)-Student-t"
2024-03-21,-1.4826101508812808,-2.126467319497998,-2.4758112209151784,-3.275959368827358,"GARCH(1,1)-Student-t"
2024-03-22,-1.3944045132706446,-1.9999563781942378,-2.3285165951401003,-3.0810611450817604,"GARCH(1,1)-Student-t"
2024-03-25,-1.3175852341003127,-1.889776580378875,-2.2002360533945358,-2.9113220959089046,"GARCH(1,1)-Student-t"
2024-03-26,-1.2786420591335066,-1.8339214462189057,-2.1352048315972407,-2.8252736773083984,"GARCH(1,1)-Student-t"
2024-03-27,-1.2400515885568104,-1.7785721863500084,-2.0707625909870644,-2.740004590517081,"GARCH(1,1)-Student-t"
2024-03-28,-1.3274334944181359,-1.9039016716628592,-2.216681666819526,-2.933082705490355,"GARCH(1,1)-Student-t"
2024-04-01,-1.2444332452983984,-1.784856677158807,-2.078079521146064,-2.7496862519066636,"GARCH(1,1)-Student-t"
2024-04-02,-1.1961700121032928,-1.7156340375716583,-1.9974847307818797,-2.643044333354154,"GARCH(1,1)-Student-t"
2024-04-03,-1.315463854885018,-1.8867339440048385,-2.196693561484629,-2.906634719317661,"GARCH(1,1)-Student-t"
2024-04-04,-1.2339194709762535,-1.7697770572821125,-2.060522565647369,-2.7264551297725723,"GARCH(1,1)-Student-t"
2024-04-05,-1.5988076836776957,-2.2931262729329247,-2.669849522466683,-3.532708181704952,"GARCH(1,1)-Student-t"
2024-04-08,-1.703098611444293,-2.4427079073794262,-2.844004980022883,-3.763148288767216,"GARCH(1,1)-Student-t"
2024-04-09,-1.5807309580840105,-2.267199318233704,-2.6396631919362683,-3.4927660441638366,"GARCH(1,1)-Student-t"
2024-04-10,-1.4693917434244752,-2.1075085180517803,-2.4537377975781434,-3.246752118544227,"GARCH(1,1)-Student-t"
2024-04-11,-1.6162716100935028,-2.3181743064778577,-2.6990125394309143,-3.5712962848043195,"GARCH(1,1)-Student-t"
2024-04-12,-1.592731079703794,-2.2844107655176056,-2.6597021993185845,-3.5192813832258483,"GARCH(1,1)-Student-t"
2024-04-15,-1.958874263280665,-2.8095599516811895,-3.2711248324513664,-4.328307405243805,"GARCH(1,1)-Student-t"
2024-04-16,-2.1016427357329803,-3.014328879469819,-3.5095339556320324,-4.643767079268919,"GARCH(1,1)-Student-t"
2024-04-17,-1.948302653301874,-2.794397379698921,-3.253471297168964,-4.30494849006774,"GARCH(1,1)-Student-t"
2024-04-18,-1.8794608049601502,-2.6956593934349686,-3.1385122700156227,-4.152836285852485,"GARCH(1,1)-Student-t"
2024-04-19,-1.7537647349108711,-2.5153769469737437,-2.9286123577103114,-3.875099607698791,"GARCH(1,1)-Student-t"
2024-04-22,-1.8088737736196645,-2.5944183387742394,-3.020638961148834,-3.9968679441409964,"GARCH(1,1)-Student-t"
2024-04-23,-1.7904471717767485,-2.567989566109307,-2.9898683721447656,-3.956152723820219,"GARCH(1,1)-Student-t"
2024-04-24,-1.8861878591053443,-2.7053078237979644,-3.1497457801372657,-4.167700312001544,"GARCH(1,1)-Student-t"
2024-04-25,-1.74189425294074,-2.4983514383050154,-2.9087898356252895,-3.8488707190058107,"GARCH(1,1)-Student-t"
2024-04-26,-1.6745771475381686,-2.401800349270125,-2.7963769772510574,-3.7001275703130756,"GARCH(1,1)-Student-t"
2024-04-29,-1.7283256518203651,-2.478890363634354,-2.886131623764283,-3.818889684587726,"GARCH(1,1)-Student-t"
2024-04-30,-1.6108281818773595,-2.3103669457898297,-2.689922556707025,-3.5592685446376855,"GARCH(1,1)-Student-t"
2024-05-01,-2.035251555443708,-2.919105819581744,-3.398667299935471,-4.497069844701311,"GARCH(1,1)-Student-t"
2024-05-02,-1.9083986306932292,-2.7371641279615355,-3.1868355555511085,-4.216776992900407,"GARCH(1,1)-Student-t"
2024-05-03,-1.8850197867277327,-2.703632489431528,-3.147795215656365,-4.165119351897749,"GARCH(1,1)-Student-t"
2024-05-06,-1.9830571052084733,-2.8442447425694097,-3.3115077688307624,-4.38174155145627,"GARCH(1,1)-Student-t"
2024-05-07,-1.983168561362236,-2.8444046010921595,-3.311693889501771,-4.381987823769268,"GARCH(1,1)-Student-t"
2024-05-08,-1.828284195445324,-2.6222581776188614,-3.0530524314937515,-4.0397570024648335,"GARCH(1,1)-Student-t"
2024-05-09,-1.691348278218398,-2.4258547247789797,-2.8243830943688075,-3.737184879441215,"GARCH(1,1)-Student-t"
2024-05-10,-1.6040225732818783,-2.3006058469203907,-2.6785578684807683,-3.5442309454241046,"GARCH(1,1)-Student-t"
2024-05-13,-1.490582196884285,-2.1379014077408494,-2.4891237433852007,-3.2935743155324917,"GARCH(1,1)-Student-t"
2024-05-14,-1.391726603728889,-1.996115525545461,-2.324044753039104,-3.0751440650948383,"GARCH(1,1)-Student-t"
2024-05-15,-1.3398501310737654,-1.921710515107363,-2.2374162128090846,-2.960518371674858,"GARCH(1,1)-Student-t"
2024-05-16,-1.5345818099090016,-2.2010088531552783,-2.5625987129028225,-3.390795385027679,"GARCH(1,1)-Student-t"
2024-05-17,-1.449331482177077,-2.078736632240916,-2.4202391601505795,-3.2024271820560513,"GARCH(1,1)-Student-t"
2024-05-20,-1.3524617554054212,-1.939799024059707,-2.258476368788538,-2.988384880521341,"GARCH(1,1)-Student-t"
2024-05-21,-1.266499160846371,-1.8165052182534942,-2.114927401407078,-2.798442860465,"GARCH(1,1)-Student-t"
2024-05-22,-1.1975054230208988,-1.7175493810439137,-1.9997147339505323,-2.6459950428877193,"GARCH(1,1)-Student-t"
2024-05-23,-1.1693530296939911,-1.677171170804534,-1.9527030422708649,-2.58378981879737,"GARCH(1,1)-Student-t"
2024-05-24,-1.3017376696097098,-1.8670468506769216,-2.1737721997869714,-2.8763054886536343,"GARCH(1,1)-Student-t"
2024-05-28,-1.3193739454118796,-1.8923420802480093,-2.203223023053096,-2.9152744130947617,"GARCH(1,1)-Student-t"
2024-05-29,-1.2387949866591441,-1.776769876506508,-2.0686641910289794,-2.737228016542392,"GARCH(1,1)-Student-t"
2024-05-30,-1.3524338446785842,-1.9397589924651255,-2.258429760655816,-2.9883232092809155,"GARCH(1,1)-Student-t"
2024-05-31,-1.3882151006841206,-1.991079072461298,-2.31818089284946,-3.0673850859111758,"GARCH(1,1)-Student-t"
2024-06-03,-1.4225516730741692,-2.0403270821337087,-2.375519547357199,-3.1432548052353932,"GARCH(1,1)-Student-t"
2024-06-04,-1.3287138530122846,-1.905738055088453,-2.218819738093559,-2.935911772004885,"GARCH(1,1)-Student-t"
2024-06-05,-1.2467760009866629,-1.7882168277727097,-2.081991689707314,-2.7548627795604648,"GARCH(1,1)-Student-t"
2024-06-06,-1.4738736561741106,-2.1139368033196746,-2.461222145280818,-3.2566553045258604,"GARCH(1,1)-Student-t"
2024-06-07,-1.377268515121969,-1.975378683222652,-2.2999011857063696,-3.0431976287379703,"GARCH(1,1)-Student-t"
2024-06-10,-1.29975925857757,-1.86420926967029,-2.1704684504972187,-2.871934013015027,"GARCH(1,1)-Student-t"
2024-06-11,-1.2280015578666363,-1.7612891558470998,-2.050640240430263,-2.713378972912434,"GARCH(1,1)-Student-t"
2024-06-12,-1.166518295313825,-1.6731053885654892,-1.9479693183161506,-2.57752622034209,"GARCH(1,1)-Student-t"
2024-06-13,-1.265103623300197,-1.8145036367970961,-2.1125969927598875,-2.795359295782658,"GARCH(1,1)-Student-t"
2024-06-14,-1.1955498205001467,-1.7147445136633448,-1.996449072602099,-2.641673964689413,"GARCH(1,1)-Student-t"
2024-06-17,-1.1341845871050946,-1.6267300323849185,-1.8939752474207183,-2.506082008070673,"GARCH(1,1)-Student-t"
2024-06-18,-1.2077207716472893,-1.732200977081069,-2.016773348273215,-2.668566766829154,"GARCH(1,1)-Student-t"
2024-06-20,-1.1468510784201136,-1.6448972355556797,-1.9151270257953017,-2.534069750410722,"GARCH(1,1)-Student-t"
2024-06-21,-1.123060089893238,-1.6107744693174466,-1.8753984455501904,-2.4815014392387287,"GARCH(1,1)-Student-t"
2024-06-24,-1.0850698940027446,-1.5562861670658792,-1.8119586038530722,-2.3975587129076894,"GARCH(1,1)-Student-t"
2024-06-25,-1.0834961374447887,-1.5540289709396085,-1.809330587214403,-2.394081357422686,"GARCH(1,1)-Student-t"
2024-06-26,-1.059797010466521,-1.520037959216153,-1.7697554066021484,-2.341716022535874,"GARCH(1,1)-Student-t"
2024-06-27,-1.0113796295416437,-1.4505942297426717,-1.6889032048889185,-2.234733500825327,"GARCH(1,1)-Student-t"
2024-06-28,-0.9677753560087832,-1.388053808983402,-1.6160884129300608,-2.1383859691994465,"GARCH(1,1)-Student-t"
2024-07-01,-1.0185265351410855,-1.4608448416002233,-1.7008378251040854,-2.250525226210924,"GARCH(1,1)-Student-t"
2024-07-02,-0.9844723948337148,-1.412001916564145,-1.6439708040321654,-2.1752795657647304,"GARCH(1,1)-Student-t"
2024-07-03,-1.0388342761271216,-1.4899716808532575,-1.7347497290356626,-2.295396991255416,"GARCH(1,1)-Student-t"
2024-07-05,-1.0484187693354603,-1.5037184581631038,-1.7507548776702413,-2.316574783881924,"GARCH(1,1)-Student-t"
2024-07-08,-1.0661307854062345,-1.529122319936569,-1.7803321796379816,-2.355711063202137,"GARCH(1,1)-Student-t"
2024-07-09,-1.015145183702306,-1.4559950614162498,-1.6951913051278045,-2.243053828609482,"GARCH(1,1)-Student-t"
2024-07-10,-0.9708682876971874,-1.3924899165825049,-1.6212533006620944,-2.1452200776370205,"GARCH(1,1)-Student-t"
2024-07-11,-1.2021938400207999,-1.724273849728107,-2.00754392317454,-2.6563545184293273,"GARCH(1,1)-Student-t"
2024-07-12,-1.3892710398871622,-1.9925935772724988,-2.3199442061020643,-3.0697182777641117,"GARCH(1,1)-Student-t"
2024-07-15,-1.3516345697586263,-1.9386126142377982,-2.257095051181278,-2.986557140054458,"GARCH(1,1)-Student-t"
2024-07-16,-1.274885540201209,-1.8285335735270465,-2.12893181928943,-2.8169733136672055,"GARCH(1,1)-Student-t"
2024-07-17,-1.278137072160536,-1.8331971571708674,-2.13436155367057,-2.824157863549633,"GARCH(1,1)-Student-t"
2024-07-18,-1.719676719241894,-2.4664854354300463,-2.8716887681599363,-3.7997790966196368,"GARCH(1,1)-Student-t"
2024-07-19,-1.7487463457953332,-2.508179208280013,-2.920232147932453,-3.8640110293360324,"GARCH(1,1)-Student-t"
2024-07-22,-1.749905572268001,-2.5098418552061523,-2.922167940633526,-3.866572443623849,"GARCH(1,1)-Student-t"
2024-07-23,-1.8088109153845335,-2.5943281829212745,-3.02053399415952,-3.996729053263875,"GARCH(1,1)-Student-t"
2024-07-24,-1.6837070063850066,-2.4148950569098178,-2.8116229318028574,-3.7203008077670296,"GARCH(1,1)-Student-t"
2024-07-25,-2.5442373059858037,-3.649130205273809,-4.248622786702511,-5.621719259179467,"GARCH(1,1)-Student-t"
2024-07-26,-2.382848156784837,-3.41765414847395,-3.9791189887633167,-5.265115539018968,"GARCH(1,1)-Student-t"
2024-07-29,-2.3386692932900077,-3.354289608997085,-3.90534468882158,-5.167498399621937,"GARCH(1,1)-Student-t"
2024-07-30,-2.1455870691439936,-3.0773570388413827,-3.582916613702971,-4.740866003526998,"GARCH(1,1)-Student-t"
2024-07-31,-2.031953173626645,-2.9143750404642246,-3.3931593309601515,-4.489781775879473,"GARCH(1,1)-Student-t"
2024-08-01,-2.229784012920172,-3.198118419866077,-3.7235171202109827,-4.926906660692503,"GARCH(1,1)-Student-t"
2024-08-02,-2.3809846601387243,-3.4149813860383245,-3.9760071350478663,-5.260997976966001,"GARCH(1,1)-Student-t"
2024-08-05,-2.7130476327429283,-3.891250254721351,-4.530519211695431,-5.994720733077437,"GARCH(1,1)-Student-t"
2024-08-06,-3.5967001004731585,-5.158648898461352,-6.006130783419436,-7.947229677338713,"GARCH(1,1)-Student-t"
2024-08-07,-3.367249251423177,-4.829553801111703,-5.62297072857374,-7.440237560642443,"GARCH(1,1)-Student-t"
2024-08-08,-3.1538073459493843,-4.523419895086837,-5.2665440143283115,-6.968618632685146,"GARCH(1,1)-Student-t"
2024-08-09,-3.401497797042068,-4.878675556386087,-5.680162387144857,-7.515912776964297,"GARCH(1,1)-Student-t"
2024-08-12,-3.116496042481442,-4.4699053097285155,-5.204237855330281,-6.886175979715106,"GARCH(1,1)-Student-t"
2024-08-13,-2.845806729631207,-4.081663008020784,-4.752213675043865,-6.2880637990140205,"GARCH(1,1)-Student-t"
2024-08-14,-2.9101780925621967,-4.173989098937489,-4.859707437011847,-6.430298066972198,"GARCH(1,1)-Student-t"
2024-08-15,-2.6696556957701594,-3.8290143825013594,-4.4580590006341705,-5.898842378020302,"GARCH(1,1)-Student-t"
2024-08-16,-2.742131571188472,-3.9329645547279832,-4.579086490901689,-6.058984289195978,"GARCH(1,1)-Student-t"
2024-08-19,-2.509142552929973,-3.5987947577424957,-4.190018046029971,-5.544174272048768,"GARCH(1,1)-Student-t"
2024-08-20,-2.4086943181955007,-3.4547245931499,-4.022279502941686,-5.322224937987508,"GARCH(1,1)-Student-t"
2024-08-21,-2.220402113978389,-3.1846622179894912,-3.7078502838145426,-4.906176518168215,"GARCH(1,1)-Student-t"
2024-08-22,-2.0554957956951103,-2.9481415814622918,-3.4324731639675843,-4.541801299208722,"GARCH(1,1)-Student-t"
2024-08-23,-2.061524007339439,-2.956787681078609,-3.442539676747231,-4.555121170519312,"GARCH(1,1)-Student-t"
2024-08-26,-2.0848988636226564,-2.990313600184639,-3.481573357609911,-4.606770000382296,"GARCH(1,1)-Student-t"
2024-08-27,-1.9465078742407667,-2.7918231770220445,-3.250474194973278,-4.3009827656480635,"GARCH(1,1)-Student-t"
2024-08-28,-1.7930148224726914,-2.571672277501485,-2.9941560929597264,-3.9618261770528513,"GARCH(1,1)-Student-t"
2024-08-29,-1.7526301277208378,-2.5137496108135,-2.92671767675811,-3.8725925919118565,"GARCH(1,1)-Student-t"
2024-08-30,-1.620887950912638,-2.3247953982609677,-2.7067213686148976,-3.581496501595737,"GARCH(1,1)-Student-t"
2024-09-03,-1.6816874033062252,-2.411998395273694,-2.808250395899694,-3.7158383146272698,"GARCH(1,1)-Student-t"
2024-09-04,-2.4144536157346552,-3.4629849965964827,-4.031896955960979,-5.334950619597096,"GARCH(1,1)-Student-t"
2024-09-05,-2.2232178910886344,-3.1887008103331147,-3.71255235101744,-4.912398228844724,"GARCH(1,1)-Student-t"
2024-09-06,-2.0680244847666924,-2.9661111386321486,-3.4533948263265954,-4.569484555200716,"GARCH(1,1)-Student-t"
2024-09-09,-2.431625076757579,-3.4876135550017895,-4.060571584861092,-5.372892494324625,"GARCH(1,1)-Student-t"
2024-09-10,-2.394163642109498,-3.433883640584771,-3.998014721751684,-5.290118113121213,"GARCH(1,1)-Student-t"
2024-09-11,-2.2147612607290124,-3.1765716959586303,-3.6984306209570876,-4.893712549781454,"GARCH(1,1)-Student-t"
2024-09-12,-2.185244807308316,-3.1342370515146496,-3.6491410848392203,-4.828493313247421,"GARCH(1,1)-Student-t"
2024-09-13,-2.0789475718790618,-2.9817778246849023,-3.4716352933999945,-4.593620090453198,"GARCH(1,1)-Student-t"
2024-09-16,-1.9476671684998985,-2.7934859211724605,-3.252410100870992,-4.303544329716119,"GARCH(1,1)-Student-t"
2024-09-17,-1.7953123868729544,-2.5749676114830424,-2.9979927965729893,-3.9669028505250052,"GARCH(1,1)-Student-t"
2024-09-18,-1.659625937639121,-2.3803562365218203,-2.771409946496332,-3.667091538477616,"GARCH(1,1)-Student-t"
2024-09-19,-1.5699787679219555,-2.2517777450176784,-2.6217081057412854,-3.4690081209661163,"GARCH(1,1)-Student-t"
2024-09-20,-1.9611159899112385,-2.812775199071968,-3.274868292553065,-4.333260700183417,"GARCH(1,1)-Student-t"
2024-09-23,-1.823416889106854,-2.6152771328333597,-3.044924514899324,-4.029002254973738,"GARCH(1,1)-Student-t"
2024-09-24,-1.6916711938984987,-2.426317873935405,-2.824922331378434,-3.7378983904386534,"GARCH(1,1)-Student-t"
2024-09-25,-1.5723631771696742,-2.2551976381963192,-2.6256898315963575,-3.4742766858747944,"GARCH(1,1)-Student-t"
2024-09-26,-1.4789878542684283,-2.1212719582196606,-2.469762346506587,-3.2679555813728527,"GARCH(1,1)-Student-t"
2024-09-27,-1.4009922663905532,-2.0094050128943843,-2.3395174864298256,-3.095617373190584,"GARCH(1,1)-Student-t"
2024-09-30,-1.3210981045306316,-1.8948149946668547,-2.2061021969817998,-2.9190840964529037,"GARCH(1,1)-Student-t"
2024-10-01,-1.267345157364674,-1.8177186079955723,-2.1163401312953933,-2.800312165230303,"GARCH(1,1)-Student-t"
2024-10-02,-1.4644445586959391,-2.100412905869105,-2.4454764920315917,-3.2358208726255793,"GARCH(1,1)-Student-t"
2024-10-03,-1.3670497845518403,-1.960722236555794,-2.2828369238746298,-3.0206184320901954,"GARCH(1,1)-Student-t"
2024-10-04,-1.2973973578141855,-1.8608216597970884,-2.1665243115681823,-2.866715182610115,"GARCH(1,1)-Student-t"
2024-10-07,-1.3842643569828461,-1.9854126284783813,-2.3115835445305097,-3.0586555653191763,"GARCH(1,1)-Student-t"
2024-10-08,-1.559822624664743,-2.237211065627439,-2.6047483584857565,-3.446567216568665,"GARCH(1,1)-Student-t"
2024-10-09,-1.61708735027191,-2.3193443003764918,-2.7003747442464223,-3.5730987354879282,"GARCH(1,1)-Student-t"
2024-10-10,-1.5835342181706447,-2.271219957751609,-2.644344356956963,-3.498960097360228,"GARCH(1,1)-Student-t"
2024-10-11,-1.4918102694401867,-2.1396627987272425,-2.4911745021852747,-3.296287851381895,"GARCH(1,1)-Student-t"
2024-10-14,-1.4512590742665388,-2.0815013250235244,-2.4234580468697886,-3.2066863687080485,"GARCH(1,1)-Student-t"
2024-10-15,-1.4624457890228355,-2.09754612501877,-2.4421387458400163,-3.231404412753886,"GARCH(1,1)-Student-t"
2024-10-16,-1.5357055866234617,-2.2026206554596746,-2.564475308039993,-3.3932784699128167,"GARCH(1,1)-Student-t"
2024-10-17,-1.4609724103660542,-2.0954328981795842,-2.439678350294398,-3.22814885119467,"GARCH(1,1)-Student-t"
2024-10-18,-1.3656083684936704,-1.9586548528004109,-2.280429902683858,-3.017433494743494,"GARCH(1,1)-Student-t"
2024-10-21,-1.301976792677082,-1.86738981837332,-2.1741715114826503,-2.8768338523994204,"GARCH(1,1)-Student-t"
2024-10-22,-1.2432239093533697,-1.7831221595825788,-2.0760600506191835,-2.7470141162701838,"GARCH(1,1)-Student-t"
2024-10-23,-1.1762379807518677,-1.6870460684046988,-1.9642002245034365,-2.5990027322585125,"GARCH(1,1)-Student-t"
2024-10-24,-1.3919659147805716,-1.9964587628626316,-2.3244443786498508,-3.075672844208726,"GARCH(1,1)-Student-t"
2024-10-25,-1.3053506741113743,-1.87222888453351,-2.179805557295768,-2.8842887443596656,"GARCH(1,1)-Student-t"
2024-10-28,-1.2295119153948926,-1.7634554204734991,-2.0531623870065747,-2.7167162425864806,"GARCH(1,1)-Student-t"
2024-10-29,-1.1670684457889418,-1.6738944543933783,-1.948888014791199,-2.578741826887177,"GARCH(1,1)-Student-t"
2024-10-30,-1.1051639407441172,-1.5851065104896682,-1.845513659689101,-2.441958301458278,"GARCH(1,1)-Student-t"
2024-10-31,-1.1065229697925236,-1.5870557288030374,-1.8477831027828193,-2.4449611973584506,"GARCH(1,1)-Student-t"
2024-11-01,-1.932285002190011,-2.7714236993931105,-3.2267234158517604,-4.26955606125203,"GARCH(1,1)-Student-t"
2024-11-04,-1.800302438793877,-2.5821247069110838,-3.0063256860594305,-3.977928815328743,"GARCH(1,1)-Student-t"
2024-11-05,-1.6927710587625786,-2.427895380124702,-2.8267589961081074,-3.7403286399575744,"GARCH(1,1)-Student-t"
2024-11-06,-1.820593475282708,-2.611227587359186,-3.040209695145154,-4.0227636702967144,"GARCH(1,1)-Student-t"
2024-11-07,-2.5991340432491135,-3.727867098898951,-4.340294867881333,-5.743018496641786,"GARCH(1,1)-Student-t"
2024-11-08,-2.43821618723052,-3.49706700506186,-4.071578082595847,-5.3874561408044315,"GARCH(1,1)-Student-t"
2024-11-11,-2.2473191083441724,-3.223268529179204,-3.7527989823274353,-4.965652018063347,"GARCH(1,1)-Student-t"
2024-11-12,-2.064818430033999,-2.9615127817346583,-3.448041034382467,-4.562400491306848,"GARCH(1,1)-Student-t"
2024-11-13,-1.9275712438841044,-2.7646628843645846,-3.218851909171795,-4.2591405918345,"GARCH(1,1)-Student-t"
2024-11-14,-1.7797375811505043,-2.5526290922461183,-2.9719844229298604,-3.9324889280965114,"GARCH(1,1)-Student-t"
2024-11-15,-1.7442203146476383,-2.5016876451965673,-2.9126741269010887,-3.8540103598187745,"GARCH(1,1)-Student-t"
2024-11-18,-1.992685504185476,-2.8580544927262626,-3.3275862357241275,-4.403016357794788,"GARCH(1,1)-Student-t"
2024-11-19,-1.85334654288395,-2.6582044192835794,-3.0949040544400415,-4.0951344945503765,"GARCH(1,1)-Student-t"
2024-11-20,-1.730396601482211,-2.4818606702747226,-2.8895899033448598,-3.823465632582592,"GARCH(1,1)-Student-t"
2024-11-21,-1.6046266595797833,-2.3014722714284708,-2.6795666324055705,-3.5455657279804136,"GARCH(1,1)-Student-t"
2024-11-22,-1.5333891534031143,-2.1992982584438847,-2.560607095377327,-3.3881601040996943,"GARCH(1,1)-Student-t"
2024-11-25,-1.4420686212418883,-2.0683197088065546,-2.4081109060788,-3.1863792430135596,"GARCH(1,1)-Student-t"
2024-11-26,-1.3567336745271206,-1.9459261211920398,-2.2656100480568595,-2.9978240668518037,"GARCH(1,1)-Student-t"
2024-11-27,-1.329525172470885,-1.906901708469189,-2.2201745607474814,-2.9377044547137774,"GARCH(1,1)-Student-t"
2024-11-29,-1.306735017552298,-1.8742144105899285,-2.1821172729025995,-2.887347574668006,"GARCH(1,1)-Student-t"
2024-12-02,-1.2847579089560968,-1.8426932428850527,-2.1454176914020926,-2.838787192990688,"GARCH(1,1)-Student-t"
2024-12-03,-1.2135379548796785,-1.7405444043993388,-2.0264874646323316,-2.6814203520410205,"GARCH(1,1)-Student-t"
2024-12-04,-1.1453335995998457,-1.6427207570542934,-1.912592987370914,-2.5307167456067967,"GARCH(1,1)-Student-t"
2024-12-05,-1.1631962313793194,-1.66834064283256,-1.9424218025644493,-2.5701858237694526,"GARCH(1,1)-Student-t"
2024-12-06,-1.1251174794766576,-1.6137253271070127,-1.8788340811509563,-2.48604742503083,"GARCH(1,1)-Student-t"
2024-12-09,-1.0748878242332502,-1.5416823019858996,-1.794955561905416,-2.375060521568853,"GARCH(1,1)-Student-t"
2024-12-10,-1.1802562282874127,-1.6928093312967754,-1.9709102974993646,-2.607881408593294,"GARCH(1,1)-Student-t"
2024-12-11,-1.161355434555602,-1.6657004381333382,-1.9393478552905312,-2.5661184189987645,"GARCH(1,1)-Student-t"
2024-12-12,-1.2483081389184751,-1.7904143314381378,-2.0845502073873097,-2.7582481749788577,"GARCH(1,1)-Student-t"
2024-12-13,-1.2870592074288332,-1.8459939325449581,-2.1492606305443136,-2.84387211722903,"GARCH(1,1)-Student-t"
2024-12-16,-1.2120066134073226,-1.7383480430739957,-2.023930276960267,-2.678036716470836,"GARCH(1,1)-Student-t"
2024-12-17,-1.1673293278545502,-1.6742686304277392,-1.9493236618458112,-2.5793182690803467,"GARCH(1,1)-Student-t"
2024-12-18,-1.1734277967126727,-1.683015498050401,-1.9595074971718855,-2.5927933799713605,"GARCH(1,1)-Student-t"
2024-12-19,-2.775301707367423,-3.980539576742982,-4.634477313163574,-6.1322766636722505,"GARCH(1,1)-Student-t"
2024-12-20,-2.5405927732754736,-3.643902951367074,-4.242536780226794,-5.613666339084251,"GARCH(1,1)-Student-t"
2024-12-23,-2.465949676005624,-3.5368443919230446,-4.117890245414721,-5.448735757923649,"GARCH(1,1)-Student-t"
2024-12-24,-2.319917791898264,-3.3273948417668984,-3.8740315499447893,-5.12606528476882,"GARCH(1,1)-Student-t"
2024-12-26,-2.284501828794543,-3.27659869142094,-3.8148904204984606,-5.047810555387185,"GARCH(1,1)-Student-t"
2024-12-27,-2.1015178537242614,-3.0141497646093303,-3.509325415121033,-4.643491141331883,"GARCH(1,1)-Student-t"
2024-12-30,-2.1732576375522688,-3.1170441807358014,-3.629123705778786,-4.802006592483566,"GARCH(1,1)-Student-t"
2021-12-29,-1.397351471932261,-1.7523351199863726,-1.9763008530079744,-2.264177768034846,"GJR-GARCH(1,1)-Normal"
2021-12-30,-1.283841074626344,-1.6099885023471365,-1.8157609319308865,-2.080252876421522,"GJR-GARCH(1,1)-Normal"
2021-12-31,-1.227161458990084,-1.5389099776797495,-1.7355978698952421,-1.9884129004368678,"GJR-GARCH(1,1)-Normal"
2022-01-03,-1.172519488139712,-1.4703867417797838,-1.658316687765524,-1.899874592011185,"GJR-GARCH(1,1)-Normal"
2022-01-04,-1.1117293673758364,-1.394153477849808,-1.5723400598853698,-1.8013742199040925,"GJR-GARCH(1,1)-Normal"
2022-01-05,-1.0460994719013035,-1.3118509411787522,-1.4795184462724482,-1.6950317905034158,"GJR-GARCH(1,1)-Normal"
2022-01-06,-2.0579043071872642,-2.580695024472899,-2.9105333335206387,-3.33449477434152,"GJR-GARCH(1,1)-Normal"
2022-01-07,-1.8604327131243754,-2.3330576788038146,-2.631245489602834,-3.0145246007120257,"GJR-GARCH(1,1)-Normal"
2022-01-10,-1.7331460088418165,-2.173435016430106,-2.451221474669539,-2.8082774740643024,"GJR-GARCH(1,1)-Normal"
2022-01-11,-1.584336068106327,-1.9868213472196659,-2.2407567356837625,-2.5671554899081133,"GJR-GARCH(1,1)-Normal"
2022-01-12,-1.4769818573552285,-1.8521948358828761,-2.0889236267322886,-2.393205684028961,"GJR-GARCH(1,1)-Normal"
2022-01-13,-1.3568173559746195,-1.7015037032834897,-1.9189726792792574,-2.1984989134004214,"GJR-GARCH(1,1)-Normal"
2022-01-14,-1.823104700101396,-2.28624684452672,-2.5784517684380397,-2.954040707497476,"GJR-GARCH(1,1)-Normal"
2022-01-18,-1.653709892913129,-2.07381892231696,-2.338873459998313,-2.6795643397688447,"GJR-GARCH(1,1)-Normal"
2022-01-19,-2.2755685879259824,-2.8536548138790665,-3.2183800795497213,-3.687183868848583,"GJR-GARCH(1,1)-Normal"
2022-01-20,-2.2423440485675665,-2.8119899011262186,-3.1713899794970577,-3.6333489784294244,"GJR-GARCH(1,1)-Normal"
2022-01-21,-2.269031133020043,-2.845456581682579,-3.209134032319211,-3.6765910005868205,"GJR-GARCH(1,1)-Normal"
2022-01-24,-2.6929924257055626,-3.3771211468333515,-3.80875057919853,-4.363550403920388,"GJR-GARCH(1,1)-Normal"
2022-01-25,-2.4152656427838637,-3.0288405565524,-3.4159562901337086,-3.9135399233004957,"GJR-GARCH(1,1)-Normal"
2022-01-26,-2.4508603207787925,-3.0734777187753513,-3.4662985224903595,-3.971215232766505,"GJR-GARCH(1,1)-Normal"
2022-01-27,-2.2092410420214628,-2.7704773954230806,-3.124571765620109,-3.579711011903252,"GJR-GARCH(1,1)-Normal"
2022-01-28,-2.058286012966246,-2.5811736989191254,-2.911073187288107,-3.335113265648869,"GJR-GARCH(1,1)-Normal"
2022-01-31,-2.026382454517262,-2.541165349519825,-2.865951375744494,-3.283418807087557,"GJR-GARCH(1,1)-Normal"
2022-02-01,-1.9347831402242033,-2.426296113950596,-2.736400717511035,-3.1349972144135316,"GJR-GARCH(1,1)-Normal"
2022-02-02,-1.764816752308716,-2.213151406449279,-2.496014011541082,-2.859594694316506,"GJR-GARCH(1,1)-Normal"
2022-02-03,-1.63220836855138,-2.0468551433185134,-2.3084634437707305,-2.6447246631258507,"GJR-GARCH(1,1)-Normal"
2022-02-04,-2.697193513312529,-3.3823894801794685,-3.814692257572209,-4.370357574022056,"GJR-GARCH(1,1)-Normal"
2022-02-07,-2.425856988857524,-3.0421225318217573,-3.430935833004861,-3.9307014540930196,"GJR-GARCH(1,1)-Normal"
2022-02-08,-2.214010013026705,-2.776457877461094,-3.131316612321131,-3.5874383434611032,"GJR-GARCH(1,1)-Normal"
2022-02-09,-2.0159554993897535,-2.5280895271290635,-2.8512043341256263,-3.266523644730619,"GJR-GARCH(1,1)-Normal"
2022-02-10,-1.8861451461578715,-2.3653021071598306,-2.667611074323435,-3.056187360873593,"GJR-GARCH(1,1)-Normal"
2022-02-11,-2.389552237872401,-2.996594909422205,-3.379589330867553,-3.8718755883708553,"GJR-GARCH(1,1)-Normal"
2022-02-14,-2.771999545318609,-3.47619926225943,-3.9204918561938253,-4.491568420387616,"GJR-GARCH(1,1)-Normal"
2022-02-15,-2.5164740782214516,-3.1557600177033707,-3.5590973117768328,-4.0775315131461785,"GJR-GARCH(1,1)-Normal"
2022-02-16,-2.3230832485520456,-2.9132401152164245,-3.285580970815699,-3.764173545680918,"GJR-GARCH(1,1)-Normal"
2022-02-17,-2.0936594232519194,-2.6255333825079354,-2.961102476501012,-3.3924300472583275,"GJR-GARCH(1,1)-Normal"
2022-02-18,-2.713809081039086,-3.4032260724403236,-3.838191972089845,-4.397280363173826,"GJR-GARCH(1,1)-Normal"
2022-02-22,-2.529933109039869,-3.1726381853353685,-3.5781326759077463,-4.099339654455263,"GJR-GARCH(1,1)-Normal"
2022-02-23,-2.4643151903219245,-3.09035066800026,-3.4853280012502252,-3.9930166314147937,"GJR-GARCH(1,1)-Normal"
2022-02-24,-2.790179838029334,-3.4989980827770646,-3.9462045911168846,-4.521026588499801,"GJR-GARCH(1,1)-Normal"
2022-02-25,-2.553443900150001,-3.2021216658973333,-3.6113844364412615,-4.1374350167243295,"GJR-GARCH(1,1)-Normal"
2022-02-28,-2.4143788111586937,-3.02772843391646,-3.4147020272424444,-3.912102958807287,"GJR-GARCH(1,1)-Normal"
2022-03-01,-2.189276058455566,-2.7454405005722142,-3.096334908362564,-3.547361046388437,"GJR-GARCH(1,1)-Normal"
2022-03-02,-2.437541055755469,-3.0567748230890555,-3.447460831790657,-3.949633558894096,"GJR-GARCH(1,1)-Normal"
2022-03-03,-2.2802030579675074,-2.8594666262823267,-3.224934698971019,-3.694693263761328,"GJR-GARCH(1,1)-Normal"
2022-03-04,-2.118063755690097,-2.6561373999439395,-2.995617989586612,-3.4319732459883117,"GJR-GARCH(1,1)-Normal"
2022-03-07,-2.0548846134275576,-2.576908206672921,-2.9062625230101813,-3.3296018582682665,"GJR-GARCH(1,1)-Normal"
2022-03-08,-3.2840422055544765,-4.118321415837451,-4.644683562093909,-5.3212491634781935,"GJR-GARCH(1,1)-Normal"
2022-03-09,-3.0194973489615182,-3.7865714929790504,-4.270532722992149,-4.892597822010412,"GJR-GARCH(1,1)-Normal"
2022-03-10,-2.8408534606271605,-3.562544849870899,-4.017873262583345,-4.603134842590758,"GJR-GARCH(1,1)-Normal"
2022-03-11,-2.585204872810672,-3.2419512069656657,-3.656304586183437,-4.1888984385147054,"GJR-GARCH(1,1)-Normal"
2022-03-14,-2.616375250147033,-3.281040117670574,-3.700389445687859,-4.239404897915828,"GJR-GARCH(1,1)-Normal"
2022-03-15,-2.4551959134387014,-3.0789147268842756,-3.4724304339272325,-3.978240346139196,"GJR-GARCH(1,1)-Normal"
2022-03-16,-2.3221890982489457,-2.9121188146630983,-3.284316356978573,-3.7627247224762876,"GJR-GARCH(1,1)-Normal"
2022-03-17,-2.2225155513080574,-2.7871241656099106,-3.143346157427263,-3.6012201664803167,"GJR-GARCH(1,1)-Normal"
2022-03-18,-2.047121274166075,-2.5671726660379988,-2.8952826841415518,-3.3170226464417283,"GJR-GARCH(1,1)-Normal"
2022-03-21,-1.8916926449104248,-2.372258894401581,-2.675457007674456,-3.0651761683397374,"GJR-GARCH(1,1)-Normal"
2022-03-22,-1.717215825504185,-2.1534579238438347,-2.4286911123726433,-2.782465237359167,"GJR-GARCH(1,1)-Normal"
2022-03-23,-1.607763122943372,-2.0161998191169572,-2.2738900664082755,-2.6051151713469016,"GJR-GARCH(1,1)-Normal"
2022-03-24,-1.8590701497897035,-2.3313489694114313,-2.6293183902762305,-3.0123167913871196,"GJR-GARCH(1,1)-Normal"
2022-03-25,-1.753441662213182,-2.19888658455744,-2.4799260045432723,-2.841163235502435,"GJR-GARCH(1,1)-Normal"
2022-03-28,-1.6039806217515316,-2.0114564100226895,-2.268540402789572,-2.598986251545295,"GJR-GARCH(1,1)-Normal"
2022-03-29,-1.483974109615365,-1.8609634023096877,-2.098812902539932,-2.404535476449761,"GJR-GARCH(1,1)-Normal"
2022-03-30,-1.4209768020703684,-1.7819622371103345,-2.009714608274552,-2.302458721922,"GJR-GARCH(1,1)-Normal"
2022-03-31,-1.4393069804533944,-1.8049490203079612,-2.0356393293642783,-2.332159755064056,"GJR-GARCH(1,1)-Normal"
2022-04-01,-1.9570724064457055,-2.454247753021512,-2.7679248520836803,-3.171113296915488,"GJR-GARCH(1,1)-Normal"
2022-04-04,-1.7775018275060004,-2.2290590025082233,-2.513954755467302,-2.880148768094255,"GJR-GARCH(1,1)-Normal"
2022-04-05,-1.638951334546168,-2.0553110947114734,-2.318000149256055,-2.655650528237584,"GJR-GARCH(1,1)-Normal"
2022-04-06,-1.8937655922572523,-2.374858454004653,-2.6783888166660126,-3.068535037880629,"GJR-GARCH(1,1)-Normal"
2022-04-07,-1.9430546024323423,-2.436668861260132,-2.7480992043598476,-3.148399755733298,"GJR-GARCH(1,1)-Normal"
2022-04-08,-1.7675406377036298,-2.216567268625833,-2.4998664546361753,-2.8640083016856743,"GJR-GARCH(1,1)-Normal"
2022-04-11,-1.6327640239513015,-2.0475519576071517,-2.3092493178066484,-2.6456250111259503,"GJR-GARCH(1,1)-Normal"
2022-04-12,-2.1496109198416984,-2.695698816516095,-3.0402357458742117,-3.4830902263267163,"GJR-GARCH(1,1)-Normal"
2022-04-13,-1.9734976306228231,-2.4748456467922266,-2.7911553600869374,-3.1977276657151945,"GJR-GARCH(1,1)-Normal"
2022-04-14,-1.8265657978939898,-2.2905872007917636,-2.5833468650957103,-2.959648846059887,"GJR-GARCH(1,1)-Normal"
2022-04-18,-2.003696745211353,-2.512716554827123,-2.8338665441520803,-3.246660353903611,"GJR-GARCH(1,1)-Normal"
2022-04-19,-1.8172983298084977,-2.278965421929568,-2.5702397081273527,-2.944632441363846,"GJR-GARCH(1,1)-Normal"
2022-04-20,-1.7355946052261126,-2.176505655081197,-2.4546845712634586,-2.8122450209611096,"GJR-GARCH(1,1)-Normal"
2022-04-21,-1.5851592713458917,-1.987853677293059,-2.2419210077350176,-2.5684893550888037,"GJR-GARCH(1,1)-Normal"
2022-04-22,-1.984278196545345,-2.4883649113858657,-2.806402520201298,-3.2151957960881887,"GJR-GARCH(1,1)-Normal"
2022-04-25,-3.112420415981801,-3.903100767873165,-4.401955589969459,-5.043164337816205,"GJR-GARCH(1,1)-Normal"
2022-04-26,-2.7966573780060466,-3.507121179235118,-3.9553658995196073,-4.531522374493105,"GJR-GARCH(1,1)-Normal"
2022-04-27,-3.603302672126634,-4.518686921034233,-5.096219732550575,-5.838558133443735,"GJR-GARCH(1,1)-Normal"
2022-04-28,-3.225554839749825,-4.044975899527758,-4.561963764497042,-5.226480026274156,"GJR-GARCH(1,1)-Normal"
2022-04-29,-3.0071569762242514,-3.7710961677115047,-4.253079498333236,-4.872602281760008,"GJR-GARCH(1,1)-Normal"
2022-05-02,-4.2918268665052794,-5.38212403832702,-6.070012640061185,-6.954198117355961,"GJR-GARCH(1,1)-Normal"
2022-05-03,-3.839021089836381,-4.81428732657088,-5.429600789032581,-6.220500981478057,"GJR-GARCH(1,1)-Normal"
2022-05-04,-3.438714505836141,-4.312286720427459,-4.863439548059749,-5.57187013512557,"GJR-GARCH(1,1)-Normal"
2022-05-05,-3.2371008259553005,-4.059455032036028,-4.578293473124425,-5.245188394069643,"GJR-GARCH(1,1)-Normal"
2022-05-06,-4.377019168364349,-5.488958621822105,-6.190501738341501,-7.092238202296286,"GJR-GARCH(1,1)-Normal"
2022-05-09,-3.950034993146393,-4.953503240021706,-5.5866098710096015,-6.4003807160087876,"GJR-GARCH(1,1)-Normal"
2022-05-10,-4.598817198226236,-5.767102299399032,-6.504194924641579,-7.451625355989826,"GJR-GARCH(1,1)-Normal"
2022-05-11,-4.110272224759284,-5.154447193010415,-5.813236445555153,-6.66001874174305,"GJR-GARCH(1,1)-Normal"
2022-05-12,-3.9772231007708494,-4.9875982238488055,-5.625062530465124,-6.444434563644636,"GJR-GARCH(1,1)-Normal"
2022-05-13,-3.5626943317026853,-4.467762423856119,-5.038786581742703,-5.7727590102943145,"GJR-GARCH(1,1)-Normal"
2022-05-16,-3.2892709150169765,-4.124878428448368,-4.652078625668416,-5.329721425438269,"GJR-GARCH(1,1)-Normal"
2022-05-17,-2.975013616802045,-3.73078709821735,-4.20761853169697,-4.820519265242285,"GJR-GARCH(1,1)-Normal"
2022-05-18,-2.7544089592880177,-3.4541399577095713,-3.8956131546821036,-4.463065774763251,"GJR-GARCH(1,1)-Normal"
2022-05-19,-4.4527796728354065,-5.58396535088,-6.297651265584941,-7.214995613988331,"GJR-GARCH(1,1)-Normal"
2022-05-20,-4.023908848668243,-5.046144035183091,-5.6910910746404495,-6.520081124010146,"GJR-GARCH(1,1)-Normal"
2022-05-23,-3.605663995478395,-4.521648115781616,-5.099559397229112,-5.84238426877446,"GJR-GARCH(1,1)-Normal"
2022-05-24,-3.291976446049149,-4.128271273513564,-4.65590510983802,-5.334105292587528,"GJR-GARCH(1,1)-Normal"
2022-05-25,-3.0517170529790705,-3.8269763016757845,-4.316101665246528,-4.944804542362829,"GJR-GARCH(1,1)-Normal"
2022-05-26,-2.7596728550940095,-3.4607410954147713,-3.903057982973687,-4.471595050394026,"GJR-GARCH(1,1)-Normal"
2022-05-27,-2.5702737685400163,-3.2232269998358247,-3.6351872404768177,-4.164705044783149,"GJR-GARCH(1,1)-Normal"
2022-05-31,-2.459461207375065,-3.084263577557771,-3.478462920537855,-3.9851515520160494,"GJR-GARCH(1,1)-Normal"
2022-06-01,-2.296596181988422,-2.880024265162127,-3.248119807110777,-3.721255619548214,"GJR-GARCH(1,1)-Normal"
2022-06-02,-2.1901612125843206,-2.746550519559973,-3.0975867987386354,-3.548795292775167,"GJR-GARCH(1,1)-Normal"
2022-06-03,-2.0741197660473185,-2.6010298640733285,-2.9334671664329313,-3.360769253015557,"GJR-GARCH(1,1)-Normal"
2022-06-06,-2.402024925851754,-3.0122361633413988,-3.397229691498376,-3.892085523664683,"GJR-GARCH(1,1)-Normal"
2022-06-07,-2.1714509893398057,-2.723087144773663,-3.071124572948747,-3.51847845956883,"GJR-GARCH(1,1)-Normal"
2022-06-08,-1.9900373202100152,-2.4955870848051207,-2.8145477587040544,-3.224527506847314,"GJR-GARCH(1,1)-Normal"
2022-06-09,-2.062667761377586,-2.586668588202434,-2.917270377685039,-3.3422131668099984,"GJR-GARCH(1,1)-Normal"
2022-06-10,-2.8605043080076746,-3.5871878052719124,-4.045665831039109,-4.6349758021887615,"GJR-GARCH(1,1)-Normal"
2022-06-13,-3.697583388420795,-4.636918742890243,-5.229562748804532,-5.991324496148786,"GJR-GARCH(1,1)-Normal"
2022-06-14,-4.86201622327777,-6.097164495208801,-6.876442328511226,-7.878095999246155,"GJR-GARCH(1,1)-Normal"
2022-06-15,-4.362703214151854,-5.471005837682563,-6.170254411101309,-7.069041557853415,"GJR-GARCH(1,1)-Normal"
2022-06-16,-3.9353579190799444,-4.935097597016432,-5.565851805068558,-6.376598936357386,"GJR-GARCH(1,1)-Normal"
2022-06-17,-4.611330211660607,-5.782794123065692,-6.521892318332983,-7.471900632037624,"GJR-GARCH(1,1)-Normal"
2022-06-21,-4.127568552923907,-5.1761374863249285,-5.837698972551587,-6.688044590991143,"GJR-GARCH(1,1)-Normal"
2022-06-22,-3.7862524127206063,-4.748113276589505,-5.354969041980567,-6.134998036818807,"GJR-GARCH(1,1)-Normal"
2022-06-23,-3.3987976681086858,-4.262229395528454,-4.806984402711768,-5.507191478131863,"GJR-GARCH(1,1)-Normal"
2022-06-24,-3.066664520217735,-3.84572102862765,-4.337242153411064,-4.969024449587326,"GJR-GARCH(1,1)-Normal"
2022-06-27,-2.9376781189920127,-3.6839668777153283,-4.154814224655012,-4.760023244163856,"GJR-GARCH(1,1)-Normal"
2022-06-28,-2.6591774324135216,-3.3347157810267025,-3.760925388879656,-4.308758780212277,"GJR-GARCH(1,1)-Normal"
2022-06-29,-3.0203370573309574,-3.7876245211511823,-4.27172033856356,-4.893958431033916,"GJR-GARCH(1,1)-Normal"
2022-06-30,-2.718252858662046,-3.4087987488574845,-3.844476891584501,-4.404480772449586,"GJR-GARCH(1,1)-Normal"
2022-07-01,-2.58049079375107,-3.236039561642024,-3.649637374208661,-4.1812600503082304,"GJR-GARCH(1,1)-Normal"
2022-07-05,-2.351565738294454,-2.948958306439465,-3.325864299601888,-3.810324726216668,"GJR-GARCH(1,1)-Normal"
2022-07-06,-2.123707235614105,-2.66321455144692,-3.003599670940071,-3.4411175751245024,"GJR-GARCH(1,1)-Normal"
2022-07-07,-1.9246279355385076,-2.4135610775772576,-2.7220380177279533,-3.118542378861385,"GJR-GARCH(1,1)-Normal"
2022-07-08,-1.8176176195228013,-2.2793658241126,-2.5706912856634343,-2.94514979772494,"GJR-GARCH(1,1)-Normal"
2022-07-11,-1.6563462654977612,-2.0771250398988395,-2.342602132055781,-2.6838361470516086,"GJR-GARCH(1,1)-Normal"
2022-07-12,-1.8511707301647664,-2.321442778510766,-2.618146090352688,-2.9995170837584952,"GJR-GARCH(1,1)-Normal"
2022-07-13,-1.8905629665743935,-2.3708422321929112,-2.6738592820456732,-3.063345710774229,"GJR-GARCH(1,1)-Normal"
2022-07-14,-1.7720316732068364,-2.2221992083313764,-2.5062182118527065,-2.87128528456798,"GJR-GARCH(1,1)-Normal"
2022-07-15,-1.642685384579531,-2.059993744098317,-2.32328128747671,-2.661700940921931,"GJR-GARCH(1,1)-Normal"
2022-07-18,-1.6309620115152001,-2.045292161312619,-2.306700697229698,-2.6427051469561285,"GJR-GARCH(1,1)-Normal"
2022-07-19,-1.6837358111739653,-2.111472635169566,-2.3813396891920195,-2.7282163918520683,"GJR-GARCH(1,1)-Normal"
2022-07-20,-1.7900538434791784,-2.2447997369320505,-2.531707311193643,-2.9004872413283285,"GJR-GARCH(1,1)-Normal"
2022-07-21,-1.6404385566905175,-2.0571761312803774,-2.3201035559161034,-2.658060326619024,"GJR-GARCH(1,1)-Normal"
2022-07-22,-1.5343876958059137,-1.9241840732579925,-2.170113799553194,-2.4862223843983453,"GJR-GARCH(1,1)-Normal"
2022-07-25,-1.6539705520201555,-2.0741457993530967,-2.3392421151476497,-2.679986694893536,"GJR-GARCH(1,1)-Normal"
2022-07-26,-1.5127333903986826,-1.8970287006647748,-2.1394877021774006,-2.451135151250416,"GJR-GARCH(1,1)-Normal"
2022-07-27,-1.7503551761566867,-2.195016006522648,-2.4755607284128405,-2.8361620935200222,"GJR-GARCH(1,1)-Normal"
2022-07-28,-1.817691636722962,-2.2794586446677214,-2.570795969602123,-2.9452697303993047,"GJR-GARCH(1,1)-Normal"
2022-07-29,-1.702783055094914,-2.1353586474807495,-2.408278569756097,-2.7590793115214574,"GJR-GARCH(1,1)-Normal"
2022-08-01,-1.6259297188422002,-2.038981463279894,-2.299583429668887,-2.6345511460327278,"GJR-GARCH(1,1)-Normal"
2022-08-02,-1.5133724957104593,-1.897830164509549,-2.1403916010161654,-2.4521707160796113,"GJR-GARCH(1,1)-Normal"
2022-08-03,-1.5257795774629674,-1.9133891455734886,-2.157939173508371,-2.4722743472951527,"GJR-GARCH(1,1)-Normal"
2022-08-04,-1.494812653819158,-1.8745553740070933,-2.1141420624439187,-2.422097551072373,"GJR-GARCH(1,1)-Normal"
2022-08-05,-1.3766346205127147,-1.7263553525139763,-1.9470006146967977,-2.2306095245757,"GJR-GARCH(1,1)-Normal"
2022-08-08,-1.2838875578564928,-1.6100467941930439,-1.815826674050345,-2.0803281948352517,"GJR-GARCH(1,1)-Normal"
2022-08-09,-1.2005562553736353,-1.505545978995135,-1.6979696227020495,-1.9453035526797817,"GJR-GARCH(1,1)-Normal"
2022-08-10,-1.1951287675755926,-1.4987396903320145,-1.690293423134213,-1.936509203186869,"GJR-GARCH(1,1)-Normal"
2022-08-11,-1.3229565329639028,-1.6590408651606858,-1.871082671114672,-2.14363303018622,"GJR-GARCH(1,1)-Normal"
2022-08-12,-1.2279321959566922,-1.5398765129301768,-1.7366879378954183,-1.9896617526690006,"GJR-GARCH(1,1)-Normal"
2022-08-15,-1.2904396904231692,-1.6182634327682455,-1.8250934801765362,-2.0909448458272686,"GJR-GARCH(1,1)-Normal"
2022-08-16,-1.2016086970487025,-1.5068657833149515,-1.6994581110472906,-1.9470088609652811,"GJR-GARCH(1,1)-Normal"
2022-08-17,-1.120790017312659,-1.4055158984097846,-1.5851547099992658,-1.8160555098751348,"GJR-GARCH(1,1)-Normal"
2022-08-18,-1.2543605819066193,-1.5730187751275124,-1.7740661084885625,-2.0324845965381417,"GJR-GARCH(1,1)-Normal"
2022-08-19,-1.1685092518075877,-1.4653577436319452,-1.6526449339919498,-1.893376664946918,"GJR-GARCH(1,1)-Normal"
2022-08-22,-1.6132809718322916,-2.023119424233529,-2.2816940653913385,-2.6140559360955096,"GJR-GARCH(1,1)-Normal"
2022-08-23,-2.45450087451295,-3.0780431200310137,-3.471447427110818,-3.977114150106763,"GJR-GARCH(1,1)-Normal"
2022-08-24,-2.2254122562362437,-2.7907567504533497,-3.1474430224862524,-3.605913799421417,"GJR-GARCH(1,1)-Normal"
2022-08-25,-2.0143002410557656,-2.5260137663991697,-2.848863270675867,-3.2638415713972817,"GJR-GARCH(1,1)-Normal"
2022-08-26,-1.8876773335770551,-2.3672235319974373,-2.6697780762297723,-3.0586700180723443,"GJR-GARCH(1,1)-Normal"
2022-08-29,-3.535503866299546,-4.43366448327943,-5.000330587635794,-5.728701342266687,"GJR-GARCH(1,1)-Normal"
2022-08-30,-3.2309454622325378,-4.051735957598176,-4.5695878247458905,-5.23521464159921,"GJR-GARCH(1,1)-Normal"
2022-08-31,-3.0759272724154707,-3.8573368935763437,-4.350342640609373,-4.984033212964465,"GJR-GARCH(1,1)-Normal"
2022-09-01,-2.859913338209602,-3.5864467053032825,-4.044830011175966,-4.63401823302649,"GJR-GARCH(1,1)-Normal"
2022-09-02,-2.5747274726992675,-3.2288121245299672,-3.6414861992611827,-4.171921538375012,"GJR-GARCH(1,1)-Normal"
2022-09-06,-2.525572230219248,-3.167169467360776,-3.5719650017712317,-4.092273569026455,"GJR-GARCH(1,1)-Normal"
2022-09-07,-2.3129072148080545,-2.9004789583636654,-3.27118881209798,-3.7476849600725632,"GJR-GARCH(1,1)-Normal"
2022-09-08,-2.1808627766507436,-2.734889905766924,-3.084435843351758,-3.5337287097849983,"GJR-GARCH(1,1)-Normal"
2022-09-09,-1.985685417853244,-2.4901296236783392,-2.8083927801516637,-3.2174759662987973,"GJR-GARCH(1,1)-Normal"
2022-09-12,-1.8748886044120345,-2.351185949681178,-2.6516907325189103,-3.037947990122699,"GJR-GARCH(1,1)-Normal"
2022-09-13,-1.7414627059644374,-2.183864490147342,-2.4629839381211407,-2.8217533111079915,"GJR-GARCH(1,1)-Normal"
2022-09-14,-4.226335328289585,-5.299995007240375,-5.977386707759767,-6.848079873091092,"GJR-GARCH(1,1)-Normal"
2022-09-15,-3.7975970077778904,-4.762339856473099,-5.371013919263831,-6.153380083449167,"GJR-GARCH(1,1)-Normal"
2022-09-16,-3.569151330435134,-4.475859760765158,-5.047918838271666,-5.783221512586614,"GJR-GARCH(1,1)-Normal"
2022-09-19,-3.282320066734573,-4.116161784280019,-4.64224790829661,-5.318458721339751,"GJR-GARCH(1,1)-Normal"
2022-09-20,-2.967485241220226,-3.7213462115160056,-4.196971006444401,-4.808320773335162,"GJR-GARCH(1,1)-Normal"
2022-09-21,-2.8683883985705947,-3.5970747729103794,-4.05681645077771,-4.647750671598712,"GJR-GARCH(1,1)-Normal"
2022-09-22,-3.0150051107117872,-3.7809380449808425,-4.264179264708256,-4.885318890275584,"GJR-GARCH(1,1)-Normal"
2022-09-23,-2.8291697813247882,-3.547893044664086,-4.001348811981364,-4.58420336582443,"GJR-GARCH(1,1)-Normal"
2022-09-26,-2.990013188640203,-3.7495971664390675,-4.228832712390904,-4.844823599383098,"GJR-GARCH(1,1)-Normal"
2022-09-27,-2.858629585732076,-3.5848368279052734,-4.043014375548605,-4.6319381237070685,"GJR-GARCH(1,1)-Normal"
2022-09-28,-2.5914225411416365,-3.249748413895795,-3.6650983531583377,-4.198973145334542,"GJR-GARCH(1,1)-Normal"
2022-09-29,-2.438409675416951,-3.0578641071877946,-3.4486893371541303,-3.9510410139015932,"GJR-GARCH(1,1)-Normal"
2022-09-30,-2.9110556706342536,-3.650581253429396,-4.117161587895096,-4.716885954145518,"GJR-GARCH(1,1)-Normal"
2022-10-03,-2.9592746441332958,-3.7110497915239833,-4.185358602298029,-4.7950168539133635,"GJR-GARCH(1,1)-Normal"
2022-10-04,-2.81339338720936,-3.528108809966868,-3.9790359567162557,-4.558640319208452,"GJR-GARCH(1,1)-Normal"
2022-10-05,-2.7472969391173665,-3.4452211974911062,-3.8855544888330376,-4.45154191818196,"GJR-GARCH(1,1)-Normal"
2022-10-06,-2.491799130829274,-3.12481663819747,-3.52419906279753,-4.037549827482269,"GJR-GARCH(1,1)-Normal"
2022-10-07,-2.4421516425987426,-3.0625566849981736,-3.453981672748894,-3.957104255020174,"GJR-GARCH(1,1)-Normal"
2022-10-10,-3.348978871212674,-4.199754614351438,-4.736524727548387,-5.426468328210093,"GJR-GARCH(1,1)-Normal"
2022-10-11,-3.0972555827523642,-3.8840834551995447,-4.380507676936086,-5.018592224826932,"GJR-GARCH(1,1)-Normal"
2022-10-12,-2.860449224502649,-3.5871187283343438,-4.045587925386769,-4.634886548446972,"GJR-GARCH(1,1)-Normal"
2022-10-13,-2.6052094458264454,-3.267037748583859,-3.684597435555446,-4.221312552208459,"GJR-GARCH(1,1)-Normal"
2022-10-14,-2.5175931313457576,-3.1571633554678775,-3.560680009965907,-4.079344754307187,"GJR-GARCH(1,1)-Normal"
2022-10-17,-3.11441361378451,-3.905600318330529,-4.404774607658874,-5.046393986364075,"GJR-GARCH(1,1)-Normal"
2022-10-18,-2.9527288354634975,-3.702841083370595,-4.176100740179875,-4.78441044975402,"GJR-GARCH(1,1)-Normal"
2022-10-19,-2.6944358700446194,-3.378931284268264,-3.8107920700731217,-4.365889267583206,"GJR-GARCH(1,1)-Normal"
2022-10-20,-2.514876436678313,-3.15375651075367,-3.556837736853897,-4.074942798326806,"GJR-GARCH(1,1)-Normal"
2022-10-21,-2.3924941197268286,-3.00028414795375,-3.383750090515456,-3.87664242307549,"GJR-GARCH(1,1)-Normal"
2022-10-24,-2.3142446763262745,-2.90215618906552,-3.2730804094465467,-3.7498520960408444,"GJR-GARCH(1,1)-Normal"
2022-10-25,-2.137309382673114,-2.680272192618444,-3.0228374471012023,-3.4631576127150185,"GJR-GARCH(1,1)-Normal"
2022-10-26,-2.020161143675853,-2.5333635747346466,-2.857152457097561,-3.2733381981798537,"GJR-GARCH(1,1)-Normal"
2022-10-27,-1.9614834487036388,-2.4597793779702672,-2.7741634733268765,-3.1782606639272135,"GJR-GARCH(1,1)-Normal"
2022-10-28,-1.8754617292943108,-2.351904671405471,-2.6525013139771003,-3.0388766445398754,"GJR-GARCH(1,1)-Normal"
2022-10-31,-1.908342511721015,-2.3931384990975624,-2.699005232041184,-3.0921545335044804,"GJR-GARCH(1,1)-Normal"
2022-11-01,-1.8713695632552663,-2.3467729300998155,-2.6467136854555293,-3.0322459638880703,"GJR-GARCH(1,1)-Normal"
2022-11-02,-1.7530206587602395,-2.1983586292426565,-2.479330571325587,-2.8404810687909343,"GJR-GARCH(1,1)-Normal"
2022-11-03,-2.7535798998413754,-3.453100283716243,-3.8944406000854226,-4.461722420564132,"GJR-GARCH(1,1)-Normal"
2022-11-04,-2.6699659996700285,-3.3482450796159613,-3.776183865433364,-4.326239875428325,"GJR-GARCH(1,1)-Normal"
2022-11-07,-2.4612838298489126,-3.086549219671121,-3.4810406902845004,-3.988104811355377,"GJR-GARCH(1,1)-Normal"
2022-11-08,-2.255389326835905,-2.828349206368152,-3.1898401655005784,-3.654486701920105,"GJR-GARCH(1,1)-Normal"
2022-11-09,-2.057738927204956,-2.5804876313030607,-2.9102994334556436,-3.334226803335841,"GJR-GARCH(1,1)-Normal"
2022-11-10,-2.637763307012848,-3.3078616038514332,-3.730638982670594,-4.274060719181813,"GJR-GARCH(1,1)-Normal"
2022-11-11,-3.053664785586159,-3.8294188369436113,-4.318856380642146,-4.947960522054143,"GJR-GARCH(1,1)-Normal"
2022-11-14,-2.768634682731345,-3.471979588824344,-3.91573286682355,-4.48611621511528,"GJR-GARCH(1,1)-Normal"
2022-11-15,-2.6317673227218568,-3.3003423976509616,-3.722158747663919,-4.264345214813842,"GJR-GARCH(1,1)-Normal"
2022-11-16,-2.3972024376690437,-3.0061885686037653,-3.3904091544319708,-3.8842714763407096,"GJR-GARCH(1,1)-Normal"
2022-11-17,-2.302027277834279,-2.886835078462768,-3.2558011096094908,-3.7300558152879804,"GJR-GARCH(1,1)-Normal"
2022-11-18,-2.110807693311948,-2.6470380049860913,-2.9853556020946623,-3.4202159927488234,"GJR-GARCH(1,1)-Normal"
2022-11-21,-1.9251887341050622,-2.414264341604348,-2.7228311658425897,-3.119451060515388,"GJR-GARCH(1,1)-Normal"
2022-11-22,-1.7954128039199355,-2.251520089524495,-2.5392865912123335,-2.909170553532496,"GJR-GARCH(1,1)-Normal"
2022-11-23,-1.703239226949563,-2.1359307053900927,-2.4089237423154497,-2.7598184628319515,"GJR-GARCH(1,1)-Normal"
2022-11-25,-1.5712596874565383,-1.9704230383366121,-2.222262560988617,-2.5459673701341585,"GJR-GARCH(1,1)-Normal"
2022-11-28,-1.4448868320275792,-1.8119463792932669,-2.0435310199283356,-2.3412009849457074,"GJR-GARCH(1,1)-Normal"
2022-11-29,-1.934278908352897,-2.425663786841451,-2.735687572752975,-3.134180189766635,"GJR-GARCH(1,1)-Normal"
2022-11-30,-1.7738480561964676,-2.2244770258797955,-2.5087871569777533,-2.8742284338514406,"GJR-GARCH(1,1)-Normal"
2022-12-01,-1.9260596366637805,-2.415356488548322,-2.72406289995119,-3.1208622145816216,"GJR-GARCH(1,1)-Normal"
2022-12-02,-1.7591128529696534,-2.205998486562284,-2.4879468778559017,-2.8503524654757153,"GJR-GARCH(1,1)-Normal"
2022-12-05,-1.6154695921362199,-2.0258640423914684,-2.2847894728535594,-2.6176022345997594,"GJR-GARCH(1,1)-Normal"
2022-12-06,-2.1949916335694684,-2.752608062351901,-3.104418555318914,-3.5566221938981153,"GJR-GARCH(1,1)-Normal"
2022-12-07,-2.384329598205488,-2.990045508579831,-3.3722028519207776,-3.863413161514189,"GJR-GARCH(1,1)-Normal"
2022-12-08,-2.1728592066765753,-2.724853106126523,-3.0731162416017526,-3.520760243680072,"GJR-GARCH(1,1)-Normal"
2022-12-09,-1.9918062533157936,-2.4978053982848896,-2.817049594552862,-3.2273937714140275,"GJR-GARCH(1,1)-Normal"
2022-12-12,-1.9397301333242134,-2.4324998428774993,-2.743397344257959,-3.143013001436804,"GJR-GARCH(1,1)-Normal"
2022-12-13,-1.8328292516999583,-2.2984418245546987,-2.5922053873416524,-2.9697977406962357,"GJR-GARCH(1,1)-Normal"
2022-12-14,-1.6927807976157399,-2.1228154130748305,-2.394132186125956,-2.7428723017108263,"GJR-GARCH(1,1)-Normal"
2022-12-15,-1.6528523985468293,-2.0727435897872137,-2.3376606893521243,-2.6781749114686715,"GJR-GARCH(1,1)-Normal"
2022-12-16,-2.702336354197491,-3.388838810129907,-3.821965875578838,-4.378690700103908,"GJR-GARCH(1,1)-Normal"
2022-12-19,-2.6487195580048164,-3.321601184609926,-3.7461346175313457,-4.291813518255851,"GJR-GARCH(1,1)-Normal"
2022-12-20,-2.5378202566779335,-3.1825289866694,-3.5892876193260643,-4.112119477351661,"GJR-GARCH(1,1)-Normal"
2022-12-21,-2.3021649642952355,-2.887007742839575,-3.2559958421987516,-3.730278913506374,"GJR-GARCH(1,1)-Normal"
2022-12-22,-2.1502815973228797,-2.696539873135037,-3.0411842978346706,-3.484176948653141,"GJR-GARCH(1,1)-Normal"
2022-12-23,-2.351335523024082,-2.948669607202707,-3.3255387017517046,-3.809951700311942,"GJR-GARCH(1,1)-Normal"
2022-12-27,-2.144901509250457,-2.6897930256401192,-3.0335751366033277,-3.4754594026038252,"GJR-GARCH(1,1)-Normal"
2022-12-28,-1.9918613094263662,-2.497874440868709,-2.8171274614607036,-3.22748298076762,"GJR-GARCH(1,1)-Normal"
2022-12-29,-2.1177360898568596,-2.655726493769842,-2.9951545655456773,-3.4314423175069217,"GJR-GARCH(1,1)-Normal"
2022-12-30,-2.014860235516138,-2.5267160220446665,-2.8496552815277845,-3.2647489501297375,"GJR-GARCH(1,1)-Normal"
2023-01-03,-1.8563484719578105,-2.3279358756079667,-2.6254690693796454,-3.0079067610100063,"GJR-GARCH(1,1)-Normal"
2023-01-04,-1.741051187669986,-2.183348429603972,-2.4624019199441185,-2.821086513532612,"GJR-GARCH(1,1)-Normal"
2023-01-05,-1.6147529654141604,-2.024965363570707,-2.2837759340048573,-2.616441059101212,"GJR-GARCH(1,1)-Normal"
2023-01-06,-1.8208412717157378,-2.283408414016264,-2.575250558478234,-2.9503731948256213,"GJR-GARCH(1,1)-Normal"
2023-01-09,-1.8316261637802216,-2.2969331037664555,-2.590503837137729,-2.9678483349986897,"GJR-GARCH(1,1)-Normal"
2023-01-10,-1.6792542599942857,-2.105852589188357,-2.375001345835246,-2.7209547767529623,"GJR-GARCH(1,1)-Normal"
2023-01-11,-1.5581270567832848,-1.9539541896548054,-2.2036888308118416,-2.5246881064675337,"GJR-GARCH(1,1)-Normal"
2023-01-12,-1.4967531132598861,-1.8769887884308782,-2.1168864912615555,-2.4252417457962636,"GJR-GARCH(1,1)-Normal"
2023-01-13,-1.3852180641251814,-1.7371193370909914,-1.9591403427994252,-2.2445175803447,"GJR-GARCH(1,1)-Normal"
2023-01-17,-1.2897600677071337,-1.6174111584639126,-1.824132276799717,-2.0898436292219924,"GJR-GARCH(1,1)-Normal"
2023-01-18,-1.2197029494307357,-1.5295567057892296,-1.7250491574915363,-1.976327614904803,"GJR-GARCH(1,1)-Normal"
2023-01-19,-1.8042140463506045,-2.2625572026063234,-2.551734356339892,-2.92343151639179,"GJR-GARCH(1,1)-Normal"
2023-01-20,-1.7951726332139726,-2.2512189057698677,-2.53894691319961,-2.908781396485112,"GJR-GARCH(1,1)-Normal"
2023-01-23,-1.7597434318051968,-2.206789257861873,-2.4888387175366153,-2.851374214555391,"GJR-GARCH(1,1)-Normal"
2023-01-24,-1.659687223031749,-2.081314735432701,-2.3473273120530176,-2.6892496181248116,"GJR-GARCH(1,1)-Normal"
2023-01-25,-1.5282764489730147,-1.9165203231798635,-2.161470546533895,-2.4763201160771984,"GJR-GARCH(1,1)-Normal"
2023-01-26,-1.4109672325667895,-1.769409833130818,-1.9955578831087557,-2.286239864180888,"GJR-GARCH(1,1)-Normal"
2023-01-27,-1.3555240531060078,-1.699881849309762,-1.9171435363515295,-2.1964033292462086,"GJR-GARCH(1,1)-Normal"
2023-01-30,-1.2608542879396438,-1.581162144472378,-1.783250280853231,-2.043006576961432,"GJR-GARCH(1,1)-Normal"
2023-01-31,-1.658105213791056,-2.07933083202093,-2.345089846193748,-2.6866862328752514,"GJR-GARCH(1,1)-Normal"
2023-02-01,-1.5982359690183687,-2.004252383735354,-2.2604156308014014,-2.5896779885457772,"GJR-GARCH(1,1)-Normal"
2023-02-02,-1.5102462135169035,-1.8939096805133642,-2.135970040449643,-2.4471050910157444,"GJR-GARCH(1,1)-Normal"
2023-02-03,-1.4762069399918638,-1.8512230582462637,-2.087827646317203,-2.3919500581528395,"GJR-GARCH(1,1)-Normal"
2023-02-06,-1.6569510669055196,-2.077883485264032,-2.3434575142284566,-2.6848161280578395,"GJR-GARCH(1,1)-Normal"
2023-02-07,-1.6262908144185082,-2.039434291700479,-2.3000941340334005,-2.6351362419033335,"GJR-GARCH(1,1)-Normal"
2023-02-08,-1.5548404419704573,-1.9498326420856593,-2.199040508762187,-2.5193626888179512,"GJR-GARCH(1,1)-Normal"
2023-02-09,-1.7496960743773844,-2.194189466300867,-2.474628548188453,-2.835094127710744,"GJR-GARCH(1,1)-Normal"
2023-02-10,-1.7956335062041195,-2.251796859092786,-2.5395987346646107,-2.9095281652109044,"GJR-GARCH(1,1)-Normal"
2023-02-13,-1.6462773758906044,-2.0644982461162495,-2.3283615093354637,-2.6675211708589712,"GJR-GARCH(1,1)-Normal"
2023-02-14,-1.5594944877082209,-1.955669003201756,-2.2056228144642462,-2.5269038029202537,"GJR-GARCH(1,1)-Normal"
2023-02-15,-1.4389022346402183,-1.8044414527293369,-2.0350668896367665,-2.3315039311784367,"GJR-GARCH(1,1)-Normal"
2023-02-16,-1.3344027344968585,-1.6733948636639429,-1.8872712523754773,-2.162179713365025,"GJR-GARCH(1,1)-Normal"
2023-02-17,-1.7535007758483931,-2.1989607154408515,-2.480009610085642,-2.841259019405999,"GJR-GARCH(1,1)-Normal"
2023-02-21,-1.6319468001901825,-2.046527126040963,-2.3080935026458684,-2.644300834704626,"GJR-GARCH(1,1)-Normal"
2023-02-22,-2.337850410533337,-2.931758732101382,-3.3064664498138905,-3.7881012979512727,"GJR-GARCH(1,1)-Normal"
2023-02-23,-2.1322166598108123,-2.6738857126903635,-3.0156347119704456,-3.4549056946291254,"GJR-GARCH(1,1)-Normal"
2023-02-24,-1.9507385798189287,-2.446304878902191,-2.758966800214315,-3.1608503747208987,"GJR-GARCH(1,1)-Normal"
2023-02-27,-2.0216132809184706,-2.5351846134213276,-2.85920624251155,-3.2756911472602486,"GJR-GARCH(1,1)-Normal"
2023-02-28,-1.8480845284550387,-2.317572557058292,-2.613781216379316,-2.9945164025131574,"GJR-GARCH(1,1)-Normal"
2023-03-01,-1.718557306121694,-2.1551401946583435,-2.4305883940100337,-2.784638885615475,"GJR-GARCH(1,1)-Normal"
2023-03-02,-1.6395282423732538,-2.0560345604011756,-2.318816081005281,-2.6565853122933714,"GJR-GARCH(1,1)-Normal"
2023-03-03,-1.527949399789785,-1.9161101903097535,-2.1610079946328344,-2.475790186775518,"GJR-GARCH(1,1)-Normal"
2023-03-06,-1.5077322512184754,-1.8907570703688559,-2.1324144955959614,-2.443031629427796,"GJR-GARCH(1,1)-Normal"
2023-03-07,-1.3929075734046785,-1.746762291949937,-1.9700157625156034,-2.256977162853072,"GJR-GARCH(1,1)-Normal"
2023-03-08,-1.8823719238226648,-2.3605703341261237,-2.662274533968741,-3.0500734759299477,"GJR-GARCH(1,1)-Normal"
2023-03-09,-1.7237406513734095,-2.161640318718782,-2.437919298115523,-2.7930376423482777,"GJR-GARCH(1,1)-Normal"
2023-03-10,-2.2821298353872357,-2.8618828828997955,-3.227659777045256,-3.6978152890250704,"GJR-GARCH(1,1)-Normal"
2023-03-13,-2.4487349874837596,-3.0708124650797917,-3.4632926230525523,-3.967771480430077,"GJR-GARCH(1,1)-Normal"
2023-03-14,-2.2320290287474593,-2.7990544501268118,-3.1568012501195573,-3.616635188790494,"GJR-GARCH(1,1)-Normal"
2023-03-15,-2.1049751028231114,-2.6397237012054156,-2.9771064580604887,-3.410765241108927,"GJR-GARCH(1,1)-Normal"
2023-03-16,-2.0247141615875552,-2.5390732428810368,-2.8635918772172646,-3.28071561334004,"GJR-GARCH(1,1)-Normal"
2023-03-17,-1.9378266139797928,-2.4301127528247806,-2.7407051605234733,-3.139928662051022,"GJR-GARCH(1,1)-Normal"
2023-03-20,-2.0310643668134474,-2.54703665642442,-2.872573093651919,-3.2910050743552,"GJR-GARCH(1,1)-Normal"
2023-03-21,-1.8776875739344852,-2.354695970382827,-2.6556493685284415,-3.0424832589462087,"GJR-GARCH(1,1)-Normal"
2023-03-22,-1.771049848693367,-2.220967960781154,-2.504829598706731,-2.869694399754702,"GJR-GARCH(1,1)-Normal"
2023-03-23,-2.189455289339578,-2.7456652633315834,-3.0965883980221616,-3.5476514604976117,"GJR-GARCH(1,1)-Normal"
2023-03-24,-1.9981154569029302,-2.5057173941191198,-2.8259728215873725,-3.2376167960309097,"GJR-GARCH(1,1)-Normal"
2023-03-27,-1.8351968638947882,-2.3014109057650054,-2.595553946450954,-2.973634066060712,"GJR-GARCH(1,1)-Normal"
2023-03-28,-1.6828646267842788,-2.110380134798188,-2.3801075564845027,-2.726804781125198,"GJR-GARCH(1,1)-Normal"
2023-03-29,-1.5569995892693138,-1.9525402999061918,-2.202094231990889,-2.522861231174817,"GJR-GARCH(1,1)-Normal"
2023-03-30,-1.510659520319005,-1.894427983917482,-2.136554588147165,-2.447774786573013,"GJR-GARCH(1,1)-Normal"
2023-03-31,-1.4075053476137878,-1.7650684897348656,-1.9906616731550983,-2.280630450154765,"GJR-GARCH(1,1)-Normal"
2023-04-03,-1.3891480043788618,-1.7420476407170287,-1.9646985322969315,-2.2508854008471424,"GJR-GARCH(1,1)-Normal"
2023-04-04,-1.2942119779120582,-1.622994033466955,-1.8304286983602431,-2.097057216006525,"GJR-GARCH(1,1)-Normal"
2023-04-05,-1.3206230049746186,-1.6561145269192126,-1.8677823179477173,-2.139851932659541,"GJR-GARCH(1,1)-Normal"
2023-04-06,-1.2552187134540818,-1.5740949067081427,-1.7752797803122287,-2.033875057285377,"GJR-GARCH(1,1)-Normal"
2023-04-10,-1.1778436754171002,-1.4770634874224893,-1.6658467874356708,-1.9085015600349469,"GJR-GARCH(1,1)-Normal"
2023-04-11,-1.1059474560485543,-1.3869027277823012,-1.5641625923565146,-1.7920055854932535,"GJR-GARCH(1,1)-Normal"
2023-04-12,-1.044373154314164,-1.30968606927862,-1.4770768823649023,-1.692234577361354,"GJR-GARCH(1,1)-Normal"
2023-04-13,-1.066244463623571,-1.3371135735198842,-1.5080098925007213,-1.7276734295691638,"GJR-GARCH(1,1)-Normal"
2023-04-14,-1.0985870418819752,-1.3776724714718354,-1.5537526181387988,-1.7800792473784397,"GJR-GARCH(1,1)-Normal"
2023-04-17,-1.0596677777566028,-1.3288661441155483,-1.4987083601733666,-1.717016994000561,"GJR-GARCH(1,1)-Normal"
2023-04-18,-1.009075092622178,-1.2654208758661276,-1.427154160105959,-1.635039885730048,"GJR-GARCH(1,1)-Normal"
2023-04-19,-0.9612083328991404,-1.20539402805622,-1.3594552883678734,-1.5574796903391912,"GJR-GARCH(1,1)-Normal"
2023-04-20,-0.9213670470815452,-1.1554314483002146,-1.303106997527797,-1.4929234527639863,"GJR-GARCH(1,1)-Normal"
2023-04-21,-1.044307726656888,-1.3096040203568091,-1.476984346780633,-1.692128562625624,"GJR-GARCH(1,1)-Normal"
2023-04-24,-0.9914059135719494,-1.2432630124989186,-1.4021643029867399,-1.6064098930699806,"GJR-GARCH(1,1)-Normal"
2023-04-25,-0.9461848403987942,-1.1865539623590733,-1.338207276224918,-1.533136596707576,"GJR-GARCH(1,1)-Normal"
2023-04-26,-1.6755365663321014,-2.101190451350847,-2.3697433407424846,-2.714930866872478,"GJR-GARCH(1,1)-Normal"
2023-04-27,-1.583835184081396,-1.9861932184449396,-2.2400483258487194,-2.5663438898945214,"GJR-GARCH(1,1)-Normal"
2023-04-28,-1.593350509761724,-1.9981258207305266,-2.253506032543426,-2.5817619069745184,"GJR-GARCH(1,1)-Normal"
2023-05-01,-1.4916486980480408,-1.870587645824759,-2.10966721941771,-2.4169708821849083,"GJR-GARCH(1,1)-Normal"
2023-05-02,-1.3811863138497362,-1.7320633595902786,-1.9534381614452525,-2.2379847934809134,"GJR-GARCH(1,1)-Normal"
2023-05-03,-1.6520157521691794,-2.0716944014763174,-2.3364774044141345,-2.6768192638982278,"GJR-GARCH(1,1)-Normal"
2023-05-04,-1.65012416316683,-2.0693222725538685,-2.333802093990112,-2.673754255665577,"GJR-GARCH(1,1)-Normal"
2023-05-05,-1.6561084933655734,-2.0768268640524927,-2.3422658463917205,-2.683450876497727,"GJR-GARCH(1,1)-Normal"
2023-05-08,-1.6369640140889412,-2.0528189146824576,-2.3151894440085155,-2.652430402959445,"GJR-GARCH(1,1)-Normal"
2023-05-09,-1.5071042739672411,-1.8899695615609475,-2.131526335385583,-2.442014095786736,"GJR-GARCH(1,1)-Normal"
2023-05-10,-1.4585828322546472,-1.8291217161239108,-2.0629015344160924,-2.363393096127475,"GJR-GARCH(1,1)-Normal"
2023-05-11,-1.357696843855312,-1.702606616567582,-1.9202165557725632,-2.1999239785659994,"GJR-GARCH(1,1)-Normal"
2023-05-12,-1.275860448960187,-1.5999804757946376,-1.804473780753557,-2.0673215877863624,"GJR-GARCH(1,1)-Normal"
2023-05-15,-1.2038925891098324,-1.5097298761000268,-1.702688263173833,-1.9507095316506962,"GJR-GARCH(1,1)-Normal"
2023-05-16,-1.1321883281426846,-1.4198098400394843,-1.6012755585249983,-1.8345245940625279,"GJR-GARCH(1,1)-Normal"
2023-05-17,-1.218091331184388,-1.5275356714898343,-1.7227698150505284,-1.973716253141328,"GJR-GARCH(1,1)-Normal"
2023-05-18,-1.2020161559266695,-1.5073767531862783,-1.7000343879141109,-1.9476690809252641,"GJR-GARCH(1,1)-Normal"
2023-05-19,-1.166041892901214,-1.4622635760212215,-1.649155301205003,-1.8893787164752647,"GJR-GARCH(1,1)-Normal"
2023-05-22,-1.1079987407772187,-1.389475121588249,-1.5670637634938063,-1.7953293543315467,"GJR-GARCH(1,1)-Normal"
2023-05-23,-1.046609201530194,-1.3124901626977072,-1.4802393666139761,-1.6958577233604133,"GJR-GARCH(1,1)-Normal"
2023-05-24,-1.4158750406730412,-1.7755644224946854,-2.002499089771223,-2.294192158379706,"GJR-GARCH(1,1)-Normal"
2023-05-25,-1.4738517640460718,-1.8482695725939735,-2.0844966760322428,-2.388133883680358,"GJR-GARCH(1,1)-Normal"
2023-05-26,-1.3917753312481165,-1.7453424146068879,-1.9684144108265176,-2.2551425510389267,"GJR-GARCH(1,1)-Normal"
2023-05-30,-1.357485978749976,-1.7023421832184338,-1.9199183252300576,-2.1995823064146856,"GJR-GARCH(1,1)-Normal"
2023-05-31,-1.263083049908328,-1.5839571018973808,-1.7864024614379566,-2.0466179184178226,"GJR-GARCH(1,1)-Normal"
2023-06-01,-1.3081676178081145,-1.640494968917308,-1.8501664261866644,-2.1196700304816525,"GJR-GARCH(1,1)-Normal"
2023-06-02,-1.258447950699796,-1.5781445004933115,-1.7798469521737543,-2.0391075040436335,"GJR-GARCH(1,1)-Normal"
2023-06-05,-1.2645897674734106,-1.585846586510399,-1.7885334408435867,-2.0490593059155935,"GJR-GARCH(1,1)-Normal"
2023-06-06,-1.199647142970723,-1.5044059153650198,-1.696683847681631,-1.9438304858582525,"GJR-GARCH(1,1)-Normal"
2023-06-07,-1.1271747441766522,-1.4135226034800736,-1.5941847510454774,-1.8264009075154566,"GJR-GARCH(1,1)-Normal"
2023-06-08,-1.1239570016681073,-1.4094874245590543,-1.5896338364100897,-1.8211870860843793,"GJR-GARCH(1,1)-Normal"
2023-06-09,-1.077077558431128,-1.3506987114545614,-1.523331345219618,-1.7452266743432696,"GJR-GARCH(1,1)-Normal"
2023-06-12,-1.020296380963484,-1.279492824153249,-1.4430246423476996,-1.6532221341488804,"GJR-GARCH(1,1)-Normal"
2023-06-13,-1.0142873554766871,-1.271957263767109,-1.4345259629289264,-1.6434854986723768,"GJR-GARCH(1,1)-Normal"
2023-06-14,-0.9896938572749673,-1.2411160248319955,-1.3997429090940174,-1.603635787998269,"GJR-GARCH(1,1)-Normal"
2023-06-15,-0.9453091644971199,-1.185455829450459,-1.3369687910862833,-1.531717708225759,"GJR-GARCH(1,1)-Normal"
2023-06-16,-0.986892001481818,-1.237602384630448,-1.395780190976757,-1.5990958424487676,"GJR-GARCH(1,1)-Normal"
2023-06-20,-1.0069527615057754,-1.2627593870236893,-1.4241525067066805,-1.6316009979293125,"GJR-GARCH(1,1)-Normal"
2023-06-21,-1.0583896569792235,-1.3272633290967262,-1.496900689566995,-1.7149460099230875,"GJR-GARCH(1,1)-Normal"
2023-06-22,-1.1169417793161251,-1.4006900527103718,-1.5797120735632006,-1.809820074415357,"GJR-GARCH(1,1)-Normal"
2023-06-23,-1.0599957189286862,-1.329277395575667,-1.4991721736312853,-1.7175483686231732,"GJR-GARCH(1,1)-Normal"
2023-06-26,-1.2239944883449312,-1.5349384687237433,-1.7311187628751508,-1.9832813464428976,"GJR-GARCH(1,1)-Normal"
2023-06-27,-1.222337750404788,-1.5328608525080376,-1.7287756067901696,-1.9805968756516334,"GJR-GARCH(1,1)-Normal"
2023-06-28,-1.2008098750073566,-1.5058640282477498,-1.6983283217899532,-1.9457145014981307,"GJR-GARCH(1,1)-Normal"
2023-06-29,-1.128802325151843,-1.4155636556854323,-1.5964866698785118,-1.829038134250265,"GJR-GARCH(1,1)-Normal"
2023-06-30,-1.0730151256173166,-1.3456042568128936,-1.5175857689659065,-1.7386441714827345,"GJR-GARCH(1,1)-Normal"
2023-07-03,-1.0875061915535356,-1.3637766381186225,-1.5380807600586934,-1.7621245556143974,"GJR-GARCH(1,1)-Normal"
2023-07-05,-1.0293504093662016,-1.2908469410423213,-1.4558299274995492,-1.6678926950151753,"GJR-GARCH(1,1)-Normal"
2023-07-06,-1.0009059292255356,-1.2551764153933098,-1.4156003564184578,-1.6218031027748299,"GJR-GARCH(1,1)-Normal"
2023-07-07,-1.1966638926537663,-1.5006647991125102,-1.692464579827721,-1.938996620377869,"GJR-GARCH(1,1)-Normal"
2023-07-10,-1.1584865270019926,-1.452788842372968,-1.638469603031464,-1.8771364912069644,"GJR-GARCH(1,1)-Normal"
2023-07-11,-1.0924725483292115,-1.370004649876012,-1.5451047732216368,-1.7701717182828316,"GJR-GARCH(1,1)-Normal"
2023-07-12,-1.0539135835592366,-1.3216501524471647,-1.4905700935102892,-1.707693270630795,"GJR-GARCH(1,1)-Normal"
2023-07-13,-1.0260443469860911,-1.2867010054392176,-1.4511541003843602,-1.6625357657878912,"GJR-GARCH(1,1)-Normal"
2023-07-14,-1.0111604831792778,-1.2680360397568846,-1.4301035677672622,-1.6384189174424673,"GJR-GARCH(1,1)-Normal"
2023-07-17,-0.972086360842547,-1.219035513956017,-1.3748402908782804,-1.5751057418546803,"GJR-GARCH(1,1)-Normal"
2023-07-18,-0.9374323695361648,-1.175578010791187,-1.3258284896567665,-1.5189546601364319,"GJR-GARCH(1,1)-Normal"
2023-07-19,-0.9272903591907625,-1.1628595206528842,-1.3114844508809544,-1.5025212038382212,"GJR-GARCH(1,1)-Normal"
2023-07-20,-0.8949024305378094,-1.1222437514765706,-1.2656775853144255,-1.450041903188606,"GJR-GARCH(1,1)-Normal"
2023-07-21,-1.0646961625857745,-1.3351719415544558,-1.5058201007960765,-1.7251646629070752,"GJR-GARCH(1,1)-Normal"
2023-07-24,-1.0098399276589385,-1.2663800098584208,-1.4282358808941222,-1.6362791748575374,"GJR-GARCH(1,1)-Normal"
2023-07-25,-0.970010843661604,-1.2164327316772876,-1.3719048473212931,-1.571742708321129,"GJR-GARCH(1,1)-Normal"
2023-07-26,-0.9322009719883158,-1.169017627212795,-1.3184296242718527,-1.5104780425770623,"GJR-GARCH(1,1)-Normal"
2023-07-27,-0.8982753127154767,-1.1264734818015616,-1.2704479169444496,-1.455507102885512,"GJR-GARCH(1,1)-Normal"
2023-07-28,-1.050123453894538,-1.3168971769401727,-1.4852096407968451,-1.7015519901461413,"GJR-GARCH(1,1)-Normal"
2023-07-31,-1.0432255980282081,-1.3082469873994842,-1.475453871610369,-1.6903751515243903,"GJR-GARCH(1,1)-Normal"
2023-08-01,-0.9918956785071897,-1.2438771974865888,-1.4028569868810434,-1.607203476431224,"GJR-GARCH(1,1)-Normal"
2023-08-02,-0.9842659078877644,-1.2343091573174456,-1.3920660566918228,-1.5948406905761947,"GJR-GARCH(1,1)-Normal"
2023-08-03,-1.55212610880036,-1.9464287587843965,-2.195201575560941,-2.5149645592548318,"GJR-GARCH(1,1)-Normal"
2023-08-04,-1.4558216901808163,-1.8256591325689264,-2.0589963984890214,-2.3589191204502544,"GJR-GARCH(1,1)-Normal"
2023-08-07,-1.4363139285991615,-1.8011956125322786,-2.031406199009152,-2.327310007807871,"GJR-GARCH(1,1)-Normal"
2023-08-08,-1.3611945700160601,-1.7069929062840115,-1.9251634566303095,-2.2055914673624213,"GJR-GARCH(1,1)-Normal"
2023-08-09,-1.3281504598574052,-1.665554259026826,-1.8784285410380746,-2.152048932725618,"GJR-GARCH(1,1)-Normal"
2023-08-10,-1.3944495270195771,-1.7486959639909736,-1.9721965769389131,-2.2594756445624493,"GJR-GARCH(1,1)-Normal"
2023-08-11,-1.2960914498534306,-1.6253509671060928,-1.833086871393691,-2.1001025905388295,"GJR-GARCH(1,1)-Normal"
2023-08-14,-1.2169988347960246,-1.5261656369435936,-1.7212246765598915,-1.9719460427941988,"GJR-GARCH(1,1)-Normal"
2023-08-15,-1.1544757628475097,-1.4477591823145977,-1.6327971027486556,-1.8706377088935542,"GJR-GARCH(1,1)-Normal"
2023-08-16,-1.4980435802500374,-1.8786070860986068,-2.1187116233522585,-2.4273327348768015,"GJR-GARCH(1,1)-Normal"
2023-08-17,-1.5468638679179088,-1.9398296964200823,-2.187759087859303,-2.5064379651549133,"GJR-GARCH(1,1)-Normal"
2023-08-18,-1.5912765198573744,-1.9955249537182613,-2.2505727490428704,-2.5784013481409818,"GJR-GARCH(1,1)-Normal"
2023-08-21,-1.4697389196630213,-1.843111899810696,-2.078679801734131,-2.3814696971800116,"GJR-GARCH(1,1)-Normal"
2023-08-22,-1.3782534685476138,-1.7283854532598908,-1.949290182365723,-2.2332326010200085,"GJR-GARCH(1,1)-Normal"
2023-08-23,-1.3110647494823755,-1.6441280889175414,-1.8542638948007713,-2.124364354894437,"GJR-GARCH(1,1)-Normal"
2023-08-24,-1.2705284549809557,-1.5932939402328703,-1.7969326399160146,-2.058681970288857,"GJR-GARCH(1,1)-Normal"
2023-08-25,-1.6838173508466217,-2.1115748892086805,-2.3814550123071134,-2.728348513453361,"GJR-GARCH(1,1)-Normal"
2023-08-28,-1.5641974080154195,-1.9615666549997004,-2.212274244402552,-2.5345241102074922,"GJR-GARCH(1,1)-Normal"
2023-08-29,-1.457942614042067,-1.8283188566566302,-2.061996061580483,-2.3623557280259404,"GJR-GARCH(1,1)-Normal"
2023-08-30,-1.4257567276247618,-1.7879564565949297,-2.0164749482034887,-2.3102038035213734,"GJR-GARCH(1,1)-Normal"
2023-08-31,-1.3286360607599164,-1.6661632221494616,-1.8791153356614252,-2.152835768958082,"GJR-GARCH(1,1)-Normal"
2023-09-01,-1.2511338712858033,-1.5689723498318993,-1.7695025100808472,-2.0272562437591297,"GJR-GARCH(1,1)-Normal"
2023-09-05,-1.1725000702136814,-1.4703623909171524,-1.658289224622178,-1.8998431284622475,"GJR-GARCH(1,1)-Normal"
2023-09-06,-1.1718722000788022,-1.4695750164374748,-1.6574012159085048,-1.8988257683855871,"GJR-GARCH(1,1)-Normal"
2023-09-07,-1.2716213474683156,-1.5946644715032325,-1.798478338617021,-2.0604528224491303,"GJR-GARCH(1,1)-Normal"
2023-09-08,-1.2292540094591167,-1.541534120388927,-1.738557403956628,-1.9918035336065762,"GJR-GARCH(1,1)-Normal"
2023-09-11,-1.1531107909594003,-1.4460474524990339,-1.6308665969589617,-1.868425996904747,"GJR-GARCH(1,1)-Normal"
2023-09-12,-1.1053552665332524,-1.3861600982390583,-1.5633250474240183,-1.79104603998023,"GJR-GARCH(1,1)-Normal"
2023-09-13,-1.1690227297659967,-1.4660016657073376,-1.6533711556674469,-1.8942086713541524,"GJR-GARCH(1,1)-Normal"
2023-09-14,-1.1007162538329267,-1.3803425891583954,-1.5567640032336896,-1.7835292844375572,"GJR-GARCH(1,1)-Normal"
2023-09-15,-1.0727451385730975,-1.3452656821671944,-1.5172039211369894,-1.738206701973125,"GJR-GARCH(1,1)-Normal"
2023-09-18,-1.4831101933562532,-1.859880016467273,-2.0975910492881877,-2.4031356425306547,"GJR-GARCH(1,1)-Normal"
2023-09-19,-1.3743185248644956,-1.7234508751314823,-1.9437249164224801,-2.2268566732847583,"GJR-GARCH(1,1)-Normal"
2023-09-20,-1.2978247526389668,-1.6275245987268225,-1.835538314600631,-2.102911122043689,"GJR-GARCH(1,1)-Normal"
2023-09-21,-1.4746117862516175,-1.8492226711017565,-2.0855715899413734,-2.3893653744080483,"GJR-GARCH(1,1)-Normal"
2023-09-22,-1.9912952949470373,-2.497164635876571,-2.816326936381093,-3.2265658475865813,"GJR-GARCH(1,1)-Normal"
2023-09-25,-1.8374431381700767,-2.304227824328999,-2.5987308950251045,-2.9772737833238168,"GJR-GARCH(1,1)-Normal"
2023-09-26,-1.691166301496803,-2.1207907698071042,-2.391848773454825,-2.7402562768291117,"GJR-GARCH(1,1)-Normal"
2023-09-27,-2.0299419150541635,-2.545629056634538,-2.870985588708538,-3.289186326266326,"GJR-GARCH(1,1)-Normal"
2023-09-28,-1.8580655294867598,-2.3300891350215442,-2.6278975366101793,-3.0106889697538866,"GJR-GARCH(1,1)-Normal"
2023-09-29,-1.7150042306200246,-2.1506844946354073,-2.425563211523167,-2.778881712334006,"GJR-GARCH(1,1)-Normal"
2023-10-02,-1.6015811611498323,-2.0084473896252892,-2.2651467998706587,-2.5950983210863026,"GJR-GARCH(1,1)-Normal"
2023-10-03,-1.4794646760363217,-1.855308390674801,-2.0924351245736466,-2.39722868251768,"GJR-GARCH(1,1)-Normal"
2023-10-04,-1.8304707087554266,-2.295484116550152,-2.5888696550461203,-2.9659761105571985,"GJR-GARCH(1,1)-Normal"
2023-10-05,-1.6998181716794454,-2.1316405640636935,-2.4040852785614653,-2.754275206577956,"GJR-GARCH(1,1)-Normal"
2023-10-06,-1.5730216980095548,-1.9726326706559367,-2.224754606138947,-2.548822417845001,"GJR-GARCH(1,1)-Normal"
2023-10-09,-1.499261590814014,-1.8801345204847595,-2.1204342789367057,-2.429306320259993,"GJR-GARCH(1,1)-Normal"
2023-10-10,-1.4022171516872717,-1.7584368786981743,-1.9831824767393282,-2.2720618001834922,"GJR-GARCH(1,1)-Normal"
2023-10-11,-1.3131865826815587,-1.6467889533516984,-1.857264843986224,-2.1278024359023777,"GJR-GARCH(1,1)-Normal"
2023-10-12,-1.232424469630447,-1.5455100053515396,-1.7430414462801842,-1.996940741802621,"GJR-GARCH(1,1)-Normal"
2023-10-13,-1.2875390956427675,-1.6146259698931977,-1.8209911136253265,-2.0862449100217253,"GJR-GARCH(1,1)-Normal"
2023-10-16,-1.2895062916549003,-1.6170929130561735,-1.8237733564861265,-2.0894324269532234,"GJR-GARCH(1,1)-Normal"
2023-10-17,-1.2487299459024945,-1.5659577304182355,-1.7661025925361002,-2.0233610788573633,"GJR-GARCH(1,1)-Normal"
2023-10-18,-1.1708602352909991,-1.468305971767271,-1.6559699747973593,-1.897186046225056,"GJR-GARCH(1,1)-Normal"
2023-10-19,-1.6150800820335875,-2.025375581008529,-2.284238581282219,-2.6169710976721356,"GJR-GARCH(1,1)-Normal"
2023-10-20,-1.6729470344328066,-2.097943073878102,-2.36608091636017,-2.7107349572006667,"GJR-GARCH(1,1)-Normal"
2023-10-23,-1.9009032566259862,-2.3838093730820935,-2.6884837515938065,-3.08010044665859,"GJR-GARCH(1,1)-Normal"
2023-10-24,-1.7531150432901936,-2.1984769912510305,-2.479464061167481,-2.8406340033665662,"GJR-GARCH(1,1)-Normal"
2023-10-25,-1.6285291726628641,-2.042241283242322,-2.303259886813938,-2.6387631325429233,"GJR-GARCH(1,1)-Normal"
2023-10-26,-1.9618988882254165,-2.460300355890901,-2.774751037370536,-3.178933815205232,"GJR-GARCH(1,1)-Normal"
2023-10-27,-2.0803944497341154,-2.6088985705598757,-2.9423415713136336,-3.3709363438230335,"GJR-GARCH(1,1)-Normal"
2023-10-30,-1.954740629550656,-2.451323610722855,-2.764626975522719,-3.1673350367484248,"GJR-GARCH(1,1)-Normal"
2023-10-31,-1.8306547553718775,-2.295714918432284,-2.5891299556880067,-2.966274327767128,"GJR-GARCH(1,1)-Normal"
2023-11-01,-1.6938874435608788,-2.1242031917361115,-2.3956973366047625,-2.7446654390827754,"GJR-GARCH(1,1)-Normal"
2023-11-02,-1.5944313817015423,-1.9994812777493196,-2.255034730354651,-2.5835132818185618,"GJR-GARCH(1,1)-Normal"
2023-11-03,-1.5856607125249664,-1.988482504761559,-2.242630205563799,-2.569301857878863,"GJR-GARCH(1,1)-Normal"
2023-11-06,-1.4937312964002842,-1.8731993081779788,-2.1126126780104006,-2.4203453895895306,"GJR-GARCH(1,1)-Normal"
2023-11-07,-1.3853008513196583,-1.7372231555727986,-1.9592574303084371,-2.244651723349504,"GJR-GARCH(1,1)-Normal"
2023-11-08,-1.2917748021040647,-1.6199377166792948,-1.8269817541053324,-2.093108174271434,"GJR-GARCH(1,1)-Normal"
2023-11-09,-1.2076888940158923,-1.5144905956088177,-1.7080574496489793,-1.956860818096258,"GJR-GARCH(1,1)-Normal"
2023-11-10,-1.3457003107091483,-1.6875624800190054,-1.903249630008985,-2.18048557370607,"GJR-GARCH(1,1)-Normal"
2023-11-13,-1.3440136540998238,-1.6854473445851195,-1.9008641593792295,-2.177752624642181,"GJR-GARCH(1,1)-Normal"
2023-11-14,-1.257794875048028,-1.5773255172785738,-1.7789232948165374,-2.038049302580881,"GJR-GARCH(1,1)-Normal"
2023-11-15,-1.3207711031564933,-1.656300248014097,-1.8679917760325635,-2.1400919013557655,"GJR-GARCH(1,1)-Normal"
2023-11-16,-1.2324284325426975,-1.54551497500338,-1.7430470511026064,-1.9969471630488107,"GJR-GARCH(1,1)-Normal"
2023-11-17,-1.1556157837387808,-1.449188814504794,-1.6344094560506854,-1.8724849248653113,"GJR-GARCH(1,1)-Normal"
2023-11-20,-1.0893908249025495,-1.3661400443711724,-1.5407462329694657,-1.7651782933571527,"GJR-GARCH(1,1)-Normal"
2023-11-21,-1.0559912452312707,-1.3242556240042385,-1.4935085700619508,-1.7110597789587338,"GJR-GARCH(1,1)-Normal"
2023-11-22,-1.0244754924315147,-1.2847335985345445,-1.4489352394487023,-1.6599936955392085,"GJR-GARCH(1,1)-Normal"
2023-11-24,-0.9833606672162,-1.2331739489946398,-1.3907857575349356,-1.593373897257229,"GJR-GARCH(1,1)-Normal"
2023-11-27,-0.9413739052923928,-1.1805208556452234,-1.331403078894808,-1.5253412692397417,"GJR-GARCH(1,1)-Normal"
2023-11-28,-0.9278804877448107,-1.1635995656675686,-1.3123190809566199,-1.5034774099031927,"GJR-GARCH(1,1)-Normal"
2023-11-29,-0.8944295026258559,-1.1216506807953683,-1.2650087143434645,-1.449275601448753,"GJR-GARCH(1,1)-Normal"
2023-11-30,-0.8736399856730438,-1.095579787812668,-1.2356057037818826,-1.4155896154686827,"GJR-GARCH(1,1)-Normal"
2023-12-01,-0.8550033669197006,-1.072208716027757,-1.2092475782284842,-1.3853920462098106,"GJR-GARCH(1,1)-Normal"
2023-12-04,-0.8504159030497782,-1.066455851260085,-1.202759440532723,-1.377958817051238,"GJR-GARCH(1,1)-Normal"
2023-12-05,-0.9668899558166728,-1.2125190124119056,-1.367490916084973,-1.5666858239101855,"GJR-GARCH(1,1)-Normal"
2023-12-06,-0.9311495486952751,-1.1676990999851253,-1.316942576243746,-1.5087743844118016,"GJR-GARCH(1,1)-Normal"
2023-12-07,-0.9697082274760732,-1.2160532387720069,-1.3714768514751432,-1.57125236866551,"GJR-GARCH(1,1)-Normal"
2023-12-08,-0.959589838371398,-1.2033643706225416,-1.357166220670866,-1.5548571866949699,"GJR-GARCH(1,1)-Normal"
2023-12-11,-0.9283548735613463,-1.164194464619934,-1.312990013869853,-1.5042460739371495,"GJR-GARCH(1,1)-Normal"
2023-12-12,-0.9013238503795947,-1.1302964710213377,-1.2747595219393564,-1.4604467557522087,"GJR-GARCH(1,1)-Normal"
2023-12-13,-0.8814950360812521,-1.105430337925542,-1.2467152514754891,-1.4283174300939212,"GJR-GARCH(1,1)-Normal"
2023-12-14,-0.9511558979595457,-1.1927878690905938,-1.3452379377979007,-1.5411913762235063,"GJR-GARCH(1,1)-Normal"
2023-12-15,-0.9162829594046807,-1.149055797243047,-1.2959164753045938,-1.4846855265729626,"GJR-GARCH(1,1)-Normal"
2023-12-18,-0.8852647370569707,-1.1101576950323864,-1.2520468115042598,-1.4344256092548584,"GJR-GARCH(1,1)-Normal"
2023-12-19,-0.8678289259267434,-1.0882924844517603,-1.2273870110877583,-1.4061737508486656,"GJR-GARCH(1,1)-Normal"
2023-12-20,-0.8607103349095461,-1.0793654841266345,-1.2173190519650272,-1.3946392472934626,"GJR-GARCH(1,1)-Normal"
2023-12-21,-1.5411344344811,-1.9326447557443758,-2.1796558408124023,-2.497154362516903,"GJR-GARCH(1,1)-Normal"
2023-12-22,-1.4604807736955332,-1.8315018112605645,-2.065585829215163,-2.3664683974398524,"GJR-GARCH(1,1)-Normal"
2023-12-26,-1.355755134007895,-1.7001716340833632,-1.917470358480884,-2.1967777577641443,"GJR-GARCH(1,1)-Normal"
2023-12-27,-1.269695679909352,-1.5922496066959382,-1.7957548302400435,-2.057332595531845,"GJR-GARCH(1,1)-Normal"
2023-12-28,-1.1895259497497856,-1.4917135307406335,-1.682369250962212,-1.9274307602794454,"GJR-GARCH(1,1)-Normal"
2023-12-29,-1.119545715663596,-1.4039554939422565,-1.5833948704314569,-1.814039324121495,"GJR-GARCH(1,1)-Normal"
2024-01-02,-1.094228780438431,-1.3722070357936917,-1.547588645808632,-1.7730174029778245,"GJR-GARCH(1,1)-Normal"
2024-01-03,-1.158418027589315,-1.4527029413459578,-1.6383727230049105,-1.8770254991978506,"GJR-GARCH(1,1)-Normal"
2024-01-04,-1.3065420603244173,-1.6384564542519175,-1.8478673692162648,-2.117036082481326,"GJR-GARCH(1,1)-Normal"
2024-01-05,-1.2639376944516776,-1.5850288606341751,-1.787611201525162,-2.048002729049573,"GJR-GARCH(1,1)-Normal"
2024-01-08,-1.1849715306562838,-1.486002105455738,-1.67592784912435,-1.920051074735077,"GJR-GARCH(1,1)-Normal"
2024-01-09,-1.1953896797796364,-1.4990668847620219,-1.6906624362434912,-1.9369319684135646,"GJR-GARCH(1,1)-Normal"
2024-01-10,-1.1361145497098646,-1.424733480282625,-1.6068284886132222,-1.8408863890463594,"GJR-GARCH(1,1)-Normal"
2024-01-11,-1.0859644918651468,-1.3618432845116735,-1.5359003047684923,-1.7596264853510803,"GJR-GARCH(1,1)-Normal"
2024-01-12,-1.0342933073862575,-1.2970455345737526,-1.4628207624967455,-1.6759018466362763,"GJR-GARCH(1,1)-Normal"
2024-01-16,-0.9857511832480905,-1.2361717525406437,-1.3941667099780755,-1.5972473345149671,"GJR-GARCH(1,1)-Normal"
2024-01-17,-1.0076532686519928,-1.2636378512460233,-1.4251432473316525,-1.6327360543118146,"GJR-GARCH(1,1)-Normal"
2024-01-18,-1.0905691190186153,-1.3676176727293408,-1.542412716823707,-1.7670875247820237,"GJR-GARCH(1,1)-Normal"
2024-01-19,-1.0668702891728223,-1.3378983840066985,-1.5088950095179232,-1.7286874767317744,"GJR-GARCH(1,1)-Normal"
2024-01-22,-1.079889589645525,-1.3542251120448665,-1.5273084546293307,-1.74978310748593,"GJR-GARCH(1,1)-Normal"
2024-01-23,-1.026079929544813,-1.2867456274033835,-1.451204425476198,-1.662593421460073,"GJR-GARCH(1,1)-Normal"
2024-01-24,-0.9816536293531057,-1.2310332546462737,-1.3883714613090297,-1.5906079237305637,"GJR-GARCH(1,1)-Normal"
2024-01-25,-0.9406593235438182,-1.1796247413037135,-1.3303924322911305,-1.5241834072837024,"GJR-GARCH(1,1)-Normal"
2024-01-26,-0.9182787110811992,-1.1515585503612007,-1.2987391049864743,-1.4879193132524462,"GJR-GARCH(1,1)-Normal"
2024-01-29,-0.8914213999715311,-1.1178783987091667,-1.2607542973545471,-1.4444014668514846,"GJR-GARCH(1,1)-Normal"
2024-01-30,-0.8924731767507894,-1.119197369222814,-1.2622418453249569,-1.4461056977829043,"GJR-GARCH(1,1)-Normal"
2024-01-31,-0.8692571185319647,-1.0900834955971335,-1.2294069311441314,-1.4084879015903844,"GJR-GARCH(1,1)-Normal"
2024-02-01,-1.6416254156414936,-2.058664500287059,-2.3217821531798046,-2.6599834359473284,"GJR-GARCH(1,1)-Normal"
2024-02-02,-1.5629914928998772,-1.960054388793858,-2.2105686956416477,-2.532570123505083,"GJR-GARCH(1,1)-Normal"
2024-02-05,-1.4820746425079154,-1.8585813939256124,-2.0961264499615253,-2.401457703046157,"GJR-GARCH(1,1)-Normal"
2024-02-06,-1.4088024335392557,-1.7666950878145131,-1.9924961665323317,-2.282732164129141,"GJR-GARCH(1,1)-Normal"
2024-02-07,-1.312711516709561,-1.6461932014569438,-1.8565929491161413,-2.1270326697885884,"GJR-GARCH(1,1)-Normal"
2024-02-08,-1.25134577147673,-1.5692380812201372,-1.7698022045646566,-2.0275995930960544,"GJR-GARCH(1,1)-Normal"
2024-02-09,-1.1740085601223658,-1.47225409812055,-1.6604227106871867,-1.902287387750732,"GJR-GARCH(1,1)-Normal"
2024-02-12,-1.1190969218249684,-1.4033926883626602,-1.5827601327409615,-1.8133121276700206,"GJR-GARCH(1,1)-Normal"
2024-02-13,-1.0656633897349779,-1.3363848834209782,-1.5071880686112031,-1.7267318950972967,"GJR-GARCH(1,1)-Normal"
2024-02-14,-1.5666028084893255,-1.9645831242364837,-2.2156762481960803,-2.5384216652504676,"GJR-GARCH(1,1)-Normal"
2024-02-15,-1.4782739623880083,-1.8538151877221456,-2.090751075537941,-2.3952993272876184,"GJR-GARCH(1,1)-Normal"
2024-02-16,-1.3830551168256178,-1.7344069139162663,-1.956081245157206,-2.241012880712952,"GJR-GARCH(1,1)-Normal"
2024-02-20,-1.3626243461690024,-1.7087859032621127,-1.9271856163284442,-2.2079081839822434,"GJR-GARCH(1,1)-Normal"
2024-02-21,-1.3822328775617254,-1.7333757927072568,-1.9549183364751408,-2.23968057749597,"GJR-GARCH(1,1)-Normal"
2024-02-22,-1.2890230682482127,-1.6164869314092172,-1.82308992440049,-2.088649443060915,"GJR-GARCH(1,1)-Normal"
2024-02-23,-1.364228329221933,-1.7107973627209319,-1.9294541601696964,-2.2105071741731135,"GJR-GARCH(1,1)-Normal"
2024-02-26,-1.272304001404263,-1.5955205470796257,-1.799443829106008,-2.06155895064671,"GJR-GARCH(1,1)-Normal"
2024-02-27,-1.2442308895526406,-1.5603157322474066,-1.7597394912830904,-2.016071099514951,"GJR-GARCH(1,1)-Normal"
2024-02-28,-1.168907924201219,-1.465857694897437,-1.6532087839662981,-1.8940226478571027,"GJR-GARCH(1,1)-Normal"
2024-02-29,-1.116798191385741,-1.4005099876528166,-1.5795089944131087,-1.8095874138383554,"GJR-GARCH(1,1)-Normal"
2024-03-01,-1.068051424856575,-1.339379575805385,-1.5105655122555703,-1.7306013124487734,"GJR-GARCH(1,1)-Normal"
2024-03-04,-1.0420175712011803,-1.306732073022245,-1.473745336215612,-1.688417743141542,"GJR-GARCH(1,1)-Normal"
2024-03-05,-1.0027390845951625,-1.2574752661829014,-1.4181930230406068,-1.6247734289358802,"GJR-GARCH(1,1)-Normal"
2024-03-06,-1.3138681235566296,-1.6476436331048474,-1.8582287602519723,-2.1289067605682463,"GJR-GARCH(1,1)-Normal"
2024-03-07,-1.2377442795930043,-1.5521812616648507,-1.7505653550304316,-2.0055606171091083,"GJR-GARCH(1,1)-Normal"
2024-03-08,-1.2013175156586364,-1.506500630104504,-1.6990462876505814,-1.9465370495111867,"GJR-GARCH(1,1)-Normal"
2024-03-11,-1.2740874133844342,-1.5977570176520126,-1.8019661427031755,-2.064448675843168,"GJR-GARCH(1,1)-Normal"
2024-03-12,-1.20173863835473,-1.5070287349550093,-1.6996418895161307,-1.9472194094365616,"GJR-GARCH(1,1)-Normal"
2024-03-13,-1.178269923538625,-1.4775980197632632,-1.666449638288218,-1.9091922248675306,"GJR-GARCH(1,1)-Normal"
2024-03-14,-1.1287663793390466,-1.4155185781860022,-1.5964358310295046,-1.8289798899847225,"GJR-GARCH(1,1)-Normal"
2024-03-15,-1.1039059348370046,-1.384342577820711,-1.5612752299477999,-1.7886976368253567,"GJR-GARCH(1,1)-Normal"
2024-03-18,-1.1978071303426197,-1.5020984652966518,-1.6940814827079584,-1.9408490486399597,"GJR-GARCH(1,1)-Normal"
2024-03-19,-1.1425330058678138,-1.4327824832482958,-1.6159062336435464,-1.851286439448739,"GJR-GARCH(1,1)-Normal"
2024-03-20,-1.092069260143948,-1.3694989102215955,-1.5445343950450978,-1.7695182562430183,"GJR-GARCH(1,1)-Normal"
2024-03-21,-1.0683526414165108,-1.3397573135237038,-1.510991528584532,-1.7310893842417834,"GJR-GARCH(1,1)-Normal"
2024-03-22,-1.019922475623565,-1.2790239317723047,-1.4424958208900571,-1.652616282167472,"GJR-GARCH(1,1)-Normal"
2024-03-25,-0.9868453552425314,-1.2375438883645056,-1.395714218310364,-1.5990202599055945,"GJR-GARCH(1,1)-Normal"
2024-03-26,-0.9907863859231625,-1.2424860998333667,-1.4012880932103502,-1.6054060506171393,"GJR-GARCH(1,1)-Normal"
2024-03-27,-0.9878227558910865,-1.2387695882096506,-1.397096574699769,-1.6006039765748599,"GJR-GARCH(1,1)-Normal"
2024-03-28,-0.97955700586697,-1.2284040042093287,-1.3854061667018278,-1.5872106909078982,"GJR-GARCH(1,1)-Normal"
2024-04-01,-0.9403636160029448,-1.1792539121175525,-1.3299742074729601,-1.5237042619481624,"GJR-GARCH(1,1)-Normal"
2024-04-02,-0.929762755883242,-1.165960005850627,-1.314981208704929,-1.5065273152120005,"GJR-GARCH(1,1)-Normal"
2024-04-03,-1.1063258693497158,-1.3873772733285112,-1.5646977895097698,-1.7926187418829154,"GJR-GARCH(1,1)-Normal"
2024-04-04,-1.049111902103588,-1.3156286501846843,-1.48377898379503,-1.699912937178946,"GJR-GARCH(1,1)-Normal"
2024-04-05,-1.470753817035763,-1.8443846220607236,-2.0801151904561186,-2.3831141711111274,"GJR-GARCH(1,1)-Normal"
2024-04-08,-1.4048852954703916,-1.7617828386447218,-1.9869560834091207,-2.2763850874573137,"GJR-GARCH(1,1)-Normal"
2024-04-09,-1.3106046308781323,-1.6435510816249812,-1.8536131402781504,-2.123618808526674,"GJR-GARCH(1,1)-Normal"
2024-04-10,-1.2270318476184523,-1.5387474397907344,-1.7354145580589142,-1.9882028865699002,"GJR-GARCH(1,1)-Normal"
2024-04-11,-1.4232551510022398,-1.7848193785876902,-2.0129369206476024,-2.3061504108799946,"GJR-GARCH(1,1)-Normal"
2024-04-12,-1.342284666502815,-1.6832791243848932,-1.898418819225772,-2.17495108518916,"GJR-GARCH(1,1)-Normal"
2024-04-15,-1.7833947724232635,-2.2364489931770604,-2.5222892599213687,-2.88969731413863,"GJR-GARCH(1,1)-Normal"
2024-04-16,-1.951951460459958,-2.4478258801580086,-2.7606822004508413,-3.1628156479093983,"GJR-GARCH(1,1)-Normal"
2024-04-17,-1.8045878577479035,-2.2630259771794328,-2.5522630449326944,-2.924037216154665,"GJR-GARCH(1,1)-Normal"
2024-04-18,-1.7423015307398533,-2.1849164102569216,-2.4641703040086624,-2.8231124884130017,"GJR-GARCH(1,1)-Normal"
2024-04-19,-1.622245120839256,-2.0343608287342687,-2.2943722323985676,-2.6285808622136715,"GJR-GARCH(1,1)-Normal"
2024-04-22,-1.6883728656632042,-2.1172876885745247,-2.387897963847039,-2.7357299744364,"GJR-GARCH(1,1)-Normal"
2024-04-23,-1.579732869920657,-1.9810487509852677,-2.2342463446449754,-2.5596967658839853,"GJR-GARCH(1,1)-Normal"
2024-04-24,-1.504416789085286,-1.8865993470961715,-2.1277253742306135,-2.4376594694497853,"GJR-GARCH(1,1)-Normal"
2024-04-25,-1.3972865041830738,-1.7522536478078592,-1.9762089678804917,-2.264072498504378,"GJR-GARCH(1,1)-Normal"
2024-04-26,-1.3687867400127434,-1.7165137937552917,-1.9359012075412372,-2.217893327605114,"GJR-GARCH(1,1)-Normal"
2024-04-29,-1.3115309516721874,-1.644712725271838,-1.8549232534545574,-2.1251197587100004,"GJR-GARCH(1,1)-Normal"
2024-04-30,-1.230494108936345,-1.5430892551634439,-1.7403113003126196,-1.9938129104333022,"GJR-GARCH(1,1)-Normal"
2024-05-01,-1.7877458971201377,-2.2419054790869577,-2.5284431386145263,-2.8967475946174472,"GJR-GARCH(1,1)-Normal"
2024-05-02,-1.6793810478622744,-2.1060115862898936,-2.3751806643364892,-2.721160215597607,"GJR-GARCH(1,1)-Normal"
2024-05-03,-1.5743006047198087,-1.974236471266291,-2.2265633883051814,-2.5508946753971715,"GJR-GARCH(1,1)-Normal"
2024-05-06,-1.5041764740098316,-1.8862979822963772,-2.1273854920333632,-2.4372700784754335,"GJR-GARCH(1,1)-Normal"
2024-05-07,-1.4287944365519771,-1.7917658661417597,-2.0207712379091447,-2.3151259102045625,"GJR-GARCH(1,1)-Normal"
2024-05-08,-1.3312975242816893,-1.6695008047787743,-1.8828794943101126,-2.1571482319693396,"GJR-GARCH(1,1)-Normal"
2024-05-09,-1.245933558483564,-1.5624509477785722,-1.7621476084448529,-2.018829993907061,"GJR-GARCH(1,1)-Normal"
2024-05-10,-1.1790967372984273,-1.478634877574696,-1.6676190167671463,-1.91053194030123,"GJR-GARCH(1,1)-Normal"
2024-05-13,-1.1129895718227603,-1.3957338250674296,-1.5741223910836732,-1.8034161735207859,"GJR-GARCH(1,1)-Normal"
2024-05-14,-1.0564078632477798,-1.32477807980481,-1.494097800873199,-1.7117348397932415,"GJR-GARCH(1,1)-Normal"
2024-05-15,-1.014883432353385,-1.272704768218373,-1.4353690058308295,-1.6444513430138814,"GJR-GARCH(1,1)-Normal"
2024-05-16,-1.0288963455786009,-1.290277526734104,-1.4551877364196524,-1.6671569594799105,"GJR-GARCH(1,1)-Normal"
2024-05-17,-1.004927104078066,-1.2602191308870367,-1.4212875807501864,-1.6283187539086783,"GJR-GARCH(1,1)-Normal"
2024-05-20,-0.9623795794435204,-1.20686281847517,-1.3611118047069872,-1.5593775023356287,"GJR-GARCH(1,1)-Normal"
2024-05-21,-0.9258169835794056,-1.161011848194972,-1.3094006276367571,-1.5001338414815006,"GJR-GARCH(1,1)-Normal"
2024-05-22,-0.8966987921436778,-1.1244964614020165,-1.2682182138143399,-1.4529526111193274,"GJR-GARCH(1,1)-Normal"
2024-05-23,-0.9089285481047428,-1.1398330687695264,-1.2855149910557238,-1.4727689151142307,"GJR-GARCH(1,1)-Normal"
2024-05-24,-1.0986663726214514,-1.377771955419626,-1.5538648171175424,-1.7802077897675608,"GJR-GARCH(1,1)-Normal"
2024-05-28,-1.0611982658637276,-1.3307854379472766,-1.5008729587102303,-1.719496897744178,"GJR-GARCH(1,1)-Normal"
2024-05-29,-1.010553609600747,-1.2672749958059448,-1.4292452548839192,-1.6374355788250063,"GJR-GARCH(1,1)-Normal"
2024-05-30,-1.1681343363939594,-1.4648875845778193,-1.6521146839677847,-1.8927691763075303,"GJR-GARCH(1,1)-Normal"
2024-05-31,-1.226888256559431,-1.538567370809742,-1.735211474483931,-1.9879702209234578,"GJR-GARCH(1,1)-Normal"
2024-06-03,-1.1761944718944854,-1.4749953196703296,-1.6635142874211823,-1.9058292975255686,"GJR-GARCH(1,1)-Normal"
2024-06-04,-1.110047089360385,-1.3920438333492875,-1.5699607819844885,-1.7986483656299554,"GJR-GARCH(1,1)-Normal"
2024-06-05,-1.0531128900328506,-1.3206460504622204,-1.4894376573759454,-1.70639587873057,"GJR-GARCH(1,1)-Normal"
2024-06-06,-1.059827291904671,-1.3290661812926,-1.4989339640770556,-1.7172754603885794,"GJR-GARCH(1,1)-Normal"
2024-06-07,-1.0107000586291806,-1.267458648795881,-1.429452380539582,-1.6376728753398702,"GJR-GARCH(1,1)-Normal"
2024-06-10,-0.9757773433715223,-1.2236641549548604,-1.3800605179056042,-1.5810863707459608,"GJR-GARCH(1,1)-Normal"
2024-06-11,-0.9394641640868077,-1.1781259631275918,-1.3287020954633428,-1.5222468483533438,"GJR-GARCH(1,1)-Normal"
2024-06-12,-0.9087957587447525,-1.1396665455548982,-1.2853271845298133,-1.4725537518408804,"GJR-GARCH(1,1)-Normal"
2024-06-13,-0.9128176296552986,-1.1447101339334582,-1.2910153933096769,-1.4790705308220287,"GJR-GARCH(1,1)-Normal"
2024-06-14,-0.8854154112831693,-1.1103466465907794,-1.2522599129377527,-1.4346697520063616,"GJR-GARCH(1,1)-Normal"
2024-06-17,-0.8631314094613728,-1.0824016092894788,-1.220743223906074,-1.3985621995965227,"GJR-GARCH(1,1)-Normal"
2024-06-18,-0.869102547628793,-1.0898896574486099,-1.229188318566033,-1.4082374449160429,"GJR-GARCH(1,1)-Normal"
2024-06-20,-0.848801302525048,-1.064431077063282,-1.200475880198487,-1.3753426229971422,"GJR-GARCH(1,1)-Normal"
2024-06-21,-0.8659855503089094,-1.0859808170585952,-1.2247798897735322,-1.403186864459756,"GJR-GARCH(1,1)-Normal"
2024-06-24,-0.8603569103922145,-1.0789222755234849,-1.2168191969256144,-1.39406658110969,"GJR-GARCH(1,1)-Normal"
2024-06-25,-0.8890825680390031,-1.114945409108886,-1.2574464427194452,-1.4406117751589018,"GJR-GARCH(1,1)-Normal"
2024-06-26,-0.8695554148481719,-1.0904575712120033,-1.229828817316659,-1.4089712416097062,"GJR-GARCH(1,1)-Normal"
2024-06-27,-0.8472894361023919,-1.0625351355751431,-1.1983376186653325,-1.3728928926242367,"GJR-GARCH(1,1)-Normal"
2024-06-28,-0.8278421780577175,-1.0381474894147986,-1.170832990492429,-1.3413818159921702,"GJR-GARCH(1,1)-Normal"
2024-07-01,-0.8960489211058505,-1.1236814969024467,-1.2672990888037745,-1.4518996022053259,"GJR-GARCH(1,1)-Normal"
2024-07-02,-0.8713393473480996,-1.0926946945371647,-1.2323518670948514,-1.4118618102226448,"GJR-GARCH(1,1)-Normal"
2024-07-03,-0.8654162757769626,-1.085266923828952,-1.2239747539392911,-1.402264448900727,"GJR-GARCH(1,1)-Normal"
2024-07-05,-0.8543721055256179,-1.0714170887722227,-1.2083547731922026,-1.384369191156512,"GJR-GARCH(1,1)-Normal"
2024-07-08,-0.8470555460996425,-1.0622418280757315,-1.1980068235710213,-1.3725139124213115,"GJR-GARCH(1,1)-Normal"
2024-07-09,-0.827427565910141,-1.0376275490547926,-1.170246596619891,-1.3407100053376884,"GJR-GARCH(1,1)-Normal"
2024-07-10,-0.8106939662130395,-1.0166429399410408,-1.1465799472338596,-1.3135959648300553,"GJR-GARCH(1,1)-Normal"
2024-07-11,-0.8496610304489842,-1.0655092105644142,-1.2016918098078644,-1.3767356704093605,"GJR-GARCH(1,1)-Normal"
2024-07-12,-1.1359202758747062,-1.4244898530556314,-1.6065537234207472,-1.840571600314024,"GJR-GARCH(1,1)-Normal"
2024-07-15,-1.0850621591853054,-1.3607117229278072,-1.534624118439793,-1.7581644039534465,"GJR-GARCH(1,1)-Normal"
2024-07-16,-1.0328997567018994,-1.2952979657947217,-1.4608498371701357,-1.673643827418112,"GJR-GARCH(1,1)-Normal"
2024-07-17,-1.0016158282032674,-1.256066657351263,-1.416604380089969,-1.6229533770724685,"GJR-GARCH(1,1)-Normal"
2024-07-18,-1.5457288702590015,-1.9384063635659254,-2.186153839010666,-2.504598888503342,"GJR-GARCH(1,1)-Normal"
2024-07-19,-1.5923792023189112,-1.9969077620112041,-2.2521322938911816,-2.58018806334096,"GJR-GARCH(1,1)-Normal"
2024-07-22,-1.6059344929224484,-2.0139066432972084,-2.2713038000731567,-2.602152177767619,"GJR-GARCH(1,1)-Normal"
2024-07-23,-1.5187877310575941,-1.9046210881049235,-2.1480504717088644,-2.460945212495109,"GJR-GARCH(1,1)-Normal"
2024-07-24,-1.4194518616466525,-1.7800499002974144,-2.007557855932202,-2.2999878072850546,"GJR-GARCH(1,1)-Normal"
2024-07-25,-2.400989590184623,-3.010937810645653,-3.3957653965066013,-3.8904079328458683,"GJR-GARCH(1,1)-Normal"
2024-07-26,-2.2425825678103877,-2.8122890138794405,-3.171727321813944,-3.6337354595529585,"GJR-GARCH(1,1)-Normal"
2024-07-29,-2.077377909566047,-2.6051157074910405,-2.938075220988012,-3.366048537625299,"GJR-GARCH(1,1)-Normal"
2024-07-30,-1.905345930438458,-2.3893806652763705,-2.694767109948225,-3.0872990673913674,"GJR-GARCH(1,1)-Normal"
2024-07-31,-1.810043447152479,-2.269867506390865,-2.559978989138925,-2.932877099669644,"GJR-GARCH(1,1)-Normal"
2024-08-01,-1.729687294330831,-2.1690976488963494,-2.4463297487325284,-2.8026731972169583,"GJR-GARCH(1,1)-Normal"
2024-08-02,-1.9920779076822348,-2.498146063819921,-2.8174338005074158,-3.2278339425445126,"GJR-GARCH(1,1)-Normal"
2024-08-05,-2.426039098622346,-3.0423509048138073,-3.4311933943205273,-3.93099653295409,"GJR-GARCH(1,1)-Normal"
2024-08-06,-3.419126121769591,-4.2877220965421525,-4.835735322660939,-5.540130387033503,"GJR-GARCH(1,1)-Normal"
2024-08-07,-3.1201159896074104,-3.9127513276667925,-4.412839586606072,-5.05563374659801,"GJR-GARCH(1,1)-Normal"
2024-08-08,-2.92092728984505,-3.6629606621763524,-4.131123207329245,-4.732881286172243,"GJR-GARCH(1,1)-Normal"
2024-08-09,-2.7453832379334915,-3.4428213390009392,-3.8828479047287066,-4.448441080803373,"GJR-GARCH(1,1)-Normal"
2024-08-12,-2.506071679114275,-3.1427149895527835,-3.5443850002061335,-4.060676139773203,"GJR-GARCH(1,1)-Normal"
2024-08-13,-2.2887747585187066,-2.870215884586755,-3.237057818637998,-3.7085822918348734,"GJR-GARCH(1,1)-Normal"
2024-08-14,-2.15088304329448,-2.6972941106479174,-3.042034934349955,-3.485151492728075,"GJR-GARCH(1,1)-Normal"
2024-08-15,-1.9732080519727802,-2.4744825034824287,-2.790745803476028,-3.197258451237166,"GJR-GARCH(1,1)-Normal"
2024-08-16,-1.8724880472355914,-2.348175554134809,-2.6482955786934097,-3.0340582828450566,"GJR-GARCH(1,1)-Normal"
2024-08-19,-1.72257720424522,-2.1601813090823914,-2.436273812639567,-2.7911524680203845,"GJR-GARCH(1,1)-Normal"
2024-08-20,-1.6133578633573036,-2.0232158493079746,-2.281802814542517,-2.6141805261395894,"GJR-GARCH(1,1)-Normal"
2024-08-21,-1.5053733806878624,-1.8877989515581477,-2.129078299989183,-2.4392094684895027,"GJR-GARCH(1,1)-Normal"
2024-08-22,-1.4006155584569773,-1.756428416173355,-1.980917312869836,-2.2694666823063465,"GJR-GARCH(1,1)-Normal"
2024-08-23,-1.5269239107933565,-1.9148241857363182,-2.1595576259753417,-2.474128550863784,"GJR-GARCH(1,1)-Normal"
2024-08-26,-1.4542884807213867,-1.8237364260516185,-2.05682795109166,-2.356434807203723,"GJR-GARCH(1,1)-Normal"
2024-08-27,-1.3853664563916033,-1.737305426979762,-1.9593502168136585,-2.2447580255564663,"GJR-GARCH(1,1)-Normal"
2024-08-28,-1.2915885759535328,-1.6197041815734954,-1.8267183709068022,-2.0928064254857275,"GJR-GARCH(1,1)-Normal"
2024-08-29,-1.3251957029691,-1.661848874683373,-1.8742495719840586,-2.1472612361504697,"GJR-GARCH(1,1)-Normal"
2024-08-30,-1.2391723593574795,-1.5539721313033759,-1.7525851154939847,-2.0078745850109954,"GJR-GARCH(1,1)-Normal"
2024-09-03,-1.199275949664774,-1.503940423984087,-1.6961588619053873,-1.9432290282809326,"GJR-GARCH(1,1)-Normal"
2024-09-04,-2.149826033106615,-2.6959685772287423,-3.040539984669881,-3.483438781920506,"GJR-GARCH(1,1)-Normal"
2024-09-05,-1.9773782665032364,-2.479712120745071,-2.7966438174684356,-3.2040155966064257,"GJR-GARCH(1,1)-Normal"
2024-09-06,-1.839834087310573,-2.3072261710106674,-2.6021124600220107,-2.981147922362671,"GJR-GARCH(1,1)-Normal"
2024-09-09,-2.2591508826721682,-2.8330663491415153,-3.1951602057031803,-3.6605816832249247,"GJR-GARCH(1,1)-Normal"
2024-09-10,-2.0951557895876425,-2.627409886261731,-2.9632188159654222,-3.3948546622948688,"GJR-GARCH(1,1)-Normal"
2024-09-11,-1.9260696614123656,-2.4153690599874817,-2.72407707814442,-3.1208784580345625,"GJR-GARCH(1,1)-Normal"
2024-09-12,-1.797729461148825,-2.2544252711518062,-2.5425630837409097,-2.912924314772362,"GJR-GARCH(1,1)-Normal"
2024-09-13,-1.6708886428714473,-2.09536176781724,-2.363169693893776,-2.707399672911242,"GJR-GARCH(1,1)-Normal"
2024-09-16,-1.552042661433559,-1.9463241124198611,-2.1950835543576126,-2.514829346549577,"GJR-GARCH(1,1)-Normal"
2024-09-17,-1.4397724260227058,-1.805532707829626,-2.036297617915252,-2.3329139329007944,"GJR-GARCH(1,1)-Normal"
2024-09-18,-1.3403131569363909,-1.680806771850812,-1.8956304756228204,-2.171756578853833,"GJR-GARCH(1,1)-Normal"
2024-09-19,-1.2834033763734385,-1.6094396110796716,-1.8151418869390197,-2.0795436585380886,"GJR-GARCH(1,1)-Normal"
2024-09-20,-1.3007760322301622,-1.6312256223994133,-1.839712365646986,-2.1076931842319513,"GJR-GARCH(1,1)-Normal"
2024-09-23,-1.2347859516454107,-1.5484713990689807,-1.746381335359116,-2.0007671342209163,"GJR-GARCH(1,1)-Normal"
2024-09-24,-1.1630998863601512,-1.4585741811276054,-1.6449943652104124,-1.8846116797364862,"GJR-GARCH(1,1)-Normal"
2024-09-25,-1.1001845365516285,-1.37967579423626,-1.5560119853357617,-1.7826677242135351,"GJR-GARCH(1,1)-Normal"
2024-09-26,-1.0615406062842792,-1.331214746645892,-1.5013571373000447,-1.7200516039758469,"GJR-GARCH(1,1)-Normal"
2024-09-27,-1.0162299827727581,-1.274393396768953,-1.437273457785745,-1.6466332060485744,"GJR-GARCH(1,1)-Normal"
2024-09-30,-0.9818534867326227,-1.2312838838631535,-1.3886541234148442,-1.5909317596763293,"GJR-GARCH(1,1)-Normal"
2024-10-01,-0.94891376523561,-1.1899761441990815,-1.3420668466988634,-1.5375583696618154,"GJR-GARCH(1,1)-Normal"
2024-10-02,-1.2292533215677006,-1.5415332577453393,-1.7385564310586712,-1.9918024189919052,"GJR-GARCH(1,1)-Normal"
2024-10-03,-1.1565404736529596,-1.4503484129624906,-1.6357172626425607,-1.873983232476577,"GJR-GARCH(1,1)-Normal"
2024-10-04,-1.107366356775822,-1.388682086537853,-1.5661693707325774,-1.7943046802781084,"GJR-GARCH(1,1)-Normal"
2024-10-07,-1.0803571328027544,-1.3548114300264045,-1.527969709838926,-1.7505406841181943,"GJR-GARCH(1,1)-Normal"
2024-10-08,-1.3280188451303836,-1.6653892088493298,-1.8782423958179884,-2.151835672751407,"GJR-GARCH(1,1)-Normal"
2024-10-09,-1.2723423037168733,-1.5955685797248917,-1.799498000797672,-2.061621013231835,"GJR-GARCH(1,1)-Normal"
2024-10-10,-1.210089451187027,-1.5175009911485293,-1.7114526034669717,-1.9607505253652988,"GJR-GARCH(1,1)-Normal"
2024-10-11,-1.1588451022200237,-1.4532385101625929,-1.6389767428051691,-1.8777175032523532,"GJR-GARCH(1,1)-Normal"
2024-10-14,-1.1076410750999977,-1.3890265943994944,-1.566557910101026,-1.794749816047143,"GJR-GARCH(1,1)-Normal"
2024-10-15,-1.072479710814414,-1.3449328250494952,-1.5168285215926123,-1.7377766200343274,"GJR-GARCH(1,1)-Normal"
2024-10-16,-1.223564532448592,-1.534399286683767,-1.7305106680459263,-1.9825846737722912,"GJR-GARCH(1,1)-Normal"
2024-10-17,-1.1582133917028652,-1.4524463196886022,-1.6380833025655508,-1.8766939204691282,"GJR-GARCH(1,1)-Normal"
2024-10-18,-1.095858327786572,-1.3742505539100605,-1.5498933457204551,-1.7756578158959282,"GJR-GARCH(1,1)-Normal"
2024-10-21,-1.0458839196142755,-1.3115806299146646,-1.4792135865594285,-1.6946825235466474,"GJR-GARCH(1,1)-Normal"
2024-10-22,-1.015354867843732,-1.273295967342671,-1.4360357660414318,-1.6452152265304818,"GJR-GARCH(1,1)-Normal"
2024-10-23,-0.9742571652486134,-1.2217577902592804,-1.3779105009761667,-1.5786231726326159,"GJR-GARCH(1,1)-Normal"
2024-10-24,-1.236535849125067,-1.5506658411056269,-1.7488562487586343,-2.003602554692689,"GJR-GARCH(1,1)-Normal"
2024-10-25,-1.1637611930486045,-1.4594034863944156,-1.6459296638798893,-1.885683218237661,"GJR-GARCH(1,1)-Normal"
2024-10-28,-1.1011654078367188,-1.3809058463996382,-1.55739925031265,-1.784257064477323,"GJR-GARCH(1,1)-Normal"
2024-10-29,-1.047269825069119,-1.3133186112674484,-1.4811736990920388,-1.696928154930365,"GJR-GARCH(1,1)-Normal"
2024-10-30,-0.9992646703031522,-1.2531182104903542,-1.413279092603687,-1.619143713180807,"GJR-GARCH(1,1)-Normal"
2024-10-31,-1.0070343974249798,-1.262861761759858,-1.4242679659451043,-1.6317332754822749,"GJR-GARCH(1,1)-Normal"
2024-11-01,-1.870775099417647,-2.3460274484646324,-2.6458729239055776,-3.031282733210554,"GJR-GARCH(1,1)-Normal"
2024-11-04,-1.725618580991507,-2.1639953182223097,-2.44057528981173,-2.7960805177998993,"GJR-GARCH(1,1)-Normal"
2024-11-05,-1.6168336214837837,-2.0275745902231628,-2.286718645590173,-2.6198124193569488,"GJR-GARCH(1,1)-Normal"
2024-11-06,-1.537164371331601,-1.92766613638828,-2.1740409047376574,-2.49072152947429,"GJR-GARCH(1,1)-Normal"
2024-11-07,-1.5982365274667383,-2.004253084052139,-2.260416420625588,-2.5896788934193244,"GJR-GARCH(1,1)-Normal"
2024-11-08,-1.4944460826519752,-1.8740956789746472,-2.1136236138467384,-2.4215035829091667,"GJR-GARCH(1,1)-Normal"
2024-11-11,-1.3920591966763471,-1.7456983933060413,-1.9688158871187893,-2.255602508182583,"GJR-GARCH(1,1)-Normal"
2024-11-12,-1.2990163992120927,-1.6290189716048304,-1.837223683089703,-2.1048419889246577,"GJR-GARCH(1,1)-Normal"
2024-11-13,-1.249099078500844,-1.5664206375887022,-1.7666246638142606,-2.0239591973976356,"GJR-GARCH(1,1)-Normal"
2024-11-14,-1.1743837868219946,-1.4727246475398792,-1.6609534009690832,-1.902895380777782,"GJR-GARCH(1,1)-Normal"
2024-11-15,-1.2350475592684154,-1.5487994655824209,-1.7467513320127015,-2.001191026259429,"GJR-GARCH(1,1)-Normal"
2024-11-18,-1.6316718851848486,-2.046182371533215,-2.3077046851075043,-2.6438553802461886,"GJR-GARCH(1,1)-Normal"
2024-11-19,-1.5143803492724484,-1.8990940535367202,-2.141817027542186,-2.4538037766762666,"GJR-GARCH(1,1)-Normal"
2024-11-20,-1.4113057856767253,-1.7698343923891275,-1.9960367052328918,-2.286788433699877,"GJR-GARCH(1,1)-Normal"
2024-11-21,-1.3174314651927983,-1.6521122072746184,-1.8632684623287739,-2.134680568428748,"GJR-GARCH(1,1)-Normal"
2024-11-22,-1.2424883316638515,-1.5581304943538135,-1.7572749584070002,-2.0132475716405684,"GJR-GARCH(1,1)-Normal"
2024-11-25,-1.1721513863988016,-1.4699251273461342,-1.6577960744487117,-1.8992781438055006,"GJR-GARCH(1,1)-Normal"
2024-11-26,-1.1100114704509594,-1.3919991657998727,-1.5699104054811566,-1.7985906510574492,"GJR-GARCH(1,1)-Normal"
2024-11-27,-1.0644560151407612,-1.3348707869699974,-1.505480455681758,-1.7247755435502266,"GJR-GARCH(1,1)-Normal"
2024-11-29,-1.0741846793147851,-1.347070924333521,-1.5192398910793283,-1.740539240499744,"GJR-GARCH(1,1)-Normal"
2024-12-02,-1.033364577420122,-1.2958808697279123,-1.4615072419822903,-1.6743969927866407,"GJR-GARCH(1,1)-Normal"
2024-12-03,-0.9890560020612634,-1.2403161286606377,-1.398840778292813,-1.6026022487469767,"GJR-GARCH(1,1)-Normal"
2024-12-04,-0.9492016363712232,-1.1903371462168972,-1.3424739883395287,-1.5380248173941191,"GJR-GARCH(1,1)-Normal"
2024-12-05,-0.929547754717741,-1.1656903857151684,-1.3146771284536019,-1.5061789412568378,"GJR-GARCH(1,1)-Normal"
2024-12-06,-0.9189576030351995,-1.1524099082604597,-1.2996992748326017,-1.4890193457782785,"GJR-GARCH(1,1)-Normal"
2024-12-09,-0.8913231401063065,-1.1177551768740188,-1.260615326552025,-1.4442422529337264,"GJR-GARCH(1,1)-Normal"
2024-12-10,-1.0269736791172588,-1.2878664254243022,-1.4524684725523123,-1.6640415953467214,"GJR-GARCH(1,1)-Normal"
2024-12-11,-1.0220173115615492,-1.2816509405517518,-1.445458587333796,-1.656010618562957,"GJR-GARCH(1,1)-Normal"
2024-12-12,-1.0026951106434776,-1.2574201210734213,-1.4181308298415651,-1.6247021763943563,"GJR-GARCH(1,1)-Normal"
2024-12-13,-1.0785692475583686,-1.3525693498002247,-1.5254410696188145,-1.7476437107342981,"GJR-GARCH(1,1)-Normal"
2024-12-16,-1.0267571259930282,-1.2875948590699853,-1.4521621973361374,-1.6636907066982103,"GJR-GARCH(1,1)-Normal"
2024-12-17,-0.9862884601815886,-1.2368455194909338,-1.3949265909982065,-1.5981179032391135,"GJR-GARCH(1,1)-Normal"
2024-12-18,-1.012764346051535,-1.2700473485042911,-1.4323719416346952,-1.641017712900363,"GJR-GARCH(1,1)-Normal"
2024-12-19,-2.723354818441234,-3.4151968122519905,-3.8516926906630813,-4.412747657436991,"GJR-GARCH(1,1)-Normal"
2024-12-20,-2.484745004900105,-3.1159704796934853,-3.5142222778790124,-4.026119778977967,"GJR-GARCH(1,1)-Normal"
2024-12-23,-2.290039735297743,-2.871802216501379,-3.238846899436681,-3.710631978229245,"GJR-GARCH(1,1)-Normal"
2024-12-24,-2.106139755077729,-2.6411842221189663,-2.97875364796975,-3.412652368145585,"GJR-GARCH(1,1)-Normal"
2024-12-26,-1.9564388631562624,-2.453453264177136,-2.7670288197192443,-3.1700867444268277,"GJR-GARCH(1,1)-Normal"
2024-12-27,-1.801518328577318,-2.259176663763673,-2.5479217512496004,-2.919063550011269,"GJR-GARCH(1,1)-Normal"
2024-12-30,-1.92121715515861,-2.4092838213777203,-2.7172140859472873,-3.113015771373625,"GJR-GARCH(1,1)-Normal"
2021-12-29,-1.6571122640394673,-2.3767509430072904,-2.767212362053759,-3.6615373524536876,"GJR-GARCH(1,1)-Student-t"
2021-12-30,-1.5315187418520475,-2.196615578148602,-2.557483694459622,-3.3840272629474613,"GJR-GARCH(1,1)-Student-t"
2021-12-31,-1.4852085880673822,-2.1301941871136885,-2.48015035210106,-3.2817008475559764,"GJR-GARCH(1,1)-Student-t"
2022-01-03,-1.43478501020434,-2.057873024066082,-2.395948001403674,-3.170285454769113,"GJR-GARCH(1,1)-Student-t"
2022-01-04,-1.3392004663703807,-1.920778718734893,-2.2363313374886804,-2.959082879566306,"GJR-GARCH(1,1)-Student-t"
2022-01-05,-1.2649684759901314,-1.8143097986947456,-2.1123713102185007,-2.795060675746691,"GJR-GARCH(1,1)-Student-t"
2022-01-06,-2.6490218121765925,-3.7994197657978623,-4.423602471045698,-5.853249971794391,"GJR-GARCH(1,1)-Student-t"
2022-01-07,-2.4125797877595256,-3.460297416217307,-4.028767849955511,-5.330810229551171,"GJR-GARCH(1,1)-Student-t"
2022-01-10,-2.2651197575054374,-3.248799514977986,-3.782524292724668,-5.004984140102572,"GJR-GARCH(1,1)-Student-t"
2022-01-11,-2.0820550911849938,-2.986234854906128,-3.4768245409997527,-4.6004864315328335,"GJR-GARCH(1,1)-Student-t"
2022-01-12,-1.9067790737104593,-2.7348412415345957,-3.1841310567666707,-4.213198437291637,"GJR-GARCH(1,1)-Student-t"
2022-01-13,-1.7522507643362184,-2.5132055002533993,-2.9260841777065303,-3.8717543546764674,"GJR-GARCH(1,1)-Student-t"
2022-01-14,-2.3779442123124706,-3.410620554611854,-3.9709298901359986,-5.254279836303113,"GJR-GARCH(1,1)-Student-t"
2022-01-18,-2.16773703635869,-3.1091261329501796,-3.619904851872292,-4.789808331739895,"GJR-GARCH(1,1)-Student-t"
2022-01-19,-2.9878334729790037,-4.285368093976319,-4.989384184527765,-6.601884556424651,"GJR-GARCH(1,1)-Student-t"
2022-01-20,-2.966954021100874,-4.25542126537712,-4.954517580373122,-6.555749545170694,"GJR-GARCH(1,1)-Student-t"
2022-01-21,-3.0186271704307712,-4.329534654712983,-5.040806590909669,-6.669925977568295,"GJR-GARCH(1,1)-Student-t"
2022-01-24,-3.576576382288424,-5.129785998095272,-5.972526179229531,-7.902764527087492,"GJR-GARCH(1,1)-Student-t"
2022-01-25,-3.2325069885478235,-4.636296646903407,-5.3979645756346075,-7.142512512570208,"GJR-GARCH(1,1)-Student-t"
2022-01-26,-3.2899265083225258,-4.718651898706854,-5.493849452230972,-7.2693860630094065,"GJR-GARCH(1,1)-Student-t"
2022-01-27,-2.989171854560184,-4.287287698190351,-4.991619148408582,-6.604841829904351,"GJR-GARCH(1,1)-Student-t"
2022-01-28,-2.8009783157098322,-4.017366836075604,-4.677354690612659,-6.189011420013307,"GJR-GARCH(1,1)-Student-t"
2022-01-31,-2.547297549609864,-3.6535194292733872,-4.253733088624212,-5.628481140423283,"GJR-GARCH(1,1)-Student-t"
2022-02-01,-2.3210191397909283,-3.3289744750236627,-3.8758706911844256,-5.128498811171675,"GJR-GARCH(1,1)-Student-t"
2022-02-02,-2.1180764173803226,-3.037899261030565,-3.5369765664891433,-4.680078764660346,"GJR-GARCH(1,1)-Student-t"
2022-02-03,-1.9392401649457232,-2.7813992997173225,-3.2383378446236444,-4.284924113722027,"GJR-GARCH(1,1)-Student-t"
2022-02-04,-3.437236899920813,-4.92993517730171,-5.739843127817005,-7.5948815125010904,"GJR-GARCH(1,1)-Student-t"
2022-02-07,-3.1128459693020374,-4.4646701092780345,-5.198142596823276,-6.87811081745929,"GJR-GARCH(1,1)-Student-t"
2022-02-08,-2.8693319203010366,-4.115404547639015,-4.791498399352485,-6.340044806113202,"GJR-GARCH(1,1)-Student-t"
2022-02-09,-2.6083383910720377,-3.741068644046276,-4.355665211600925,-5.763356324132399,"GJR-GARCH(1,1)-Student-t"
2022-02-10,-2.376848114686336,-3.409048451669237,-3.9690995163183165,-5.251857910832449,"GJR-GARCH(1,1)-Student-t"
2022-02-11,-3.0814400121638745,-4.419625401165008,-5.145697777772208,-6.808716553928449,"GJR-GARCH(1,1)-Student-t"
2022-02-14,-3.6164247152689155,-5.1869393757172455,-6.039068924717428,-7.99081297305422,"GJR-GARCH(1,1)-Student-t"
2022-02-15,-3.31540947366221,-4.755201421159893,-5.536403465160589,-7.32569294786408,"GJR-GARCH(1,1)-Student-t"
2022-02-16,-3.0080341897306626,-4.314341431287752,-5.023117368652099,-6.64651984187733,"GJR-GARCH(1,1)-Student-t"
2022-02-17,-2.732194382438889,-3.9187119158187516,-4.562492375856714,-6.037027184312638,"GJR-GARCH(1,1)-Student-t"
2022-02-18,-3.559724551147969,-5.105615876116426,-5.944385300384404,-7.865528903094459,"GJR-GARCH(1,1)-Student-t"
2022-02-22,-3.349770000648957,-4.804483788257281,-5.593782121457916,-7.401615597006315,"GJR-GARCH(1,1)-Student-t"
2022-02-23,-3.2856548495627096,-4.712525175004472,-5.486716207741051,-7.259947451971747,"GJR-GARCH(1,1)-Student-t"
2022-02-24,-3.717124466402432,-5.331370283423982,-6.207227475130382,-8.213318055033012,"GJR-GARCH(1,1)-Student-t"
2022-02-25,-3.3675384603393326,-4.829968605575537,-5.623453678646205,-7.440876593538491,"GJR-GARCH(1,1)-Student-t"
2022-02-28,-3.056373154042035,-4.3836726899503295,-5.103838622434408,-6.753329095086019,"GJR-GARCH(1,1)-Student-t"
2022-03-01,-2.7985048635778695,-4.013819231115639,-4.67322427201336,-6.183546106909769,"GJR-GARCH(1,1)-Student-t"
2022-03-02,-3.1622413949714283,-4.535516621664462,-5.280628035804971,-6.98725441626891,"GJR-GARCH(1,1)-Student-t"
2022-03-03,-2.872058824466322,-4.119315671940596,-4.796052057592826,-6.346070144090856,"GJR-GARCH(1,1)-Student-t"
2022-03-04,-2.699162856833494,-3.871335699170511,-4.507333019441158,-5.96404108226192,"GJR-GARCH(1,1)-Student-t"
2022-03-07,-2.6507729566952296,-3.8019313846400684,-4.4265267079033155,-5.857119281800524,"GJR-GARCH(1,1)-Student-t"
2022-03-08,-4.283212502581756,-6.143294920644763,-7.1525380890942225,-9.464140062828122,"GJR-GARCH(1,1)-Student-t"
2022-03-09,-3.9787753319553185,-5.70664898658533,-6.644158349044166,-8.791458980252134,"GJR-GARCH(1,1)-Student-t"
2022-03-10,-3.6057901020814733,-5.171686439950446,-6.02131018035438,-7.967314846669111,"GJR-GARCH(1,1)-Student-t"
2022-03-11,-3.3167997560459415,-4.757195465280069,-5.538725098210138,-7.328764900796274,"GJR-GARCH(1,1)-Student-t"
2022-03-14,-3.39932564465534,-4.875560097436476,-5.676535109097824,-7.511113212522091,"GJR-GARCH(1,1)-Student-t"
2022-03-15,-3.2213450261214724,-4.620287348500188,-5.379325210589004,-7.117849161005153,"GJR-GARCH(1,1)-Student-t"
2022-03-16,-2.92615436391856,-4.196903429388111,-4.886386218260552,-6.465599063527292,"GJR-GARCH(1,1)-Student-t"
2022-03-17,-2.663368820083295,-3.819997288100706,-4.447560544677433,-5.8849509654363565,"GJR-GARCH(1,1)-Student-t"
2022-03-18,-2.427000969485849,-3.480981324007457,-4.052849786475146,-5.362675116863476,"GJR-GARCH(1,1)-Student-t"
2022-03-21,-2.216899418820775,-3.1796383978177474,-3.7020011319188058,-4.898437000796834,"GJR-GARCH(1,1)-Student-t"
2022-03-22,-2.0308069965447726,-2.9127311099235422,-3.391245329441432,-4.4872491953845515,"GJR-GARCH(1,1)-Student-t"
2022-03-23,-1.8665532006022723,-2.67714636840022,-3.1169578568845835,-4.124315782738318,"GJR-GARCH(1,1)-Student-t"
2022-03-24,-2.2828704343429456,-3.274258826835182,-3.8121661543205967,-5.044205843835206,"GJR-GARCH(1,1)-Student-t"
2022-03-25,-2.08993687600843,-2.9975394839998852,-3.4899863362937498,-4.617901938110924,"GJR-GARCH(1,1)-Student-t"
2022-03-28,-1.9173972907200798,-2.7500706607105503,-3.2018624211465143,-4.236660334859404,"GJR-GARCH(1,1)-Student-t"
2022-03-29,-1.7649548805877997,-2.5314266678449155,-2.9472987859761286,-3.8998252326697833,"GJR-GARCH(1,1)-Student-t"
2022-03-30,-1.6329915118257823,-2.3421552057033055,-2.726933109310171,-3.6082403990026304,"GJR-GARCH(1,1)-Student-t"
2022-03-31,-1.7137132246586364,-2.4579321577300637,-2.861730326423705,-3.7866022234278804,"GJR-GARCH(1,1)-Student-t"
2022-04-01,-2.4640194005367237,-3.534075850442463,-4.114666877719227,-5.44447064210544,"GJR-GARCH(1,1)-Student-t"
2022-04-04,-2.250825766647561,-3.228298033582887,-3.7586547522817177,-4.973400292358807,"GJR-GARCH(1,1)-Student-t"
2022-04-05,-2.0619935514743286,-2.957461135430254,-3.4433237686659215,-4.556158670166036,"GJR-GARCH(1,1)-Student-t"
2022-04-06,-2.4298793919836803,-3.4851097669226148,-4.0576564652331655,-5.36903524811147,"GJR-GARCH(1,1)-Student-t"
2022-04-07,-2.5215472078861105,-3.6165864161620718,-4.210732583775266,-5.571583463599545,"GJR-GARCH(1,1)-Student-t"
2022-04-08,-2.3025111207004825,-3.30242892782025,-3.8449641434896047,-5.087603692180522,"GJR-GARCH(1,1)-Student-t"
2022-04-11,-2.1416080296109734,-3.0716500109184133,-3.576272014164475,-4.732073960770928,"GJR-GARCH(1,1)-Student-t"
2022-04-12,-2.8205270391464343,-4.04540503715033,-4.709999110867125,-6.232206068082244,"GJR-GARCH(1,1)-Student-t"
2022-04-13,-2.6111712833596887,-3.7451317842222465,-4.36039585944469,-5.769615852319962,"GJR-GARCH(1,1)-Student-t"
2022-04-14,-2.383882369096236,-3.4191374909968006,-3.9808460202718003,-5.267400723366904,"GJR-GARCH(1,1)-Student-t"
2022-04-18,-2.630928396678893,-3.7734688732243247,-4.393388270038604,-5.813270956421711,"GJR-GARCH(1,1)-Student-t"
2022-04-19,-2.402699087982649,-3.4461257979015887,-4.012268065866252,-5.308977942091524,"GJR-GARCH(1,1)-Student-t"
2022-04-20,-2.1988413760563157,-3.153738239391141,-3.6718459998515938,-4.858536144633296,"GJR-GARCH(1,1)-Student-t"
2022-04-21,-2.0213547242747723,-2.8991739735008584,-3.3754609765990464,-4.466363556714663,"GJR-GARCH(1,1)-Student-t"
2022-04-22,-2.5686589769525154,-3.6841575421414112,-4.289404543779342,-5.675681119455591,"GJR-GARCH(1,1)-Student-t"
2022-04-25,-4.050331993233882,-5.809280755031543,-6.763650843291144,-8.94956980579732,"GJR-GARCH(1,1)-Student-t"
2022-04-26,-3.6693045586889736,-5.262783493488924,-6.127372994146467,-8.10765570367433,"GJR-GARCH(1,1)-Student-t"
2022-04-27,-4.7286270957449155,-6.782140928427696,-7.896336077430689,-10.448323334889182,"GJR-GARCH(1,1)-Student-t"
2022-04-28,-4.277831449067216,-6.135577022290745,-7.143552265906838,-9.452250145128152,"GJR-GARCH(1,1)-Student-t"
2022-04-29,-3.8802540112180024,-5.565342542206036,-6.479637560328507,-8.57376733453744,"GJR-GARCH(1,1)-Student-t"
2022-05-02,-5.5792312446065475,-8.002139269399871,-9.31676024966291,-12.327809070886826,"GJR-GARCH(1,1)-Student-t"
2022-05-03,-5.042276451142356,-7.231999647955427,-8.420099248122737,-11.141359561391575,"GJR-GARCH(1,1)-Student-t"
2022-05-04,-4.562329384408381,-6.5436246547773,-7.618635469826745,-10.080873708874114,"GJR-GARCH(1,1)-Student-t"
2022-05-05,-4.136494535424415,-5.932861340274485,-6.907533703293888,-9.139953627979624,"GJR-GARCH(1,1)-Student-t"
2022-05-06,-5.667680078101242,-8.128999019929967,-9.464460988331707,-12.52324465762995,"GJR-GARCH(1,1)-Student-t"
2022-05-09,-5.176095198462884,-7.423932228980936,-8.643563222106755,-11.43704401947305,"GJR-GARCH(1,1)-Student-t"
2022-05-10,-6.045247321209614,-8.670533423229221,-10.09496066255967,-13.357513158144375,"GJR-GARCH(1,1)-Student-t"
2022-05-11,-5.464740314456572,-7.837928049614188,-9.12557180448072,-12.07483114877586,"GJR-GARCH(1,1)-Student-t"
2022-05-12,-5.3263122941576,-7.639384514016785,-8.894410803902415,-11.768962090927388,"GJR-GARCH(1,1)-Student-t"
2022-05-13,-4.825440001730939,-6.920997040105158,-8.058003983742491,-10.662240085829943,"GJR-GARCH(1,1)-Student-t"
2022-05-16,-4.372559786695067,-6.27144329440298,-7.3017391507722,-9.661560856349803,"GJR-GARCH(1,1)-Student-t"
2022-05-17,-3.9970790593739887,-5.732901523813451,-6.674723750003264,-8.831902698572835,"GJR-GARCH(1,1)-Student-t"
2022-05-18,-3.6277144381831063,-5.203131917505082,-6.057921637047343,-8.01575862281267,"GJR-GARCH(1,1)-Student-t"
2022-05-19,-5.820564032965257,-8.348276308366643,-9.71976195920745,-12.86105539228764,"GJR-GARCH(1,1)-Student-t"
2022-05-20,-5.320100467469987,-7.630475060349721,-8.884037672296355,-11.755236505801236,"GJR-GARCH(1,1)-Student-t"
2022-05-23,-4.819290942568244,-6.912177612187874,-8.047735667648729,-10.648653191148608,"GJR-GARCH(1,1)-Student-t"
2022-05-24,-4.370082706011363,-6.2678904851101755,-7.297602672853051,-9.656087525637547,"GJR-GARCH(1,1)-Student-t"
2022-05-25,-4.089283654082549,-5.865148060260518,-6.828696235665593,-9.035636974710693,"GJR-GARCH(1,1)-Student-t"
2022-05-26,-3.7113233883455363,-5.323049955319852,-6.197540252809578,-8.200500055642888,"GJR-GARCH(1,1)-Student-t"
2022-05-27,-3.3744989501919203,-4.839951846409567,-5.635077003139066,-7.456256416704182,"GJR-GARCH(1,1)-Student-t"
2022-05-31,-3.076813708460929,-4.412990019889263,-5.1379723115649885,-6.7984943232566195,"GJR-GARCH(1,1)-Student-t"
2022-06-01,-2.910062154775629,-4.173822812530989,-4.859513832460617,-6.430041892091781,"GJR-GARCH(1,1)-Student-t"
2022-06-02,-2.809767994399518,-4.029973632590113,-4.692032578198433,-6.208432999067884,"GJR-GARCH(1,1)-Student-t"
2022-06-03,-2.5689236243480806,-3.6845371186858755,-4.289846478559793,-5.676265881481145,"GJR-GARCH(1,1)-Student-t"
2022-06-06,-3.05489639737481,-4.381554618122858,-5.101372585947942,-6.750066069511427,"GJR-GARCH(1,1)-Student-t"
2022-06-07,-2.784236190231832,-3.9933540619375476,-4.649397009292479,-6.152018200466593,"GJR-GARCH(1,1)-Student-t"
2022-06-08,-2.542057999876368,-3.646004485934748,-4.244983562651372,-5.616903887948868,"GJR-GARCH(1,1)-Student-t"
2022-06-09,-2.6673626853662413,-3.825725580192605,-4.454229901741031,-5.893775767009262,"GJR-GARCH(1,1)-Student-t"
2022-06-10,-3.7203997859773326,-5.336067984996306,-6.21269693245927,-8.220555165773769,"GJR-GARCH(1,1)-Student-t"
2022-06-13,-4.824795717060649,-6.920072960167482,-8.056928092541275,-10.660816481384382,"GJR-GARCH(1,1)-Student-t"
2022-06-14,-6.349201933261108,-9.106487236680449,-10.60253457787294,-14.029127984507525,"GJR-GARCH(1,1)-Student-t"
2022-06-15,-5.766259736060357,-8.27038913579606,-9.629079194394903,-12.74106520463956,"GJR-GARCH(1,1)-Student-t"
2022-06-16,-5.224080974158774,-7.4927569188411915,-8.723694686093822,-11.543072870933399,"GJR-GARCH(1,1)-Student-t"
2022-06-17,-6.102170047112951,-8.752176137126895,-10.190015942892662,-13.483288998213581,"GJR-GARCH(1,1)-Student-t"
2022-06-21,-5.525706899694187,-7.925370760708616,-9.2273799269615,-12.20954225673358,"GJR-GARCH(1,1)-Student-t"
2022-06-22,-5.01084520094221,-7.186918662693154,-8.367612192178424,-11.071909410584285,"GJR-GARCH(1,1)-Student-t"
2022-06-23,-4.549546042363409,-6.5252898557902315,-7.597288562376446,-10.05262777442381,"GJR-GARCH(1,1)-Student-t"
2022-06-24,-4.128737798013584,-5.921736063275502,-6.894580724718899,-9.122814424813209,"GJR-GARCH(1,1)-Student-t"
2022-06-27,-3.7554256367533227,-5.386304607866103,-6.271186613190076,-8.297947907171466,"GJR-GARCH(1,1)-Student-t"
2022-06-28,-3.436833188425029,-4.929356144909559,-5.739168969845887,-7.593989475942369,"GJR-GARCH(1,1)-Student-t"
2022-06-29,-3.937303582254258,-5.647167186619718,-6.574904659394301,-8.699823450241702,"GJR-GARCH(1,1)-Student-t"
2022-06-30,-3.581037897604872,-5.136185027880835,-5.9799764652512355,-7.912622643121162,"GJR-GARCH(1,1)-Student-t"
2022-07-01,-3.429238570255651,-4.918463391118788,-5.726486714250149,-7.577208489700063,"GJR-GARCH(1,1)-Student-t"
2022-07-05,-3.1207860507465295,-4.476058351626051,-5.211401741665612,-6.8956551356213325,"GJR-GARCH(1,1)-Student-t"
2022-07-06,-2.841405992867084,-4.075351151255837,-4.744864883148414,-6.2783399786128165,"GJR-GARCH(1,1)-Student-t"
2022-07-07,-2.5896079049285023,-3.714204018413662,-4.324387166094629,-5.721969644344639,"GJR-GARCH(1,1)-Student-t"
2022-07-08,-2.3709596887523468,-3.400602842886328,-3.959266431746332,-5.23884690851695,"GJR-GARCH(1,1)-Student-t"
2022-07-11,-2.1732393399512273,-3.1170179369854694,-3.6290931506082664,-4.801966162302023,"GJR-GARCH(1,1)-Student-t"
2022-07-12,-2.4363833377338544,-3.4944381989971633,-4.068517406566214,-5.383406296361722,"GJR-GARCH(1,1)-Student-t"
2022-07-13,-2.499879353751426,-3.5855088037002463,-4.174549426410588,-5.5237064072386985,"GJR-GARCH(1,1)-Student-t"
2022-07-14,-2.3591229208046927,-3.383625689320904,-3.9395002087194952,-5.2126925139637335,"GJR-GARCH(1,1)-Student-t"
2022-07-15,-2.199867861692238,-3.1552104997540047,-3.673560128581937,-4.86080425620259,"GJR-GARCH(1,1)-Student-t"
2022-07-18,-2.0234948087503497,-2.902243438319763,-3.379034704429786,-4.471092264246905,"GJR-GARCH(1,1)-Student-t"
2022-07-19,-2.127371695522232,-3.051231225055407,-3.552498754780912,-4.7006175108012265,"GJR-GARCH(1,1)-Student-t"
2022-07-20,-1.9613459922981362,-2.813105085225016,-3.27525237362116,-4.333768910972181,"GJR-GARCH(1,1)-Student-t"
2022-07-21,-1.8079739075388206,-2.5931276853872367,-3.0191362744587757,-3.9948796097723975,"GJR-GARCH(1,1)-Student-t"
2022-07-22,-1.6735085109966448,-2.400267633012503,-2.794592460708383,-3.6977663225582327,"GJR-GARCH(1,1)-Student-t"
2022-07-25,-1.9255148309623804,-2.7617134273742625,-3.215417904498744,-4.254596764063528,"GJR-GARCH(1,1)-Student-t"
2022-07-26,-1.7768823008206183,-2.5485338415115275,-2.967216389286365,-3.926179931532743,"GJR-GARCH(1,1)-Student-t"
2022-07-27,-2.1525045803950946,-3.087278636639012,-3.5944681682138473,-4.756150861639256,"GJR-GARCH(1,1)-Student-t"
2022-07-28,-1.982222705775409,-2.8430479862105216,-3.3101144049192324,-4.379897871485196,"GJR-GARCH(1,1)-Student-t"
2022-07-29,-1.827780424192441,-2.6215356322450005,-3.0522111836984895,-4.038643874948037,"GJR-GARCH(1,1)-Student-t"
2022-08-01,-1.6911905202109776,-2.425628456769841,-2.824119654215826,-3.7368362990526967,"GJR-GARCH(1,1)-Student-t"
2022-08-02,-1.6179882211212153,-2.320636394875506,-2.701879108799693,-3.575089289982062,"GJR-GARCH(1,1)-Student-t"
2022-08-03,-1.7194448961937476,-2.466152937952205,-2.871301646768971,-3.79926686291745,"GJR-GARCH(1,1)-Student-t"
2022-08-04,-1.5955598176863268,-2.288467947287003,-2.6644259098867473,-3.5255317321057125,"GJR-GARCH(1,1)-Student-t"
2022-08-05,-1.4938041298112887,-2.142522538299557,-2.494504050331683,-3.3006934637129337,"GJR-GARCH(1,1)-Student-t"
2022-08-08,-1.4190729653171057,-2.0353376664366136,-2.3697104520302155,-3.135568290165069,"GJR-GARCH(1,1)-Student-t"
2022-08-09,-1.3469031258512747,-1.931826433233277,-2.2491940113091387,-2.976102592723081,"GJR-GARCH(1,1)-Student-t"
2022-08-10,-1.3839893475829266,-1.985018189993567,-2.311124306235282,-3.058047907520768,"GJR-GARCH(1,1)-Student-t"
2022-08-11,-1.302634309959924,-1.8683328774864238,-2.175269499828298,-2.87828669548269,"GJR-GARCH(1,1)-Student-t"
2022-08-12,-1.2382283321276129,-1.7759571393604483,-2.067717934424225,-2.735975942812589,"GJR-GARCH(1,1)-Student-t"
2022-08-15,-1.1763705886995561,-1.6872362643688217,-1.9644216665626821,-2.5992957413468103,"GJR-GARCH(1,1)-Student-t"
2022-08-16,-1.119926434058481,-1.6062799521854791,-1.8701655525516057,-2.4745773471674246,"GJR-GARCH(1,1)-Student-t"
2022-08-17,-1.0709150737672846,-1.5359842943003497,-1.7883214644822418,-2.366282375067389,"GJR-GARCH(1,1)-Student-t"
2022-08-18,-1.3665019675485217,-1.959936517562888,-2.281922124064971,-3.019407981559179,"GJR-GARCH(1,1)-Student-t"
2022-08-19,-1.2850460265805654,-1.8431064821389724,-2.1458988191261805,-2.839423814580417,"GJR-GARCH(1,1)-Student-t"
2022-08-22,-1.9662293577965664,-2.8201091632258333,-3.283407107412546,-4.3445591426095955,"GJR-GARCH(1,1)-Student-t"
2022-08-23,-3.1253208721962387,-4.48256252240003,-5.218974441625453,-6.905675228094937,"GJR-GARCH(1,1)-Student-t"
2022-08-24,-2.864529632206863,-4.108516756748737,-4.783479056747448,-6.32943372223214,"GJR-GARCH(1,1)-Student-t"
2022-08-25,-2.6140420278103997,-3.7492492147237435,-4.36518971662908,-5.775959018238006,"GJR-GARCH(1,1)-Student-t"
2022-08-26,-2.393044185099279,-3.432278033914401,-3.99614534009017,-5.28764457300789,"GJR-GARCH(1,1)-Student-t"
2022-08-29,-4.555279135742062,-6.5335126753237995,-7.606862257058749,-10.065295555603504,"GJR-GARCH(1,1)-Student-t"
2022-08-30,-4.216041482881771,-6.046953358350407,-7.040369179286958,-9.315719703525271,"GJR-GARCH(1,1)-Student-t"
2022-08-31,-4.057091786711258,-5.818976142526126,-6.774939024835301,-8.964506172420998,"GJR-GARCH(1,1)-Student-t"
2022-09-01,-3.8122667108352255,-5.467830210782341,-6.366105543117269,-8.423543330258333,"GJR-GARCH(1,1)-Student-t"
2022-09-02,-3.467883706727581,-4.973891056790881,-5.791020241458318,-7.66259836566279,"GJR-GARCH(1,1)-Student-t"
2022-09-06,-3.416238094469783,-4.899817163126796,-5.7047772150883125,-7.5484827788821445,"GJR-GARCH(1,1)-Student-t"
2022-09-07,-3.1588830709574975,-4.530699869088159,-5.275019969333676,-6.979833899816588,"GJR-GARCH(1,1)-Student-t"
2022-09-08,-2.8828252106796266,-4.134757606165906,-4.814030849778865,-6.36985943473002,"GJR-GARCH(1,1)-Student-t"
2022-09-09,-2.633185388450443,-3.776706014990637,-4.397157221404676,-5.8182579810518735,"GJR-GARCH(1,1)-Student-t"
2022-09-12,-2.411181774419739,-3.4582922837976273,-4.026433306979682,-5.327721194382015,"GJR-GARCH(1,1)-Student-t"
2022-09-13,-2.211458198254821,-3.1718342035021987,-3.692914835750756,-4.886414138630203,"GJR-GARCH(1,1)-Student-t"
2022-09-14,-5.475233575632673,-7.852978248044756,-9.143094505069504,-12.098016945284114,"GJR-GARCH(1,1)-Student-t"
2022-09-15,-4.970793858218045,-7.129474113730416,-8.300730440647,-10.983412396481585,"GJR-GARCH(1,1)-Student-t"
2022-09-16,-4.719659137753964,-6.769278430771751,-7.881360481176005,-10.428507831816951,"GJR-GARCH(1,1)-Student-t"
2022-09-19,-4.384166955404036,-6.288091140039846,-7.3211219659482865,-9.68720793090619,"GJR-GARCH(1,1)-Student-t"
2022-09-20,-3.991903149782415,-5.725477857795372,-6.666080496726169,-8.82046606466834,"GJR-GARCH(1,1)-Student-t"
2022-09-21,-3.880474346981146,-5.565658563784171,-6.480005499098139,-8.574254186058813,"GJR-GARCH(1,1)-Student-t"
2022-09-22,-4.072707682822,-5.841373596586744,-6.801016015332527,-8.999010887727456,"GJR-GARCH(1,1)-Student-t"
2022-09-23,-3.850164450086508,-5.5221859049969035,-6.42939099143952,-8.507281765398426,"GJR-GARCH(1,1)-Student-t"
2022-09-26,-4.055118686003594,-5.816146177973117,-6.771644143258288,-8.960146430417971,"GJR-GARCH(1,1)-Student-t"
2022-09-27,-3.898582559866854,-5.591630679847913,-6.510244410268758,-8.614265897580141,"GJR-GARCH(1,1)-Student-t"
2022-09-28,-3.5676153629532497,-5.116933452364143,-5.957562169838611,-7.882964355594091,"GJR-GARCH(1,1)-Student-t"
2022-09-29,-3.2572642431488457,-4.671805302228796,-5.439306723942327,-7.1972158748185056,"GJR-GARCH(1,1)-Student-t"
2022-09-30,-3.8704433383314654,-5.551271361550011,-6.463254714168457,-8.552089777738002,"GJR-GARCH(1,1)-Student-t"
2022-10-03,-3.952672554766895,-5.66921048489537,-6.600569312086788,-8.733782565833954,"GJR-GARCH(1,1)-Student-t"
2022-10-04,-3.6064085022489536,-5.172573394451423,-6.022342847015102,-7.968681256996962,"GJR-GARCH(1,1)-Student-t"
2022-10-05,-3.294808181478149,-4.725653549426521,-5.5020013599785,-7.280172555264441,"GJR-GARCH(1,1)-Student-t"
2022-10-06,-3.024049080545593,-4.337311152574927,-5.04986064054847,-6.681906171570765,"GJR-GARCH(1,1)-Student-t"
2022-10-07,-3.0274355897423826,-4.342168330390599,-5.055515773466695,-6.689388965698573,"GJR-GARCH(1,1)-Student-t"
2022-10-10,-4.286632518938955,-6.148200156867118,-7.158249175631593,-9.471696894015505,"GJR-GARCH(1,1)-Student-t"
2022-10-11,-4.0115124594236145,-5.753602956011609,-6.6988260899053484,-8.863794583360281,"GJR-GARCH(1,1)-Student-t"
2022-10-12,-3.745288728803623,-5.371765517153024,-6.254258986981438,-8.275549504901644,"GJR-GARCH(1,1)-Student-t"
2022-10-13,-3.4457012867721866,-4.942075416600851,-5.753977810445706,-7.613584330224721,"GJR-GARCH(1,1)-Student-t"
2022-10-14,-3.150067292240971,-4.518055638016709,-5.260298497303751,-6.960354650424732,"GJR-GARCH(1,1)-Student-t"
2022-10-17,-3.9923022515212176,-5.726050278538757,-6.666746956862453,-8.821347915557844,"GJR-GARCH(1,1)-Student-t"
2022-10-18,-3.6443949504154998,-5.227056321444706,-6.085776430386661,-8.052615702397663,"GJR-GARCH(1,1)-Student-t"
2022-10-19,-3.3268330614757167,-4.771585961723303,-5.5554797185337215,-7.350934384057561,"GJR-GARCH(1,1)-Student-t"
2022-10-20,-3.149608881379146,-4.517398151815097,-5.25953299684173,-6.959341750737868,"GJR-GARCH(1,1)-Student-t"
2022-10-21,-3.0385894236305315,-4.358165970253081,-5.074141564663449,-6.714034356533451,"GJR-GARCH(1,1)-Student-t"
2022-10-24,-2.7831076856813253,-3.9917354786268024,-4.647512519140204,-6.149524669006013,"GJR-GARCH(1,1)-Student-t"
2022-10-25,-2.5507062345198688,-3.6584084131099552,-4.2594252527738625,-5.636012933767387,"GJR-GARCH(1,1)-Student-t"
2022-10-26,-2.344066519752158,-3.3620307037689443,-3.914357519219962,-5.1794240528921875,"GJR-GARCH(1,1)-Student-t"
2022-10-27,-2.337653110278224,-3.3528321254071454,-3.903647764446968,-5.1652530526196125,"GJR-GARCH(1,1)-Student-t"
2022-10-28,-2.278932469672187,-3.268610711467344,-3.805590145709273,-5.035504559650948,"GJR-GARCH(1,1)-Student-t"
2022-10-31,-2.1040723758440367,-3.0178136460426312,-3.5135912125219595,-4.649135585804479,"GJR-GARCH(1,1)-Student-t"
2022-11-01,-2.144586335147839,-3.075921713353379,-3.581245487645081,-4.738654792502673,"GJR-GARCH(1,1)-Student-t"
2022-11-02,-2.0477229803726655,-2.9369932443530073,-3.4194933368822436,-4.524626570462537,"GJR-GARCH(1,1)-Student-t"
2022-11-03,-3.470517166820784,-4.977668156807409,-5.795417857409287,-7.668417230628495,"GJR-GARCH(1,1)-Student-t"
2022-11-04,-3.414823026493928,-4.8977875697075595,-5.702414192569617,-7.545356059973419,"GJR-GARCH(1,1)-Student-t"
2022-11-07,-3.1234544523865764,-4.4798855673506175,-5.215857706518146,-6.901551207051378,"GJR-GARCH(1,1)-Student-t"
2022-11-08,-2.8599394008069203,-4.101933112993762,-4.775813827691906,-6.319291196531239,"GJR-GARCH(1,1)-Student-t"
2022-11-09,-2.6222100891277593,-3.7609644423880733,-4.378829565142609,-5.794007078263667,"GJR-GARCH(1,1)-Student-t"
2022-11-10,-3.4143790560515233,-4.897150795005837,-5.701672806169149,-7.544375067681268,"GJR-GARCH(1,1)-Student-t"
2022-11-11,-3.135708820202332,-4.497461673021972,-5.236321279713996,-6.928628325760716,"GJR-GARCH(1,1)-Student-t"
2022-11-14,-2.8696477106163925,-4.115857477079043,-4.792025737712977,-6.340742572981694,"GJR-GARCH(1,1)-Student-t"
2022-11-15,-2.843579129671691,-4.078468022129172,-4.7484938050752135,-6.283141718214129,"GJR-GARCH(1,1)-Student-t"
2022-11-16,-2.60640858996433,-3.738300782929021,-4.352442636041357,-5.759092256457554,"GJR-GARCH(1,1)-Student-t"
2022-11-17,-2.5946920500038586,-3.7214960690878773,-4.332877181773292,-5.733203516365675,"GJR-GARCH(1,1)-Student-t"
2022-11-18,-2.4186902687879885,-3.4690615125684046,-4.038971744409131,-5.34431188240397,"GJR-GARCH(1,1)-Student-t"
2022-11-21,-2.2236745513977385,-3.189355785764683,-3.713314928230846,-4.913407260529211,"GJR-GARCH(1,1)-Student-t"
2022-11-22,-2.1106254130887625,-3.0272124887094507,-3.5245341317593084,-4.663615106090627,"GJR-GARCH(1,1)-Student-t"
2022-11-23,-1.9491633219224853,-2.79563181323734,-3.254908528006169,-4.306850214151763,"GJR-GARCH(1,1)-Student-t"
2022-11-25,-1.8027472565071332,-2.585631242304949,-3.0104082880326963,-3.98333085813012,"GJR-GARCH(1,1)-Student-t"
2022-11-28,-1.6740598318605753,-2.4010583774971597,-2.79551311161613,-3.6989845151817953,"GJR-GARCH(1,1)-Student-t"
2022-11-29,-2.397768487721996,-3.4390539723690607,-4.004034454728545,-5.298083341033904,"GJR-GARCH(1,1)-Student-t"
2022-11-30,-2.2199061162912006,-3.1839508220289776,-3.707022017099412,-4.905080567038179,"GJR-GARCH(1,1)-Student-t"
2022-12-01,-2.0503272009738613,-2.9407284069632955,-3.423842125795058,-4.530380828162654,"GJR-GARCH(1,1)-Student-t"
2022-12-02,-1.9018327628434526,-2.727746882707688,-3.1758712104817985,-4.202269122247982,"GJR-GARCH(1,1)-Student-t"
2022-12-05,-1.7734139528227844,-2.543559284534661,-2.961424593725022,-3.9185163072744684,"GJR-GARCH(1,1)-Student-t"
2022-12-06,-2.6693531754513184,-3.828580485855557,-4.457553821845602,-5.898173932392718,"GJR-GARCH(1,1)-Student-t"
2022-12-07,-2.9844506759547285,-4.280516240428479,-4.983735250567748,-6.594409964673119,"GJR-GARCH(1,1)-Student-t"
2022-12-08,-2.747464265158091,-3.940613092305133,-4.587991558467726,-6.070767352168047,"GJR-GARCH(1,1)-Student-t"
2022-12-09,-2.521010130449397,-3.615816100636758,-4.2098357179717185,-5.570396743098851,"GJR-GARCH(1,1)-Student-t"
2022-12-12,-2.485440388921088,-3.5647993900888237,-4.1504377938792025,-5.491802226571922,"GJR-GARCH(1,1)-Student-t"
2022-12-13,-2.2862287336544003,-3.2790755439813966,-3.8177741795412183,-5.051626305705204,"GJR-GARCH(1,1)-Student-t"
2022-12-14,-2.106479232035705,-3.021265734261015,-3.5176104225367566,-4.654453749237954,"GJR-GARCH(1,1)-Student-t"
2022-12-15,-2.085424266019051,-2.9910671705179155,-3.4824507272594554,-4.607930923840057,"GJR-GARCH(1,1)-Student-t"
2022-12-16,-3.48519332492882,-4.998717770270512,-5.819925579079884,-7.700845510998647,"GJR-GARCH(1,1)-Student-t"
2022-12-19,-3.4529014405317273,-4.952402400842745,-5.766001349782456,-7.6294937121694915,"GJR-GARCH(1,1)-Student-t"
2022-12-20,-3.339453368958627,-4.789686924682765,-5.576554374510558,-7.37882007910123,"GJR-GARCH(1,1)-Student-t"
2022-12-21,-3.055584920497499,-4.382542148066753,-5.102522350956633,-6.751587422763385,"GJR-GARCH(1,1)-Student-t"
2022-12-22,-2.8012495183253376,-4.0177558145933165,-4.677807571957232,-6.189610666382008,"GJR-GARCH(1,1)-Student-t"
2022-12-23,-3.082871773676651,-4.421678937669141,-5.148088676834176,-6.811880158695972,"GJR-GARCH(1,1)-Student-t"
2022-12-27,-2.8247914543316712,-4.051521371591172,-4.717120259309266,-6.241628673795784,"GJR-GARCH(1,1)-Student-t"
2022-12-28,-2.6446935482715004,-3.7932118548788183,-4.4163747016034485,-5.843686286639385,"GJR-GARCH(1,1)-Student-t"
2022-12-29,-2.816162271941499,-4.039144770543498,-4.702710384551419,-6.222561725630347,"GJR-GARCH(1,1)-Student-t"
2022-12-30,-2.5856182986552745,-3.7084818349032904,-4.317724921152883,-5.713154253433586,"GJR-GARCH(1,1)-Student-t"
2023-01-03,-2.402838243980983,-3.4463253855562357,-4.012500442517611,-5.309285419681774,"GJR-GARCH(1,1)-Student-t"
2023-01-04,-2.2718320910817877,-3.2584268320304113,-3.7937332209631376,-5.019815639841777,"GJR-GARCH(1,1)-Student-t"
2023-01-05,-2.094173185376252,-3.003615507033049,-3.4970605508213435,-4.627262441514006,"GJR-GARCH(1,1)-Student-t"
2023-01-06,-2.3772366652483012,-3.409605739147338,-3.9697483570406296,-5.252716447955628,"GJR-GARCH(1,1)-Student-t"
2023-01-09,-2.191397871691259,-3.1430622240101416,-3.659416089251707,-4.842089057820138,"GJR-GARCH(1,1)-Student-t"
2023-01-10,-2.0279917921969033,-2.90869333907738,-3.386544218694631,-4.4810287502776,"GJR-GARCH(1,1)-Student-t"
2023-01-11,-1.8755774414062365,-2.690089590960449,-3.1320274398288355,-4.144255647706009,"GJR-GARCH(1,1)-Student-t"
2023-01-12,-1.7409616306131814,-2.4970138035263725,-2.9072324492671338,-3.8468100067884237,"GJR-GARCH(1,1)-Student-t"
2023-01-13,-1.6184721758046672,-2.321330517884084,-2.702687264898579,-3.576158631021175,"GJR-GARCH(1,1)-Student-t"
2023-01-17,-1.509326160841572,-2.164785364234285,-2.520424295497498,-3.3349907757518804,"GJR-GARCH(1,1)-Student-t"
2023-01-18,-1.4434689419280848,-2.0703281505902855,-2.410449302093224,-3.1894733764704104,"GJR-GARCH(1,1)-Student-t"
2023-01-19,-2.2736472298845363,-3.2610302361296637,-3.7967643218986677,-5.0238263509265835,"GJR-GARCH(1,1)-Student-t"
2023-01-20,-2.2921990860475376,-3.2876386576511267,-3.8277440731366186,-5.064818331839567,"GJR-GARCH(1,1)-Student-t"
2023-01-23,-2.115305487063112,-3.033924991219548,-3.532349388961965,-4.6739561469731274,"GJR-GARCH(1,1)-Student-t"
2023-01-24,-1.9546115104407864,-2.8034460014969746,-3.264006459960333,-4.318888472630606,"GJR-GARCH(1,1)-Student-t"
2023-01-25,-1.8165020274033095,-2.605359335209557,-3.0333773848688597,-4.013723251273131,"GJR-GARCH(1,1)-Student-t"
2023-01-26,-1.6892736840851736,-2.4228791909726715,-2.8209187288841737,-3.7326008786617724,"GJR-GARCH(1,1)-Student-t"
2023-01-27,-1.5741057018181774,-2.2576968937937933,-2.628599674129758,-3.4781269495090235,"GJR-GARCH(1,1)-Student-t"
2023-01-30,-1.4709303080184541,-2.109715239303546,-2.4563070471435884,-3.2501517142458995,"GJR-GARCH(1,1)-Student-t"
2023-01-31,-2.0597441138219708,-2.954234828331153,-3.4395674319261884,-4.551188337036013,"GJR-GARCH(1,1)-Student-t"
2023-02-01,-1.9058777903837674,-2.7335485554305117,-3.182626003417264,-4.211206971391927,"GJR-GARCH(1,1)-Student-t"
2023-02-02,-1.767124863921015,-2.5345390157802075,-2.950922441919925,-3.904620004394785,"GJR-GARCH(1,1)-Student-t"
2023-02-03,-1.643619970470095,-2.3573993141766847,-2.744681576199448,-3.631724926375746,"GJR-GARCH(1,1)-Student-t"
2023-02-06,-1.9684845050297222,-2.823343659421014,-3.2871729785832944,-4.349542091567655,"GJR-GARCH(1,1)-Student-t"
2023-02-07,-1.974687561444406,-2.832240534124716,-3.2975314647074554,-4.363248297993511,"GJR-GARCH(1,1)-Student-t"
2023-02-08,-1.8290323284300303,-2.623331204362723,-3.054301739032333,-4.041410069023781,"GJR-GARCH(1,1)-Student-t"
2023-02-09,-2.1494470815075855,-3.0828933493402406,-3.5893624497286942,-4.749395045135666,"GJR-GARCH(1,1)-Student-t"
2023-02-10,-2.251773056110117,-3.2296567050333915,-3.7602366312938487,-4.975493412919198,"GJR-GARCH(1,1)-Student-t"
2023-02-13,-2.0761326910209448,-2.977740517811273,-3.466934722848847,-4.5874003601257085,"GJR-GARCH(1,1)-Student-t"
2023-02-14,-1.9196737515643696,-2.7533357264371148,-3.205663883924114,-4.241690378142318,"GJR-GARCH(1,1)-Student-t"
2023-02-15,-1.7820709980179201,-2.555975848443879,-2.975880996590837,-3.9376448207926775,"GJR-GARCH(1,1)-Student-t"
2023-02-16,-1.656318816307251,-2.375612922556476,-2.7658873834021134,-3.659784158918298,"GJR-GARCH(1,1)-Student-t"
2023-02-17,-2.2397380022097595,-3.212395155331809,-3.7401392904837154,-4.948900887867495,"GJR-GARCH(1,1)-Student-t"
2023-02-21,-2.1005205933083766,-3.0127194211828083,-3.5076600895960772,-4.6412876054929875,"GJR-GARCH(1,1)-Student-t"
2023-02-22,-3.0377833600191653,-4.357009855190745,-5.072795518750701,-6.712253287087813,"GJR-GARCH(1,1)-Student-t"
2023-02-23,-2.7942035316730167,-4.0076499480303,-4.666041476327936,-6.174041930411475,"GJR-GARCH(1,1)-Student-t"
2023-02-24,-2.565152255365046,-3.679127946971096,-4.283548668146949,-5.667932705328308,"GJR-GARCH(1,1)-Student-t"
2023-02-27,-2.6714134133951912,-3.831535428970867,-4.460994213924506,-5.902726211891298,"GJR-GARCH(1,1)-Student-t"
2023-02-28,-2.455015427577366,-3.521161697499198,-4.099631140055928,-5.424575560748184,"GJR-GARCH(1,1)-Student-t"
2023-03-01,-2.2972337452170795,-3.2948597320397504,-3.836151452283474,-5.075942860337844,"GJR-GARCH(1,1)-Student-t"
2023-03-02,-2.2013613263728136,-3.15735253542952,-3.676054065785869,-4.86410419962294,"GJR-GARCH(1,1)-Student-t"
2023-03-03,-2.0327441889662308,-2.915509572200602,-3.3944802477584735,-4.491529594826391,"GJR-GARCH(1,1)-Student-t"
2023-03-06,-1.882618885876515,-2.7001889427955934,-3.1437859504667154,-4.159814347320182,"GJR-GARCH(1,1)-Student-t"
2023-03-07,-1.7465136285934577,-2.504976882867195,-2.916503732678957,-3.8590776415327195,"GJR-GARCH(1,1)-Student-t"
2023-03-08,-2.41699131493769,-3.4666247493789393,-4.036134660767226,-5.340557892334643,"GJR-GARCH(1,1)-Student-t"
2023-03-09,-2.2269362353531226,-3.194033930139678,-3.71876161543383,-4.920614242152427,"GJR-GARCH(1,1)-Student-t"
2023-03-10,-2.9697991099688656,-4.2595018987757625,-4.959268595290758,-6.5620360227903864,"GJR-GARCH(1,1)-Student-t"
2023-03-13,-3.210032824706627,-4.604062566411687,-5.36043496140281,-7.0928538429945505,"GJR-GARCH(1,1)-Student-t"
2023-03-14,-2.951402004413039,-4.233115431831255,-4.928547262147044,-6.521385977146836,"GJR-GARCH(1,1)-Student-t"
2023-03-15,-2.7110778421671338,-3.8884250378002387,-4.527229857708811,-5.99036830510602,"GJR-GARCH(1,1)-Student-t"
2023-03-16,-2.6328862854793136,-3.7762770197534916,-4.396657749246273,-5.817597086358867,"GJR-GARCH(1,1)-Student-t"
2023-03-17,-2.423162671624088,-3.4754761580265807,-4.046440211503793,-5.354194055383416,"GJR-GARCH(1,1)-Student-t"
2023-03-20,-2.584777895989268,-3.7072764682710577,-4.316321532440517,-5.711297308783871,"GJR-GARCH(1,1)-Student-t"
2023-03-21,-2.378648984269592,-3.411631389815988,-3.972106789079116,-5.255837092804053,"GJR-GARCH(1,1)-Student-t"
2023-03-22,-2.1932907485715525,-3.145777125714669,-3.6625770050307174,-4.846271538121077,"GJR-GARCH(1,1)-Student-t"
2023-03-23,-2.7883304645734817,-3.999226368004926,-4.656234039479096,-6.161064864810624,"GJR-GARCH(1,1)-Student-t"
2023-03-24,-2.5621961238284485,-3.674888048100193,-4.278612223037317,-5.661400869027953,"GJR-GARCH(1,1)-Student-t"
2023-03-27,-2.358649835923872,-3.3829471565739,-3.938710204107909,-5.211647190723061,"GJR-GARCH(1,1)-Student-t"
2023-03-28,-2.1751596866898177,-3.11977223795885,-3.6322999383134658,-4.806209339705025,"GJR-GARCH(1,1)-Student-t"
2023-03-29,-2.0247369921089087,-2.904025068045709,-3.3811090268642614,-4.473836979173383,"GJR-GARCH(1,1)-Student-t"
2023-03-30,-1.8763027830500307,-2.6911299287053927,-3.1332386880990803,-4.145858354764352,"GJR-GARCH(1,1)-Student-t"
2023-03-31,-1.7418237052746686,-2.4982502537108866,-2.9086720280524996,-3.848714837645172,"GJR-GARCH(1,1)-Student-t"
2023-04-03,-1.6247216789891854,-2.330294009923497,-2.713123312500289,-3.5899674657277694,"GJR-GARCH(1,1)-Student-t"
2023-04-04,-1.5168158268111607,-2.175527587946176,-2.532931291377293,-3.3515398607476077,"GJR-GARCH(1,1)-Student-t"
2023-04-05,-1.5913118157450998,-2.2823751539145753,-2.6573321699266454,-3.516145392918781,"GJR-GARCH(1,1)-Student-t"
2023-04-06,-1.5274173755914908,-2.1907331003352795,-2.5506348214750867,-3.3749649283760457,"GJR-GARCH(1,1)-Student-t"
2023-04-10,-1.4307655825569912,-2.052108068571818,-2.389235957738623,-3.1614041708720415,"GJR-GARCH(1,1)-Student-t"
2023-04-11,-1.3446754399083936,-1.9286313240180686,-2.2454739977568354,-2.971180321935275,"GJR-GARCH(1,1)-Student-t"
2023-04-12,-1.2706769938312699,-1.8224973702048533,-2.1219039662019257,-2.8076741550842494,"GJR-GARCH(1,1)-Student-t"
2023-04-13,-1.3160597793303648,-1.8875886621903084,-2.1976886959289264,-2.907951467532751,"GJR-GARCH(1,1)-Student-t"
2023-04-14,-1.2462604347553767,-1.787477365182888,-2.0811307454734003,-2.753723589986841,"GJR-GARCH(1,1)-Student-t"
2023-04-17,-1.2203343884606477,-1.7502923437955982,-2.0378368314985753,-2.696437678241677,"GJR-GARCH(1,1)-Student-t"
2023-04-18,-1.1602029184437406,-1.6640474156947616,-1.9374232682233672,-2.563571831851676,"GJR-GARCH(1,1)-Student-t"
2023-04-19,-1.107377871807088,-1.5882818914556156,-1.8492107039625247,-2.4468501796120634,"GJR-GARCH(1,1)-Student-t"
2023-04-20,-1.0642961460130616,-1.5264909466721093,-1.777268514659531,-2.3516572638234456,"GJR-GARCH(1,1)-Student-t"
2023-04-21,-1.2613139206416244,-1.8090681695913178,-2.106268566935709,-2.7869856097384598,"GJR-GARCH(1,1)-Student-t"
2023-04-24,-1.196073332078544,-1.7154953720479165,-1.9973232847739932,-2.642830710216159,"GJR-GARCH(1,1)-Student-t"
2023-04-25,-1.1389503720507386,-1.6335654678044342,-1.9019336334049775,-2.5166124349891845,"GJR-GARCH(1,1)-Student-t"
2023-04-26,-2.1411351005626194,-3.0709717016776676,-3.5754822697775803,-4.73102898185599,"GJR-GARCH(1,1)-Student-t"
2023-04-27,-2.039312417493681,-2.924930203310079,-3.405448534924275,-4.506042681606695,"GJR-GARCH(1,1)-Student-t"
2023-04-28,-1.89160540967552,-2.713078068883875,-3.158792549770904,-4.179670873201272,"GJR-GARCH(1,1)-Student-t"
2023-05-01,-1.755032207414118,-2.5171948482304662,-2.930728910496541,-3.8779002012461063,"GJR-GARCH(1,1)-Student-t"
2023-05-02,-1.6367750219502053,-2.3475817911261783,-2.73325119421936,-3.616600402090286,"GJR-GARCH(1,1)-Student-t"
2023-05-03,-2.05139077111106,-2.9422538566153187,-3.425618181947339,-4.5327308812452465,"GJR-GARCH(1,1)-Student-t"
2023-05-04,-2.0805299131454467,-2.9840473336244306,-3.474277645646338,-4.597116414617183,"GJR-GARCH(1,1)-Student-t"
2023-05-05,-2.114480799110644,-3.032742163772519,-3.5309722422553547,-4.672133925384641,"GJR-GARCH(1,1)-Student-t"
2023-05-08,-1.956730557297075,-2.8064852926320745,-3.267545057063102,-4.323570695666592,"GJR-GARCH(1,1)-Student-t"
2023-05-09,-1.8128272313784262,-2.6000886754558175,-3.0272408416733523,-4.005603461685093,"GJR-GARCH(1,1)-Student-t"
2023-05-10,-1.78194021959355,-2.555788276515174,-2.9756626096532353,-3.937355854199335,"GJR-GARCH(1,1)-Student-t"
2023-05-11,-1.6568778448349828,-2.3764147219331915,-2.7668209053403974,-3.6610193823125097,"GJR-GARCH(1,1)-Student-t"
2023-05-12,-1.566968072881067,-2.247459587200117,-2.616680545016334,-3.462355721736273,"GJR-GARCH(1,1)-Student-t"
2023-05-15,-1.4860390464279918,-2.131385290899799,-2.481537134814289,-3.28353581937594,"GJR-GARCH(1,1)-Student-t"
2023-05-16,-1.393762647801828,-1.9990357680512802,-2.3274447437642882,-3.0796428860776337,"GJR-GARCH(1,1)-Student-t"
2023-05-17,-1.5283202604523878,-2.1920280834762123,-2.552142549227034,-3.3769599330084294,"GJR-GARCH(1,1)-Student-t"
2023-05-18,-1.43182151050536,-2.0536225572407485,-2.390999252197045,-3.163737337856774,"GJR-GARCH(1,1)-Student-t"
2023-05-19,-1.3463766614265835,-1.9310713396617682,-2.248314868178162,-2.974939322619071,"GJR-GARCH(1,1)-Student-t"
2023-05-22,-1.2914783784365838,-1.8523322290429745,-2.1566402057897873,-2.8536366697357596,"GJR-GARCH(1,1)-Student-t"
2023-05-23,-1.2234123157042915,-1.7547069309286425,-2.0429766633029405,-2.7032386330202414,"GJR-GARCH(1,1)-Student-t"
2023-05-24,-1.7651712085403244,-2.531736941129544,-2.9476600321013757,-3.9003032285761186,"GJR-GARCH(1,1)-Student-t"
2023-05-25,-1.8667555218234095,-2.677436552211881,-3.11729571316408,-4.124762829522331,"GJR-GARCH(1,1)-Student-t"
2023-05-26,-1.7330005738429142,-2.4855954768404405,-2.893938277720787,-3.8292193417731997,"GJR-GARCH(1,1)-Student-t"
2023-05-30,-1.6140700752983614,-2.3150167051409025,-2.69533619568957,-3.56643179730998,"GJR-GARCH(1,1)-Student-t"
2023-05-31,-1.5088768535961619,-2.1641409351015084,-2.5196739971677826,-3.333997991317477,"GJR-GARCH(1,1)-Student-t"
2023-06-01,-1.6019328251709983,-2.2976085781770683,-2.67506819736343,-3.5396134605793823,"GJR-GARCH(1,1)-Student-t"
2023-06-02,-1.49692062974438,-2.146992449189481,-2.499708294683944,-3.3075796482892987,"GJR-GARCH(1,1)-Student-t"
2023-06-05,-1.4043163548276447,-2.0141726623161795,-2.3450683828991195,-3.1029622430822603,"GJR-GARCH(1,1)-Student-t"
2023-06-06,-1.3539776305161249,-1.9419732024041867,-2.2610077291777513,-2.991734341785943,"GJR-GARCH(1,1)-Student-t"
2023-06-07,-1.2774080061608262,-1.832151477683769,-2.1331440860970496,-2.822546927194703,"GJR-GARCH(1,1)-Student-t"
2023-06-08,-1.307884880598462,-1.875863627808705,-2.184037429614407,-2.8898882996297974,"GJR-GARCH(1,1)-Student-t"
2023-06-09,-1.2370743351476798,-1.7743019929531691,-2.065790874454939,-2.7334260835554116,"GJR-GARCH(1,1)-Student-t"
2023-06-12,-1.1747506984541287,-1.6849128999523382,-1.9617166112628137,-2.595716449364474,"GJR-GARCH(1,1)-Student-t"
2023-06-13,-1.1214551661549614,-1.6084725709541428,-1.8727183828259633,-2.4779552170888706,"GJR-GARCH(1,1)-Student-t"
2023-06-14,-1.0749717157281051,-1.541802625269864,-1.795095652342661,-2.3752458873093825,"GJR-GARCH(1,1)-Student-t"
2023-06-15,-1.0337937266363322,-1.482742158137455,-1.7263325136392507,-2.2842594475669595,"GJR-GARCH(1,1)-Student-t"
2023-06-16,-1.0015666352710895,-1.4365197195888384,-1.672516482248868,-2.2130508147208485,"GJR-GARCH(1,1)-Student-t"
2023-06-20,-1.08378664638038,-1.554445639985878,-1.8098157081897892,-2.394723262827632,"GJR-GARCH(1,1)-Student-t"
2023-06-21,-1.201844544715975,-1.723772864995119,-2.006960634820157,-2.655582719298147,"GJR-GARCH(1,1)-Student-t"
2023-06-22,-1.318810269181404,-1.8915336147979573,-2.202281739914339,-2.9140289201867886,"GJR-GARCH(1,1)-Student-t"
2023-06-23,-1.2469737794117988,-1.7885004959759145,-2.0823219599701446,-2.755299788631522,"GJR-GARCH(1,1)-Student-t"
2023-06-26,-1.5025901479744503,-2.1551240846206676,-2.509175825202906,-3.320106954507657,"GJR-GARCH(1,1)-Student-t"
2023-06-27,-1.5195717496206982,-2.1794803328980823,-2.5375334078620435,-3.357629318008036,"GJR-GARCH(1,1)-Student-t"
2023-06-28,-1.4252385750768977,-2.0441808324241,-2.380006405971988,-3.1491917548669113,"GJR-GARCH(1,1)-Student-t"
2023-06-29,-1.3448640816308126,-1.9289018876976576,-2.2457890106365332,-2.971597142646737,"GJR-GARCH(1,1)-Student-t"
2023-06-30,-1.269966859866452,-1.8214788444192627,-2.120718113240239,-2.8061050507490433,"GJR-GARCH(1,1)-Student-t"
2023-07-03,-1.2051808396443273,-1.728558021854548,-2.0125319149135708,-2.662954560521014,"GJR-GARCH(1,1)-Student-t"
2023-07-05,-1.1475947076943422,-1.6459638027503862,-1.916368812586146,-2.5357128656196632,"GJR-GARCH(1,1)-Student-t"
2023-07-06,-1.1350100060369264,-1.627913908255721,-1.8953536147900298,-2.507905844823264,"GJR-GARCH(1,1)-Student-t"
2023-07-07,-1.446721782779018,-2.074993611541653,-2.415881222192924,-3.1966608184655865,"GJR-GARCH(1,1)-Student-t"
2023-07-10,-1.4139089258107955,-2.027931025358217,-2.361087020612744,-3.124157884272707,"GJR-GARCH(1,1)-Student-t"
2023-07-11,-1.3306579937660585,-1.9085264831691238,-2.222066259433219,-2.940207524406728,"GJR-GARCH(1,1)-Student-t"
2023-07-12,-1.2578153298689219,-1.8040502362269555,-2.100426268953803,-2.779255161371628,"GJR-GARCH(1,1)-Student-t"
2023-07-13,-1.1940467941387038,-1.7125887639296387,-1.9939391683438692,-2.638352893882339,"GJR-GARCH(1,1)-Student-t"
2023-07-14,-1.1386225041315432,-1.6330952157864869,-1.9013861266495165,-2.515887981577755,"GJR-GARCH(1,1)-Student-t"
2023-07-17,-1.1052969474188188,-1.5852972783370756,-1.8457357675827284,-2.4422521915694757,"GJR-GARCH(1,1)-Student-t"
2023-07-18,-1.0610150279555273,-1.521784928494226,-1.7717893744424198,-2.3444073408181167,"GJR-GARCH(1,1)-Student-t"
2023-07-19,-1.0235090514735006,-1.4679911289391085,-1.7091581309085842,-2.261534540459722,"GJR-GARCH(1,1)-Student-t"
2023-07-20,-0.9902300967177251,-1.4202600314060554,-1.6535855924663627,-2.188001721631953,"GJR-GARCH(1,1)-Student-t"
2023-07-21,-1.2666930428719136,-1.8167832979569882,-2.1152511650708345,-2.7988712600936183,"GJR-GARCH(1,1)-Student-t"
2023-07-24,-1.2018624078261342,-1.7237984855670245,-2.0069904644341974,-2.655622189433333,"GJR-GARCH(1,1)-Student-t"
2023-07-25,-1.1450067475395096,-1.642251962055013,-1.9120471769985254,-2.529994536826125,"GJR-GARCH(1,1)-Student-t"
2023-07-26,-1.0954143392276372,-1.5711229228347479,-1.829232796631739,-2.420415687298203,"GJR-GARCH(1,1)-Student-t"
2023-07-27,-1.0559645101124253,-1.5145411084424656,-1.763355512890918,-2.3332477711661053,"GJR-GARCH(1,1)-Student-t"
2023-07-28,-1.2859074148335818,-1.8443419478265302,-2.1473372516777953,-2.8413271287564252,"GJR-GARCH(1,1)-Student-t"
2023-07-31,-1.2194388400664757,-1.7490078831488776,-2.036341354915034,-2.6944588841868935,"GJR-GARCH(1,1)-Student-t"
2023-08-01,-1.1601028608845467,-1.6639039058654461,-1.937256182069504,-2.563350745750068,"GJR-GARCH(1,1)-Student-t"
2023-08-02,-1.1675190315360127,-1.6745407172462317,-1.9496404480912946,-2.579737436285035,"GJR-GARCH(1,1)-Student-t"
2023-08-03,-1.9644944040731898,-2.8176207663998647,-3.2805099075697206,-4.340725607609718,"GJR-GARCH(1,1)-Student-t"
2023-08-04,-1.8532229521071688,-2.6580271564018565,-3.094697670157717,-4.094861409705478,"GJR-GARCH(1,1)-Student-t"
2023-08-07,-1.8427880422622591,-2.643060649694805,-3.077272410477747,-4.071804545668105,"GJR-GARCH(1,1)-Student-t"
2023-08-08,-1.7125757160972017,-2.456300660211918,-2.859830800470363,-3.7840887968020485,"GJR-GARCH(1,1)-Student-t"
2023-08-09,-1.6841124889972523,-2.4154766295660233,-2.812300047361986,-3.7211967577655463,"GJR-GARCH(1,1)-Student-t"
2023-08-10,-1.7868205812847666,-2.5627880462371966,-2.9838123273858814,-3.948139448656788,"GJR-GARCH(1,1)-Student-t"
2023-08-11,-1.6625215202346286,-2.3845092916972446,-2.7762452809075957,-3.6734895864920105,"GJR-GARCH(1,1)-Student-t"
2023-08-14,-1.5629689926827155,-2.2417238154972243,-2.6100024795636365,-3.453519397342639,"GJR-GARCH(1,1)-Student-t"
2023-08-15,-1.4634219766231613,-2.098946244280437,-2.4437688818627383,-3.233561386327229,"GJR-GARCH(1,1)-Student-t"
2023-08-16,-1.9296561464409345,-2.7676532032618364,-3.2223334886966937,-4.263747369995354,"GJR-GARCH(1,1)-Student-t"
2023-08-17,-2.0072286710546123,-2.878913360481108,-3.3518718752773484,-4.435150782160523,"GJR-GARCH(1,1)-Student-t"
2023-08-18,-2.0770930932232683,-2.9791179965069374,-3.4685384988298025,-4.589522454454197,"GJR-GARCH(1,1)-Student-t"
2023-08-21,-1.923698879591378,-2.7591088578305167,-3.212385446655196,-4.250584257536689,"GJR-GARCH(1,1)-Student-t"
2023-08-22,-1.7851891211323299,-2.560448087418516,-2.9810879514941626,-3.944534591932944,"GJR-GARCH(1,1)-Student-t"
2023-08-23,-1.7033251901318933,-2.4430328830139114,-2.844383343854297,-3.763648934587009,"GJR-GARCH(1,1)-Student-t"
2023-08-24,-1.5887576273595523,-2.278711751147179,-2.653066929828626,-3.5105016858617297,"GJR-GARCH(1,1)-Student-t"
2023-08-25,-2.1579463671889387,-3.095083643079786,-3.6035554099260527,-4.7681749749369144,"GJR-GARCH(1,1)-Student-t"
2023-08-28,-1.9951953546031125,-2.8616543027550554,-3.3317774358336836,-4.408562096157043,"GJR-GARCH(1,1)-Student-t"
2023-08-29,-1.8494365270573228,-2.6525963901809186,-3.088374717613523,-4.086494965830106,"GJR-GARCH(1,1)-Student-t"
2023-08-30,-1.7196686136635373,-2.4664738098199885,-2.8716752326517407,-3.7997611866212857,"GJR-GARCH(1,1)-Student-t"
2023-08-31,-1.6030875540419198,-2.299264774315639,-2.6769964795177392,-3.5421649370149795,"GJR-GARCH(1,1)-Student-t"
2023-09-01,-1.5192652866525658,-2.1790407814178887,-2.5370216452420142,-3.3569521607451813,"GJR-GARCH(1,1)-Student-t"
2023-09-05,-1.4247376655858197,-2.0434623915971772,-2.3791699370337867,-3.148084950668076,"GJR-GARCH(1,1)-Student-t"
2023-09-06,-1.4431930142961302,-2.069932395110297,-2.409988530441993,-3.1888636897564195,"GJR-GARCH(1,1)-Student-t"
2023-09-07,-1.5967859400641449,-2.2902265411861378,-2.6664734120837426,-3.5282409588626953,"GJR-GARCH(1,1)-Student-t"
2023-09-08,-1.5525058201868156,-2.2267167724403722,-2.592530024072676,-3.430400084457033,"GJR-GARCH(1,1)-Student-t"
2023-09-11,-1.4543630706405974,-2.0859533023996084,-2.4286414115243518,-3.213544925555484,"GJR-GARCH(1,1)-Student-t"
2023-09-12,-1.3675764047557701,-1.9614775535572178,-2.2837163271414123,-3.0217820464023273,"GJR-GARCH(1,1)-Student-t"
2023-09-13,-1.4677008392990996,-2.1050833003633147,-2.450914156174765,-3.243015915060108,"GJR-GARCH(1,1)-Student-t"
2023-09-14,-1.3792668763333678,-1.9782448782274993,-2.303238249807598,-3.047613186077094,"GJR-GARCH(1,1)-Student-t"
2023-09-15,-1.3014667024899131,-1.8666582099242843,-2.1733197116967657,-2.8757067626337065,"GJR-GARCH(1,1)-Student-t"
2023-09-18,-1.8776201856935482,-2.693019443401077,-3.135438619244395,-4.148769273410081,"GJR-GARCH(1,1)-Student-t"
2023-09-19,-1.7437596710944132,-2.5010269567065495,-2.9119048980669016,-3.8529925268011196,"GJR-GARCH(1,1)-Student-t"
2023-09-20,-1.6532393050318903,-2.371196063489925,-2.760744906422618,-3.652979704080368,"GJR-GARCH(1,1)-Student-t"
2023-09-21,-1.8997177151350266,-2.72471332744134,-3.172339291557475,-4.1975957356858995,"GJR-GARCH(1,1)-Student-t"
2023-09-22,-2.5874607027286207,-3.711124344836837,-4.32080155237353,-5.717225209565687,"GJR-GARCH(1,1)-Student-t"
2023-09-25,-2.402261341029379,-3.445497949380665,-4.011537072072514,-5.3080107011537185,"GJR-GARCH(1,1)-Student-t"
2023-09-26,-2.215053072303545,-3.1769902333444193,-3.698917917209707,-4.894357333483329,"GJR-GARCH(1,1)-Student-t"
2023-09-27,-2.6632030153767046,-3.8197594789303224,-4.447283667338631,-5.8845846051483015,"GJR-GARCH(1,1)-Student-t"
2023-09-28,-2.450435366603359,-3.51459264090887,-4.091982894598293,-5.414455507510534,"GJR-GARCH(1,1)-Student-t"
2023-09-29,-2.2593748067848405,-3.2405596887821284,-3.772930797462813,-4.992290159068243,"GJR-GARCH(1,1)-Student-t"
2023-10-02,-2.119368824459938,-3.03975292527039,-3.539134757533364,-4.682934453378171,"GJR-GARCH(1,1)-Student-t"
2023-10-03,-1.9627395727295853,-2.8151038596451206,-3.2775795140817716,-4.3368481512349755,"GJR-GARCH(1,1)-Student-t"
2023-10-04,-2.415460518067201,-3.464429169161207,-4.033578382526014,-5.337175460110859,"GJR-GARCH(1,1)-Student-t"
2023-10-05,-2.2285478031228667,-3.196345357856182,-3.7214527730285796,-4.9241751448824225,"GJR-GARCH(1,1)-Student-t"
2023-10-06,-2.0709264772053184,-2.970273387270808,-3.458240864537173,-4.575896766335202,"GJR-GARCH(1,1)-Student-t"
2023-10-09,-1.9190161725699852,-2.7523925788128283,-3.20456579252634,-4.2402373987018915,"GJR-GARCH(1,1)-Student-t"
2023-10-10,-1.7823505339274182,-2.556376779177977,-2.976347793706028,-3.9382624803177384,"GJR-GARCH(1,1)-Student-t"
2023-10-11,-1.6598866018075211,-2.3807301000321557,-2.7718452296843186,-3.6676674992074685,"GJR-GARCH(1,1)-Student-t"
2023-10-12,-1.5503610066755105,-2.22364052489445,-2.5889483992234847,-3.425660927698548,"GJR-GARCH(1,1)-Student-t"
2023-10-13,-1.637681708877893,-2.3488822274678545,-2.7347652710440005,-3.618603807728367,"GJR-GARCH(1,1)-Student-t"
2023-10-16,-1.6513407763794488,-2.368473055602688,-2.7575745527472777,-3.648784735684761,"GJR-GARCH(1,1)-Student-t"
2023-10-17,-1.5434528944910773,-2.2137324079218987,-2.577412540217397,-3.4103968376624363,"GJR-GARCH(1,1)-Student-t"
2023-10-18,-1.4490654357022459,-2.0783550490352027,-2.4197948890471603,-3.2018393286400677,"GJR-GARCH(1,1)-Student-t"
2023-10-19,-2.0610212405831545,-2.9560665764268337,-3.4417001063611976,-4.5540102625273455,"GJR-GARCH(1,1)-Student-t"
2023-10-20,-2.1561053970623414,-3.092443189816968,-3.600481173253594,-4.764107187238056,"GJR-GARCH(1,1)-Student-t"
2023-10-23,-2.4704315472610476,-3.543272617676922,-4.125374523826196,-5.458638852220121,"GJR-GARCH(1,1)-Student-t"
2023-10-24,-2.291185108857306,-3.2861843378109032,-3.826050832264205,-5.06257785879671,"GJR-GARCH(1,1)-Student-t"
2023-10-25,-2.116947027284381,-3.036279407606146,-3.535090597564231,-4.677583276508143,"GJR-GARCH(1,1)-Student-t"
2023-10-26,-2.561934588644214,-3.674512935315593,-4.278175485339679,-5.660822983710926,"GJR-GARCH(1,1)-Student-t"
2023-10-27,-2.730840085374021,-3.9167694844603655,-4.560230834703999,-6.034034744152161,"GJR-GARCH(1,1)-Student-t"
2023-10-30,-2.5820643120968314,-3.703384448873678,-4.311790117728568,-5.70530140313717,"GJR-GARCH(1,1)-Student-t"
2023-10-31,-2.379891019142352,-3.4134128065728007,-3.9741808635571023,-5.258581479637914,"GJR-GARCH(1,1)-Student-t"
2023-11-01,-2.196962906735165,-3.1510440020559027,-3.6687091432607453,-4.854385499119355,"GJR-GARCH(1,1)-Student-t"
2023-11-02,-2.0325383265641808,-2.9152143093697003,-3.3941364780597048,-4.491074723487297,"GJR-GARCH(1,1)-Student-t"
2023-11-03,-1.886012006001915,-2.705055602485941,-3.1494521229769905,-4.167311748884412,"GJR-GARCH(1,1)-Student-t"
2023-11-06,-1.7534306066179552,-2.514897715872444,-2.928054396754537,-3.874361321433236,"GJR-GARCH(1,1)-Student-t"
2023-11-07,-1.6339382981880888,-2.3435131555708377,-2.7285141481950155,-3.610332407918145,"GJR-GARCH(1,1)-Student-t"
2023-11-08,-1.5270477875628234,-2.1902030103017185,-2.550017646293906,-3.3741482906615397,"GJR-GARCH(1,1)-Student-t"
2023-11-09,-1.4315196542601114,-2.0531896130575955,-2.390495182345206,-3.163070359559024,"GJR-GARCH(1,1)-Student-t"
2023-11-10,-1.653720395865963,-2.371886078957415,-2.761548280178402,-3.654042717188838,"GJR-GARCH(1,1)-Student-t"
2023-11-13,-1.5463500354306388,-2.2178876981877154,-2.582250476907953,-3.416798328977013,"GJR-GARCH(1,1)-Student-t"
2023-11-14,-1.4584421781139343,-2.091803855041255,-2.4354531145521525,-3.2225580773511786,"GJR-GARCH(1,1)-Student-t"
2023-11-15,-1.3746523247885054,-1.9716263527516984,-2.2955324085333624,-3.037416922846775,"GJR-GARCH(1,1)-Student-t"
2023-11-16,-1.297713150981141,-1.8612745933270878,-2.167051654690561,-2.867412955779471,"GJR-GARCH(1,1)-Student-t"
2023-11-17,-1.229689089885119,-1.7637095370145812,-2.053458250751135,-2.7171077254256,"GJR-GARCH(1,1)-Student-t"
2023-11-20,-1.1698018911544223,-1.6778149605600687,-1.9534525961840845,-2.5847816182301013,"GJR-GARCH(1,1)-Student-t"
2023-11-21,-1.119047187813944,-1.60501887326754,-1.8686972989335673,-2.472634574166319,"GJR-GARCH(1,1)-Student-t"
2023-11-22,-1.1121876843214904,-1.5951804744166926,-1.8572426115995917,-2.457477889370758,"GJR-GARCH(1,1)-Student-t"
2023-11-24,-1.0678953138268972,-1.53165313494457,-1.7832787662783762,-2.3596099461335647,"GJR-GARCH(1,1)-Student-t"
2023-11-27,-1.0289355856088716,-1.4757742589076626,-1.7182199022009528,-2.273524951648033,"GJR-GARCH(1,1)-Student-t"
2023-11-28,-1.0352427647734315,-1.4848204740328481,-1.728752262942351,-2.2874612265769017,"GJR-GARCH(1,1)-Student-t"
2023-11-29,-1.0007030803052692,-1.4352811462441764,-1.6710744315027675,-2.2111427129996413,"GJR-GARCH(1,1)-Student-t"
2023-11-30,-0.9862749246771826,-1.4145872359768548,-1.646980849262086,-2.179262416229358,"GJR-GARCH(1,1)-Student-t"
2023-12-01,-0.95890498197612,-1.3753312733384317,-1.6012757721622042,-2.1187860865869923,"GJR-GARCH(1,1)-Student-t"
2023-12-04,-0.9363916756616657,-1.3430410518644467,-1.5636807939003228,-2.0690409282253843,"GJR-GARCH(1,1)-Student-t"
2023-12-05,-1.1333844745172528,-1.6255824527133822,-1.892639139124281,-2.5043140879423107,"GJR-GARCH(1,1)-Student-t"
2023-12-06,-1.0937209353813822,-1.5686941198647746,-1.8264049809435714,-2.41667396045784,"GJR-GARCH(1,1)-Student-t"
2023-12-07,-1.1638976228774276,-1.6693466295364918,-1.9435930564778523,-2.5717356108446845,"GJR-GARCH(1,1)-Student-t"
2023-12-08,-1.1133624788638994,-1.5968654502008341,-1.8592044014258902,-2.460073702697251,"GJR-GARCH(1,1)-Student-t"
2023-12-11,-1.068732370640927,-1.5328537027125295,-1.7846765677513305,-2.3614594978249057,"GJR-GARCH(1,1)-Student-t"
2023-12-12,-1.0300441426073004,-1.4773642319882858,-1.7200710819288827,-2.275974407213087,"GJR-GARCH(1,1)-Student-t"
2023-12-13,-0.9968013276163143,-1.4296849687346036,-1.6645588932928015,-2.2025214424190835,"GJR-GARCH(1,1)-Student-t"
2023-12-14,-0.9714698477774629,-1.39335271780551,-1.622257846055174,-2.146549278290152,"GJR-GARCH(1,1)-Student-t"
2023-12-15,-0.9465278620656593,-1.3575791076841914,-1.5806072151995283,-2.0914377361756102,"GJR-GARCH(1,1)-Student-t"
2023-12-18,-0.9281938850925682,-1.3312831843448476,-1.5499913004986892,-2.0509271787663264,"GJR-GARCH(1,1)-Student-t"
2023-12-19,-0.9100408024937969,-1.3052467128749272,-1.5196774613781874,-2.0108163236118597,"GJR-GARCH(1,1)-Student-t"
2023-12-20,-0.8954739487629583,-1.284353871700109,-1.4953522671261428,-1.978629561012458,"GJR-GARCH(1,1)-Student-t"
2023-12-21,-1.910762887687991,-2.7405551173131646,-3.1907836291517637,-4.222001029608709,"GJR-GARCH(1,1)-Student-t"
2023-12-22,-1.7756298279210854,-2.5467374537774825,-2.9651248843437386,-3.923412480947713,"GJR-GARCH(1,1)-Student-t"
2023-12-26,-1.6525678268894786,-2.370232980696551,-2.7596236048325853,-3.6514960132326504,"GJR-GARCH(1,1)-Student-t"
2023-12-27,-1.5438599172710665,-2.2143161895987102,-2.5780922277031912,-3.411296190798957,"GJR-GARCH(1,1)-Student-t"
2023-12-28,-1.4475502844206596,-2.0761819088590925,-2.417264737380449,-3.1984914667404625,"GJR-GARCH(1,1)-Student-t"
2023-12-29,-1.3628639020288362,-1.9547185393713824,-2.2758469171532227,-3.011369351298529,"GJR-GARCH(1,1)-Student-t"
2024-01-02,-1.3427273149843864,-1.9258371815506519,-2.2422208232498795,-2.9668757661539367,"GJR-GARCH(1,1)-Student-t"
2024-01-03,-1.4457045757937677,-2.0735346592944865,-2.4141825878846546,-3.1944132089025556,"GJR-GARCH(1,1)-Student-t"
2024-01-04,-1.6596595983094748,-2.380404515103629,-2.7714661564617886,-3.6671659147311053,"GJR-GARCH(1,1)-Student-t"
2024-01-05,-1.6131274586639814,-2.313664735800457,-2.6937621198348807,-3.564349001780235,"GJR-GARCH(1,1)-Student-t"
2024-01-08,-1.5093601120769498,-2.164834059565586,-2.520480990677591,-3.335065794034706,"GJR-GARCH(1,1)-Student-t"
2024-01-09,-1.4183471175998574,-2.034296602844311,-2.3684983586677286,-3.1339644648922906,"GJR-GARCH(1,1)-Student-t"
2024-01-10,-1.356784326364126,-1.9459987697409524,-2.2656946315775808,-2.997935986603525,"GJR-GARCH(1,1)-Student-t"
2024-01-11,-1.2827225408469496,-1.8397739698956717,-2.142018829469086,-2.8342898656101827,"GJR-GARCH(1,1)-Student-t"
2024-01-12,-1.225855056608573,-1.7582104876120148,-2.047055797212157,-2.7086360869269495,"GJR-GARCH(1,1)-Student-t"
2024-01-16,-1.167527786048863,-1.674553273605342,-1.9496550672554331,-2.5797567801620316,"GJR-GARCH(1,1)-Student-t"
2024-01-17,-1.2149407498851807,-1.7425563950317937,-2.0288299925134488,-2.6845199527270727,"GJR-GARCH(1,1)-Student-t"
2024-01-18,-1.3456668965356717,-1.9300533432288194,-2.2471296315331233,-2.9733710337855803,"GJR-GARCH(1,1)-Student-t"
2024-01-19,-1.273133670687754,-1.8260209148445385,-2.126006371762707,-2.813102401720357,"GJR-GARCH(1,1)-Student-t"
2024-01-22,-1.209945789523739,-1.7353922595613331,-2.0204889064204306,-2.673483142286203,"GJR-GARCH(1,1)-Student-t"
2024-01-23,-1.153720878749279,-1.6547504028787032,-1.9265989078205827,-2.549249186985418,"GJR-GARCH(1,1)-Student-t"
2024-01-24,-1.1046722092313008,-1.5844012333867497,-1.8446925170600799,-2.4408717768210355,"GJR-GARCH(1,1)-Student-t"
2024-01-25,-1.061863872365107,-1.5230024028891218,-1.7732068600253965,-2.346282938253213,"GJR-GARCH(1,1)-Student-t"
2024-01-26,-1.02529215501544,-1.4705485857371492,-1.7121357361506386,-2.265474466778407,"GJR-GARCH(1,1)-Student-t"
2024-01-29,-1.0033137016992917,-1.4390254893371137,-1.6754339091018113,-2.2169111138224236,"GJR-GARCH(1,1)-Student-t"
2024-01-30,-0.9758311738176982,-1.3996080488436278,-1.6295408259687176,-2.1561860171817124,"GJR-GARCH(1,1)-Student-t"
2024-01-31,-0.960543968408992,-1.377682026895954,-1.6040127161923123,-2.1224075732987595,"GJR-GARCH(1,1)-Student-t"
2024-02-01,-2.071456185436878,-2.971033133346073,-3.459125424502398,-4.577067203919816,"GJR-GARCH(1,1)-Student-t"
2024-02-02,-1.9211532724346905,-2.755457762885727,-3.208134536354317,-4.2449595114702,"GJR-GARCH(1,1)-Student-t"
2024-02-05,-1.7850028220712024,-2.5601808837541506,-2.980776850625393,-3.944122947540558,"GJR-GARCH(1,1)-Student-t"
2024-02-06,-1.714303622749249,-2.458778949615601,-2.8627162324062563,-3.787906760669265,"GJR-GARCH(1,1)-Student-t"
2024-02-07,-1.5992300678514904,-2.2937320870380784,-2.670554861949484,-3.5336414772112352,"GJR-GARCH(1,1)-Student-t"
2024-02-08,-1.4973111906065777,-2.1475526199863992,-2.5003604924073337,-3.3084426273501477,"GJR-GARCH(1,1)-Student-t"
2024-02-09,-1.406845938164807,-2.017800774733476,-2.349292535018045,-3.108551583090273,"GJR-GARCH(1,1)-Student-t"
2024-02-12,-1.3268810469322105,-1.90310931129499,-2.215759134565307,-2.931862023495006,"GJR-GARCH(1,1)-Student-t"
2024-02-13,-1.2685500635961524,-1.819446772154421,-2.1183522046420324,-2.802974513019588,"GJR-GARCH(1,1)-Student-t"
2024-02-14,-1.9831765171974463,-2.8444160119297037,-3.3117071749538316,-4.38200540289678,"GJR-GARCH(1,1)-Student-t"
2024-02-15,-1.8405551144311723,-2.639858022182251,-3.073543643494456,-4.066870692460761,"GJR-GARCH(1,1)-Student-t"
2024-02-16,-1.7123226533909535,-2.4559376992715114,-2.859408210966742,-3.7835296321808287,"GJR-GARCH(1,1)-Student-t"
2024-02-20,-1.7056937504031577,-2.446430044437709,-2.8483386034979223,-3.7688824797685716,"GJR-GARCH(1,1)-Student-t"
2024-02-21,-1.7506913514043747,-2.5109688767990157,-2.923480113494233,-3.8683086927127293,"GJR-GARCH(1,1)-Student-t"
2024-02-22,-1.6322719538442156,-2.341123163307416,-2.7257315191795475,-3.6066504714618497,"GJR-GARCH(1,1)-Student-t"
2024-02-23,-1.5286262526392753,-2.192466959727701,-2.5526535256892946,-3.377636050038133,"GJR-GARCH(1,1)-Student-t"
2024-02-26,-1.4352028277594564,-2.0584722883945634,-2.3966457150883116,-3.1712086599241096,"GJR-GARCH(1,1)-Student-t"
2024-02-27,-1.4365695035092159,-2.0604324741632136,-2.3989279274113526,-3.174228451892964,"GJR-GARCH(1,1)-Student-t"
2024-02-28,-1.3533198643297288,-1.9410297862955013,-2.2599093251879703,-2.9902809487280706,"GJR-GARCH(1,1)-Student-t"
2024-02-29,-1.3044245301057966,-1.8709005414354682,-2.1782589890898043,-2.8822423465725255,"GJR-GARCH(1,1)-Student-t"
2024-03-01,-1.2369470311281898,-1.7741194042686619,-2.065578289427288,-2.733144793969548,"GJR-GARCH(1,1)-Student-t"
2024-03-04,-1.1782701218850857,-1.6899607130304808,-1.9675936977081856,-2.6034929293478744,"GJR-GARCH(1,1)-Student-t"
2024-03-05,-1.1442736861512153,-1.641200552090993,-1.9108230375241801,-2.5283747723037515,"GJR-GARCH(1,1)-Student-t"
2024-03-06,-1.6180390661793298,-2.3207093205561873,-2.701964014980413,-3.575201636673058,"GJR-GARCH(1,1)-Student-t"
2024-03-07,-1.5142592233069845,-2.171860721239973,-2.528662018271812,-3.345890817270531,"GJR-GARCH(1,1)-Student-t"
2024-03-08,-1.4227213764755149,-2.0405704830956912,-2.3758029351277665,-3.143629780037252,"GJR-GARCH(1,1)-Student-t"
2024-03-11,-1.5542466067663583,-2.2292135351729208,-2.5954369642040978,-3.4342465076728677,"GJR-GARCH(1,1)-Student-t"
2024-03-12,-1.4703055757469394,-2.1088192028383816,-2.4552638065000756,-3.2487713125693958,"GJR-GARCH(1,1)-Student-t"
2024-03-13,-1.3838619239319179,-1.9848354297248343,-2.310911521434915,-3.057766353598394,"GJR-GARCH(1,1)-Student-t"
2024-03-14,-1.3368750063254098,-1.9174433747906405,-2.2324480509283484,-2.9539445681790357,"GJR-GARCH(1,1)-Student-t"
2024-03-15,-1.3226747405153174,-1.8970763206763832,-2.208735021976195,-2.922567814288096,"GJR-GARCH(1,1)-Student-t"
2024-03-18,-1.4759046835176177,-2.116849850467239,-2.4646137585677304,-3.261143040597512,"GJR-GARCH(1,1)-Student-t"
2024-03-19,-1.3884389182279138,-1.991400087862497,-2.3185546458458437,-3.067879630737448,"GJR-GARCH(1,1)-Student-t"
2024-03-20,-1.3111657949903923,-1.880569353874565,-2.1895162297302533,-2.8971377726178082,"GJR-GARCH(1,1)-Student-t"
2024-03-21,-1.2434317256111485,-1.783420224775485,-2.0764070830623322,-2.747473304827783,"GJR-GARCH(1,1)-Student-t"
2024-03-22,-1.1836861972422978,-1.6977288422586558,-1.9766380038831686,-2.615460230932979,"GJR-GARCH(1,1)-Student-t"
2024-03-25,-1.153407140669347,-1.6543004169039945,-1.9260749964887587,-2.5485559547141428,"GJR-GARCH(1,1)-Student-t"
2024-03-26,-1.1768239974368555,-1.6878865761595976,-1.9651788139751694,-2.600297588393373,"GJR-GARCH(1,1)-Student-t"
2024-03-27,-1.1867093704609926,-1.7020648971864565,-1.981686401921699,-2.6221402018096684,"GJR-GARCH(1,1)-Student-t"
2024-03-28,-1.1347372618880587,-1.6275227187587336,-1.8948981592383431,-2.5073031922991023,"GJR-GARCH(1,1)-Student-t"
2024-04-01,-1.0887128571888276,-1.5615111698467756,-1.8180419893796884,-2.4056081649990895,"GJR-GARCH(1,1)-Student-t"
2024-04-02,-1.088422880821577,-1.561095264648758,-1.8175577577403645,-2.404967436351394,"GJR-GARCH(1,1)-Student-t"
2024-04-03,-1.3584345437044052,-1.9483656314827846,-2.268450330103983,-3.001582289006943,"GJR-GARCH(1,1)-Student-t"
2024-04-04,-1.2842476986287146,-1.841961462122184,-2.144565690994023,-2.837659837764456,"GJR-GARCH(1,1)-Student-t"
2024-04-05,-1.875665361205013,-2.6902156919309053,-3.1321742571322386,-4.144449914343355,"GJR-GARCH(1,1)-Student-t"
2024-04-08,-1.7450850809469423,-2.502927955923821,-2.914118200453407,-3.8559211380893585,"GJR-GARCH(1,1)-Student-t"
2024-04-09,-1.630387864491434,-2.3384208653140273,-2.7225852776958703,-3.602487407986745,"GJR-GARCH(1,1)-Student-t"
2024-04-10,-1.5249750810341607,-2.187230183835171,-2.5465564329208035,-3.3695684607127383,"GJR-GARCH(1,1)-Student-t"
2024-04-11,-1.8095761389035885,-2.5954257221526187,-3.0218118411875188,-3.998419882882845,"GJR-GARCH(1,1)-Student-t"
2024-04-12,-1.6850162337768646,-2.4167728460649256,-2.813809211092504,-3.723193662465032,"GJR-GARCH(1,1)-Student-t"
2024-04-15,-2.2962524993881703,-3.2934523578987265,-3.8345128695230324,-5.073774710157281,"GJR-GARCH(1,1)-Student-t"
2024-04-16,-2.5384494516436975,-3.640828843583288,-4.238957646667761,-5.608930478766652,"GJR-GARCH(1,1)-Student-t"
2024-04-17,-2.356203255914765,-3.379438093567141,-3.934624659276172,-5.206241253971815,"GJR-GARCH(1,1)-Student-t"
2024-04-18,-2.2855472983131926,-3.278098179849249,-3.8166362504213565,-5.05012061353862,"GJR-GARCH(1,1)-Student-t"
2024-04-19,-2.1341761212483545,-3.060990627367573,-3.5638614677332043,-4.715652496359454,"GJR-GARCH(1,1)-Student-t"
2024-04-22,-2.2277056883817106,-3.195137535641238,-3.7200465253213095,-4.922314417249957,"GJR-GARCH(1,1)-Student-t"
2024-04-23,-2.0601124188878135,-2.9547630782461125,-3.44018246468729,-4.5520021399297255,"GJR-GARCH(1,1)-Student-t"
2024-04-24,-1.9098376130907264,-2.739228021183764,-3.1892385127710523,-4.219956552856782,"GJR-GARCH(1,1)-Student-t"
2024-04-25,-1.7752558379151657,-2.546201050107958,-2.964500358299171,-3.9225861166718365,"GJR-GARCH(1,1)-Student-t"
2024-04-26,-1.749638446855604,-2.5094587245097033,-2.921721867811881,-3.8659822061990794,"GJR-GARCH(1,1)-Student-t"
2024-04-29,-1.6318690102060114,-2.340545232232459,-2.725058643454078,-3.6057601315529393,"GJR-GARCH(1,1)-Student-t"
2024-04-30,-1.526430333054299,-2.1893174121336,-2.548986558789412,-3.3727839698514983,"GJR-GARCH(1,1)-Student-t"
2024-05-01,-2.2981584989730455,-3.296186081140676,-3.8376956989111144,-5.077986186244465,"GJR-GARCH(1,1)-Student-t"
2024-05-02,-2.1692640109916264,-3.1113162310367946,-3.6224547473576485,-4.793182318388884,"GJR-GARCH(1,1)-Student-t"
2024-05-03,-2.008279181552989,-2.880420079049209,-3.353626123134092,-4.437471978806292,"GJR-GARCH(1,1)-Student-t"
2024-05-06,-1.8639689718371222,-2.673439879535341,-3.1126424523459275,-4.118605698783102,"GJR-GARCH(1,1)-Student-t"
2024-05-07,-1.7343792891513738,-2.487572930619904,-2.8962405949072054,-3.832265736220863,"GJR-GARCH(1,1)-Student-t"
2024-05-08,-1.6182831500013217,-2.321059403327694,-2.7023716106420053,-3.5757409616486484,"GJR-GARCH(1,1)-Student-t"
2024-05-09,-1.5163433473256485,-2.174849923501158,-2.5321422977155486,-3.3504958751818656,"GJR-GARCH(1,1)-Student-t"
2024-05-10,-1.4241762281518833,-2.0426571371919655,-2.3782323924621704,-3.146844404580744,"GJR-GARCH(1,1)-Student-t"
2024-05-13,-1.3421976450449784,-1.9250774903967756,-2.2413363272287317,-2.965705413179246,"GJR-GARCH(1,1)-Student-t"
2024-05-14,-1.2734098044550828,-1.8264169659788745,-2.126467487639473,-2.8137125439088435,"GJR-GARCH(1,1)-Student-t"
2024-05-15,-1.20969619428996,-1.735034271922156,-2.020072107250325,-2.6729316393546823,"GJR-GARCH(1,1)-Student-t"
2024-05-16,-1.1567092376992534,-1.659036524650008,-1.931589169499333,-2.5558522326301336,"GJR-GARCH(1,1)-Student-t"
2024-05-17,-1.1470777664150598,-1.6452223679667108,-1.9155055721590917,-2.534570637754845,"GJR-GARCH(1,1)-Student-t"
2024-05-20,-1.099209791163998,-1.5765666360729174,-1.8355708231769512,-2.428802076884477,"GJR-GARCH(1,1)-Student-t"
2024-05-21,-1.0575291504250628,-1.5167852293866093,-1.7659683063082716,-2.33670498349396,"GJR-GARCH(1,1)-Student-t"
2024-05-22,-1.021571799749578,-1.4652125816061403,-1.7059231135623356,-2.2572540099837983,"GJR-GARCH(1,1)-Student-t"
2024-05-23,-1.0568530187155405,-1.5158154721087969,-1.7648392337248568,-2.335211010174639,"GJR-GARCH(1,1)-Student-t"
2024-05-24,-1.3481406059441143,-1.9336013171934257,-2.2512604797585083,-2.9788369153644476,"GJR-GARCH(1,1)-Student-t"
2024-05-28,-1.275568591490266,-1.8295132553691393,-2.130072446881183,-2.818482576414696,"GJR-GARCH(1,1)-Student-t"
2024-05-29,-1.2123472756782405,-1.7388366456818103,-2.0244991490082427,-2.678789440143581,"GJR-GARCH(1,1)-Student-t"
2024-05-30,-1.4513664569528704,-2.0816553410829908,-2.423637365256077,-3.206923640331427,"GJR-GARCH(1,1)-Student-t"
2024-05-31,-1.5462325979479405,-2.217719260807941,-2.582054368013617,-3.4165388403842316,"GJR-GARCH(1,1)-Student-t"
2024-06-03,-1.4506107753247037,-2.08057148752561,-2.4223754522350838,-3.205253894371458,"GJR-GARCH(1,1)-Student-t"
2024-06-04,-1.3654924785395794,-1.9584886349987278,-2.2802363780080968,-3.017177425553201,"GJR-GARCH(1,1)-Student-t"
2024-06-05,-1.2906102463313178,-1.8510870908319905,-2.1551905116768904,-2.8517184544166922,"GJR-GARCH(1,1)-Student-t"
2024-06-06,-1.2256148223759242,-1.757865926201553,-2.046654629981185,-2.7081052679623743,"GJR-GARCH(1,1)-Student-t"
2024-06-07,-1.171656725706718,-1.6804752991906844,-1.956549985065973,-2.5888800406141685,"GJR-GARCH(1,1)-Student-t"
2024-06-10,-1.1372706533023336,-1.6311562929972145,-1.899128670466601,-2.5129009465931547,"GJR-GARCH(1,1)-Student-t"
2024-06-11,-1.090953476976905,-1.5647248297235374,-1.8217836011647075,-2.410559014271482,"GJR-GARCH(1,1)-Student-t"
2024-06-12,-1.0507184808897096,-1.507016871749087,-1.7545951668167135,-2.3216562016823254,"GJR-GARCH(1,1)-Student-t"
2024-06-13,-1.0173468680447086,-1.4591528772447646,-1.698867898598174,-2.247918646541834,"GJR-GARCH(1,1)-Student-t"
2024-06-14,-0.9872527239404904,-1.4159896668027987,-1.6486136766013977,-2.1814229509158105,"GJR-GARCH(1,1)-Student-t"
2024-06-17,-0.9680504463707221,-1.3884483635898335,-1.6165477864237936,-2.138993805890658,"GJR-GARCH(1,1)-Student-t"
2024-06-18,-0.9467872223928369,-1.3579511011306074,-1.5810403211025903,-2.092010815951986,"GJR-GARCH(1,1)-Student-t"
2024-06-20,-0.92684458466393,-1.3293479195255842,-1.5477381032305995,-2.04794577911927,"GJR-GARCH(1,1)-Student-t"
2024-06-21,-0.9743967345440431,-1.3975506717000685,-1.6271454553129008,-2.1530164956626865,"GJR-GARCH(1,1)-Student-t"
2024-06-24,-0.9807073579759067,-1.4066018268439475,-1.6376835676375003,-2.166960381007372,"GJR-GARCH(1,1)-Student-t"
2024-06-25,-1.0387002743118283,-1.4897794857028295,-1.7345259593564053,-2.29510090229232,"GJR-GARCH(1,1)-Student-t"
2024-06-26,-1.0056455671144355,-1.4423700203291776,-1.6793278919920844,-2.222063578446414,"GJR-GARCH(1,1)-Student-t"
2024-06-27,-0.9767317316058608,-1.4008996943275798,-1.6310446677410744,-2.158175879939328,"GJR-GARCH(1,1)-Student-t"
2024-06-28,-0.9517319445799415,-1.365043181357243,-1.5892975144503259,-2.1029366206656968,"GJR-GARCH(1,1)-Student-t"
2024-07-01,-1.0655504187984153,-1.5282899159333174,-1.7793630252321326,-2.354428691416736,"GJR-GARCH(1,1)-Student-t"
2024-07-02,-1.0281923230038899,-1.4747082176166606,-1.7169787277112152,-2.271882646627498,"GJR-GARCH(1,1)-Student-t"
2024-07-03,-0.9969463431941769,-1.4298929606244202,-1.6648010548581098,-2.2028418672729417,"GJR-GARCH(1,1)-Student-t"
2024-07-05,-0.9698685796464195,-1.391056062579999,-1.6195838878307718,-2.1430111335305346,"GJR-GARCH(1,1)-Student-t"
2024-07-08,-0.9469359050864653,-1.3581643526645912,-1.581288606385827,-2.092339343625215,"GJR-GARCH(1,1)-Student-t"
2024-07-09,-0.9261290572212586,-1.328321658021749,-1.5465432436983173,-2.0463647574136794,"GJR-GARCH(1,1)-Student-t"
2024-07-10,-0.9081707170756534,-1.3025645003432054,-1.5165546050699683,-2.00668420307941,"GJR-GARCH(1,1)-Student-t"
2024-07-11,-0.897225475021958,-1.2868660380621104,-1.498277141452129,-1.9824997145079717,"GJR-GARCH(1,1)-Student-t"
2024-07-12,-1.3600556892595752,-1.9506907963558087,-2.2711574816460387,-3.0051643547081217,"GJR-GARCH(1,1)-Student-t"
2024-07-15,-1.2857327315562548,-1.8440914043641925,-2.1470455480105466,-2.840941150474409,"GJR-GARCH(1,1)-Student-t"
2024-07-16,-1.2201781486607135,-1.7500682533100667,-2.0375759266008173,-2.6960924524680143,"GJR-GARCH(1,1)-Student-t"
2024-07-17,-1.163514591248925,-1.6687972577141954,-1.9429534318245014,-2.570889268297249,"GJR-GARCH(1,1)-Student-t"
2024-07-18,-1.949857265533908,-2.796627117640448,-3.2560673446909334,-4.308383544457054,"GJR-GARCH(1,1)-Student-t"
2024-07-19,-2.0336245868747618,-2.9167723029188104,-3.3959504245406276,-4.493474912531813,"GJR-GARCH(1,1)-Student-t"
2024-07-22,-2.0685604590477906,-2.966879871931438,-3.454289849970185,-4.570668838180683,"GJR-GARCH(1,1)-Student-t"
2024-07-23,-1.9170112999839943,-2.7495170447209207,-3.2012178550783528,-4.235807453899829,"GJR-GARCH(1,1)-Student-t"
2024-07-24,-1.796348133055152,-2.5764531539949624,-2.9997223894928684,-3.9691914240972834,"GJR-GARCH(1,1)-Student-t"
2024-07-25,-3.117984842219679,-4.472040654604413,-5.206724002545334,-6.8894656155292715,"GJR-GARCH(1,1)-Student-t"
2024-07-26,-2.92911739238919,-4.2011532203434685,-4.891334180562791,-6.472146139218561,"GJR-GARCH(1,1)-Student-t"
2024-07-29,-2.6913967251583197,-3.8601969482342917,-4.494364353380782,-5.946881121630521,"GJR-GARCH(1,1)-Student-t"
2024-07-30,-2.4761084242564526,-3.5514148075846084,-4.13485434275002,-5.471182418286847,"GJR-GARCH(1,1)-Student-t"
2024-07-31,-2.3637413193857726,-3.390249732495871,-3.9472124741608856,-5.222897277563709,"GJR-GARCH(1,1)-Student-t"
2024-08-01,-2.1827226911579714,-3.1306196490798293,-3.6449294021782292,-4.822920472654711,"GJR-GARCH(1,1)-Student-t"
2024-08-02,-2.560009852104836,-3.6717523381706196,-4.2749613671045745,-5.656570106651537,"GJR-GARCH(1,1)-Student-t"
2024-08-05,-3.1558958090343032,-4.526415320752458,-5.270031539580338,-6.973233278150392,"GJR-GARCH(1,1)-Student-t"
2024-08-06,-4.473044285230684,-6.41556547117691,-7.4695382507949795,-9.88359031851422,"GJR-GARCH(1,1)-Student-t"
2024-08-07,-4.086815782354318,-5.861608459121488,-6.82457513578448,-9.030183992006942,"GJR-GARCH(1,1)-Student-t"
2024-08-08,-3.8497019115531583,-5.521522498588555,-6.428618598177345,-8.506259745253164,"GJR-GARCH(1,1)-Student-t"
2024-08-09,-3.526973239426735,-5.058641562602857,-5.889693873234169,-7.793161958614288,"GJR-GARCH(1,1)-Student-t"
2024-08-12,-3.231559750508175,-4.634938049207377,-5.396382782493608,-7.140419505633319,"GJR-GARCH(1,1)-Student-t"
2024-08-13,-2.9651278555262497,-4.252802045879586,-4.951468065827295,-6.5517144694499025,"GJR-GARCH(1,1)-Student-t"
2024-08-14,-2.7247176843869814,-3.907988291637652,-4.550007035107292,-6.020506753087695,"GJR-GARCH(1,1)-Student-t"
2024-08-15,-2.5058365537510165,-3.5940530532504824,-4.184497356819303,-5.536869371986402,"GJR-GARCH(1,1)-Student-t"
2024-08-16,-2.310928429769344,-3.3145016447394005,-3.8590202109124614,-5.10620248734462,"GJR-GARCH(1,1)-Student-t"
2024-08-19,-2.1319139823718296,-3.0577461032489186,-3.560083921214695,-4.710654098741756,"GJR-GARCH(1,1)-Student-t"
2024-08-20,-1.9729679095120431,-2.829774084240431,-3.2946598173309134,-4.359448573665711,"GJR-GARCH(1,1)-Student-t"
2024-08-21,-1.8503613876467082,-2.653922892510105,-3.0899191426423287,-4.088538527794697,"GJR-GARCH(1,1)-Student-t"
2024-08-22,-1.717886402357881,-2.4639176327321244,-2.8686991173553746,-3.7958232317782516,"GJR-GARCH(1,1)-Student-t"
2024-08-23,-1.9189931005629912,-2.7523594872622015,-3.204527264573614,-4.240186419044546,"GJR-GARCH(1,1)-Student-t"
2024-08-26,-1.7824991911466093,-2.55658999417467,-2.9765960364494926,-3.938590951702926,"GJR-GARCH(1,1)-Student-t"
2024-08-27,-1.7107056814512205,-2.4536185205013243,-2.8567080289465956,-3.77995678845522,"GJR-GARCH(1,1)-Student-t"
2024-08-28,-1.594588176279846,-2.2870743485072262,-2.662803365554752,-3.523384803753165,"GJR-GARCH(1,1)-Student-t"
2024-08-29,-1.66046409049784,-2.3815583763167965,-2.772809578254705,-3.668943511977459,"GJR-GARCH(1,1)-Student-t"
2024-08-30,-1.5521688702384622,-2.226233494315604,-2.5919673512334778,-3.429655563492113,"GJR-GARCH(1,1)-Student-t"
2024-09-03,-1.4557406438025284,-2.087929118029444,-2.4309418214398733,-3.216588796328519,"GJR-GARCH(1,1)-Student-t"
2024-09-04,-2.76747417712727,-3.969312763518903,-4.621406117617594,-6.114981037435126,"GJR-GARCH(1,1)-Student-t"
2024-09-05,-2.5562805259645267,-3.6664034673589616,-4.268733764049826,-5.648329827909686,"GJR-GARCH(1,1)-Student-t"
2024-09-06,-2.388858390702902,-3.4262744631276076,-3.989155480531449,-5.278395686939866,"GJR-GARCH(1,1)-Student-t"
2024-09-09,-2.9558728608809086,-4.239527859375636,-4.936013146960844,-6.531264733287749,"GJR-GARCH(1,1)-Student-t"
2024-09-10,-2.716620192265003,-3.8963742794463516,-4.536485030118353,-6.0026146219936,"GJR-GARCH(1,1)-Student-t"
2024-09-11,-2.4998959272895434,-3.58553257467413,-4.174577102567814,-5.523743027949436,"GJR-GARCH(1,1)-Student-t"
2024-09-12,-2.3052288291908676,-3.30632686301602,-3.8495024458691427,-5.093608711494282,"GJR-GARCH(1,1)-Student-t"
2024-09-13,-2.1296662153664667,-3.054522192313256,-3.5563303742889754,-4.705687457055279,"GJR-GARCH(1,1)-Student-t"
2024-09-16,-1.9716861826328411,-2.8279357383208885,-3.2925194611571813,-4.356616483803313,"GJR-GARCH(1,1)-Student-t"
2024-09-17,-1.8296346035885787,-2.6241950312030005,-3.0553074785348757,-4.042740849706138,"GJR-GARCH(1,1)-Student-t"
2024-09-18,-1.702722238531057,-2.442168085970902,-2.8433764747605355,-3.7623166592450823,"GJR-GARCH(1,1)-Student-t"
2024-09-19,-1.6355241597759662,-2.3457877136115095,-2.7311623790274777,-3.6138365105464607,"GJR-GARCH(1,1)-Student-t"
2024-09-20,-1.5328885406416932,-2.198580243208218,-2.5597711219480854,-3.387053955551502,"GJR-GARCH(1,1)-Student-t"
2024-09-23,-1.4657446607123201,-2.102277606746948,-2.447647532853467,-3.238693563992533,"GJR-GARCH(1,1)-Student-t"
2024-09-24,-1.3784809043899786,-1.97711758009679,-2.301925754978387,-3.0458765109639154,"GJR-GARCH(1,1)-Student-t"
2024-09-25,-1.301228341100751,-1.8663163346821767,-2.1729216719278015,-2.875180081883862,"GJR-GARCH(1,1)-Student-t"
2024-09-26,-1.2638249386240792,-1.8126696542264984,-2.110461716762173,-2.7925339279393215,"GJR-GARCH(1,1)-Student-t"
2024-09-27,-1.2009536301978179,-1.722495050590435,-2.00547289634783,-2.6536141642057345,"GJR-GARCH(1,1)-Student-t"
2024-09-30,-1.1647195837068605,-1.6705255455453005,-1.9449656491607314,-2.5735518066115812,"GJR-GARCH(1,1)-Student-t"
2024-10-01,-1.1146895263515881,-1.5987687982335683,-1.8614204384999342,-2.463005932486443,"GJR-GARCH(1,1)-Student-t"
2024-10-02,-1.5327376271180153,-2.198363792055513,-2.559519111400952,-3.3867204986603014,"GJR-GARCH(1,1)-Student-t"
2024-10-03,-1.4393525252294506,-2.064424086343944,-2.4035752963767627,-3.180377786613648,"GJR-GARCH(1,1)-Student-t"
2024-10-04,-1.3796574142433402,-1.9788050161046669,-2.3038904092030585,-3.048476114422955,"GJR-GARCH(1,1)-Student-t"
2024-10-07,-1.30347879696648,-1.8695441021769568,-2.1766797089824075,-2.8801526648471487,"GJR-GARCH(1,1)-Student-t"
2024-10-08,-1.6689119464466786,-2.393674905793108,-2.786916655923354,-3.687609803197475,"GJR-GARCH(1,1)-Student-t"
2024-10-09,-1.5596433786436834,-2.2369539779461585,-2.6044490354911174,-3.4461711564974005,"GJR-GARCH(1,1)-Student-t"
2024-10-10,-1.4622798907792018,-2.097308181690755,-2.441861712303672,-3.2310378457873905,"GJR-GARCH(1,1)-Student-t"
2024-10-11,-1.407960215516217,-2.0193989523604277,-2.3511532671654627,-3.111013678285462,"GJR-GARCH(1,1)-Student-t"
2024-10-14,-1.3282661379368315,-1.9050959095616389,-2.2180720985290243,-2.934922505612014,"GJR-GARCH(1,1)-Student-t"
2024-10-15,-1.2583062712704098,-1.8047543800947365,-2.101246092175635,-2.7803399401874174,"GJR-GARCH(1,1)-Student-t"
2024-10-16,-1.4996668758719733,-2.150931315140287,-2.504294252074057,-3.313647724057866,"GJR-GARCH(1,1)-Student-t"
2024-10-17,-1.4092119287712446,-2.0211942505570684,-2.353243503577458,-3.113779450368201,"GJR-GARCH(1,1)-Student-t"
2024-10-18,-1.332500244969253,-1.9111687738451788,-2.2251426353759447,-2.944278142758592,"GJR-GARCH(1,1)-Student-t"
2024-10-21,-1.2619768117092705,-1.8100189361774621,-2.1073755289665215,-2.7884503266785647,"GJR-GARCH(1,1)-Student-t"
2024-10-22,-1.2302886412017693,-1.764569457122683,-2.0544594417091187,-2.7184324875363317,"GJR-GARCH(1,1)-Student-t"
2024-10-23,-1.178894063256076,-1.6908556151285845,-1.96863561762663,-2.604871583459125,"GJR-GARCH(1,1)-Student-t"
2024-10-24,-1.5586767753952047,-2.2355676052590505,-2.6028349043809706,-3.4440353604043343,"GJR-GARCH(1,1)-Student-t"
2024-10-25,-1.461313624293919,-2.095922292013918,-2.4402481435545065,-3.2289027938026433,"GJR-GARCH(1,1)-Student-t"
2024-10-28,-1.379382640519134,-1.9784109156431031,-2.3034315644627887,-3.0478689773710563,"GJR-GARCH(1,1)-Student-t"
2024-10-29,-1.3033180511524227,-1.8693135488382142,-2.176411279490054,-2.8797974826333697,"GJR-GARCH(1,1)-Student-t"
2024-10-30,-1.236476974515333,-1.7734452148838395,-2.0647933417214563,-2.732106161957045,"GJR-GARCH(1,1)-Student-t"
2024-10-31,-1.2541851060522062,-1.7988435051762337,-2.094364156904647,-2.7712338580531255,"GJR-GARCH(1,1)-Student-t"
2024-11-01,-2.427035661889195,-3.4810310823757686,-4.052907719331893,-5.362751772823035,"GJR-GARCH(1,1)-Student-t"
2024-11-04,-2.2374024442094065,-3.2090453281654496,-3.7362391413440816,-4.943740264147127,"GJR-GARCH(1,1)-Student-t"
2024-11-05,-2.1020675490905005,-3.014938177686964,-3.510243351609605,-4.644705742273313,"GJR-GARCH(1,1)-Student-t"
2024-11-06,-1.948311076394882,-2.794409460711587,-3.253485362894989,-4.304967101643034,"GJR-GARCH(1,1)-Student-t"
2024-11-07,-1.8123234442212717,-2.599366107270894,-3.026399567319541,-4.004490299026389,"GJR-GARCH(1,1)-Student-t"
2024-11-08,-1.6875774561376442,-2.4204463374712324,-2.8180861972282782,-3.728852911717749,"GJR-GARCH(1,1)-Student-t"
2024-11-11,-1.576336467047306,-2.2608964195453165,-2.6323248297832658,-3.4830560242544473,"GJR-GARCH(1,1)-Student-t"
2024-11-12,-1.477426136527339,-2.1190320290402114,-2.4671544334925066,-3.26450482672751,"GJR-GARCH(1,1)-Student-t"
2024-11-13,-1.442760443691264,-2.0693119708847667,-2.409266180634304,-3.1879078864221118,"GJR-GARCH(1,1)-Student-t"
2024-11-14,-1.3598762972884133,-1.9504334993422752,-2.270857914929272,-3.0047679721470884,"GJR-GARCH(1,1)-Student-t"
2024-11-15,-1.479962318897531,-2.122669606270675,-2.471389605339048,-3.2701087478875985,"GJR-GARCH(1,1)-Student-t"
2024-11-18,-2.059439667406304,-2.9537981691371846,-3.4390590367478424,-4.550515635525696,"GJR-GARCH(1,1)-Student-t"
2024-11-19,-1.9080156905240913,-2.7366148873169123,-3.1861960836257825,-4.215930852440595,"GJR-GARCH(1,1)-Student-t"
2024-11-20,-1.7729688471577263,-2.5429208816140365,-2.9606813116158386,-3.91753280660661,"GJR-GARCH(1,1)-Student-t"
2024-11-21,-1.654056355105576,-2.3723679361356464,-2.7621092986327205,-3.6547850490944307,"GJR-GARCH(1,1)-Student-t"
2024-11-22,-1.5468110823729944,-2.2185489652477655,-2.583020379361794,-3.4178170533189327,"GJR-GARCH(1,1)-Student-t"
2024-11-25,-1.4515462075994419,-2.0819131525348857,-2.423937530925039,-3.20732081541777,"GJR-GARCH(1,1)-Student-t"
2024-11-26,-1.3671504612801182,-1.9608666344424464,-2.2830050439791676,-3.020840886301121,"GJR-GARCH(1,1)-Student-t"
2024-11-27,-1.292788504032806,-1.8542113064681147,-2.1588279849912233,-2.8565315090964196,"GJR-GARCH(1,1)-Student-t"
2024-11-29,-1.3199581442100028,-1.8931799806573386,-2.2041985768349033,-2.91656525244645,"GJR-GARCH(1,1)-Student-t"
2024-12-02,-1.2513398190545144,-1.7947625876055642,-2.089612811130155,-2.764946942648189,"GJR-GARCH(1,1)-Student-t"
2024-12-03,-1.1909664572254055,-1.708170720673103,-1.9887953126312865,-2.631546614723744,"GJR-GARCH(1,1)-Student-t"
2024-12-04,-1.1383348095649959,-1.63268258331301,-1.900905705390003,-2.5152522947722376,"GJR-GARCH(1,1)-Student-t"
2024-12-05,-1.092910234477925,-1.5675313536608166,-1.825051191215103,-2.414882644501707,"GJR-GARCH(1,1)-Student-t"
2024-12-06,-1.0886998541475066,-1.5614925199391065,-1.8180202755963386,-2.405579433619493,"GJR-GARCH(1,1)-Student-t"
2024-12-09,-1.0493314348671674,-1.5050274694535326,-1.7522789381678712,-2.318591399778844,"GJR-GARCH(1,1)-Student-t"
2024-12-10,-1.2583867011979721,-1.8048697385471044,-2.1013804021404203,-2.780517657286262,"GJR-GARCH(1,1)-Student-t"
2024-12-11,-1.2604329671658514,-1.8078046420381602,-2.1047974624116192,-2.7850390644576626,"GJR-GARCH(1,1)-Student-t"
2024-12-12,-1.1993338695090623,-1.7201718719935537,-2.002768057394694,-2.6500351584904203,"GJR-GARCH(1,1)-Student-t"
2024-12-13,-1.3230860346844457,-1.8976662286901866,-2.209421842256239,-2.9234766054399026,"GJR-GARCH(1,1)-Student-t"
2024-12-16,-1.2559008828385323,-1.801304397044205,-2.097229333173437,-2.7750250199001156,"GJR-GARCH(1,1)-Student-t"
2024-12-17,-1.1950056308505688,-1.7139639972850178,-1.995540330111748,-2.640471529120026,"GJR-GARCH(1,1)-Student-t"
2024-12-18,-1.2434008098497187,-1.7833758831417126,-2.07635545682127,-2.7474049936953926,"GJR-GARCH(1,1)-Student-t"
2024-12-19,-3.539793677591339,-5.077029567542977,-5.911102727507903,-7.821489860249686,"GJR-GARCH(1,1)-Student-t"
2024-12-20,-3.2439408311332087,-4.65269589560655,-5.417057953454965,-7.1677766075968234,"GJR-GARCH(1,1)-Student-t"
2024-12-23,-2.9765175333669216,-4.269137950293435,-4.970487692924669,-6.576880978533828,"GJR-GARCH(1,1)-Student-t"
2024-12-24,-2.734647798118979,-3.922230783042044,-4.566589335577871,-6.042448225088626,"GJR-GARCH(1,1)-Student-t"
2024-12-26,-2.5173521982636813,-3.6105696282277835,-4.203727335707265,-5.562314215667612,"GJR-GARCH(1,1)-Student-t"
2024-12-27,-2.3238560363168927,-3.3330433583694803,-3.8806080257071818,-5.134767187080948,"GJR-GARCH(1,1)-Student-t"
2024-12-30,-2.4987417958794182,-3.5838772354572908,-4.172649818113502,-5.521192871656758,"GJR-GARCH(1,1)-Student-t"
2021-12-29,-1.5323316051525324,-1.9216056526285616,-2.1672058313048623,-2.482890828351095,"EGARCH(1,1)-Normal"
2021-12-30,-1.3918783277386357,-1.745471576361248,-1.968560080728585,-2.25530943987735,"EGARCH(1,1)-Normal"
2021-12-31,-1.3775023125584516,-1.7274434733451476,-1.9482278081156206,-2.2320154765347597,"EGARCH(1,1)-Normal"
2022-01-03,-1.3528159316522945,-1.6964857557514477,-1.913313388499306,-2.19201526474576,"EGARCH(1,1)-Normal"
2022-01-04,-1.2664026032151228,-1.588119955666819,-1.7910973690282082,-2.0519967074684096,"EGARCH(1,1)-Normal"
2022-01-05,-1.190521687817123,-1.4929622264487288,-1.6837775423129415,-1.9290441897137263,"EGARCH(1,1)-Normal"
2022-01-06,-1.9576496835051143,-2.454971681743443,-2.768741306045227,-3.1720486792514024,"EGARCH(1,1)-Normal"
2022-01-07,-1.789744770657294,-2.244412147144298,-2.5312701836034828,-2.8999864397575923,"EGARCH(1,1)-Normal"
2022-01-10,-1.7502723939509872,-2.194912194296969,-2.4754436479595516,-2.83602795859871,"EGARCH(1,1)-Normal"
2022-01-11,-1.6307760835203269,-2.0450590001060442,-2.306437735718406,-2.642403881282529,"EGARCH(1,1)-Normal"
2022-01-12,-1.5203045024073154,-1.9065231805694847,-2.1501956703739697,-2.4634028904939607,"EGARCH(1,1)-Normal"
2022-01-13,-1.3912279024408727,-1.7446559167973574,-1.967640171817615,-2.2542555328764675,"EGARCH(1,1)-Normal"
2022-01-14,-1.8260833416261946,-2.289982181167928,-2.582664517989249,-2.9588671051897246,"EGARCH(1,1)-Normal"
2022-01-18,-1.6404668244908638,-2.0572115802424364,-2.3201435356055797,-2.6581061299307756,"EGARCH(1,1)-Normal"
2022-01-19,-2.205722131196657,-2.7660645392832572,-3.1195949028877097,-3.574009196850089,"EGARCH(1,1)-Normal"
2022-01-20,-2.2926779100381256,-2.8751105940592745,-3.2425781203174178,-3.7149067056083958,"EGARCH(1,1)-Normal"
2022-01-21,-2.412613203336689,-3.025514290476697,-3.412204894405936,-3.909242082314901,"EGARCH(1,1)-Normal"
2022-01-24,-2.8153481066591755,-3.5305601070173482,-3.9818005537368752,-4.561807619926931,"EGARCH(1,1)-Normal"
2022-01-25,-2.476343510493571,-3.105434666761195,-3.5023398840105497,-4.012506541910819,"EGARCH(1,1)-Normal"
2022-01-26,-2.60269200948253,-3.263880781846154,-3.6810369772929348,-4.217233461502342,"EGARCH(1,1)-Normal"
2022-01-27,-2.345431315486767,-2.94126549275395,-3.3171882683591694,-3.8003849050479226,"EGARCH(1,1)-Normal"
2022-01-28,-2.2573308878991134,-2.830784002270971,-3.192586152363912,-3.6576326816416707,"EGARCH(1,1)-Normal"
2022-01-31,-2.1317516744812375,-2.673302602327896,-3.014977074345315,-3.45415226253503,"EGARCH(1,1)-Normal"
2022-02-01,-1.9960660295276385,-2.503147329509234,-2.8230742773404005,-3.234296036727654,"EGARCH(1,1)-Normal"
2022-02-02,-1.8165697550535362,-2.2780517597935206,-2.5692092709477077,-2.943451906047091,"EGARCH(1,1)-Normal"
2022-02-03,-1.679009371882882,-2.10554548961699,-2.3746549959059835,-2.7205579759275196,"EGARCH(1,1)-Normal"
2022-02-04,-2.5309653712401246,-3.1739326837796584,-3.579592624036668,-4.101012265227533,"EGARCH(1,1)-Normal"
2022-02-07,-2.256046392572556,-2.8291731933103064,-3.190769466110989,-3.655551368657819,"EGARCH(1,1)-Normal"
2022-02-08,-2.129558256563522,-2.6705519677687146,-3.01187488152636,-3.4505981902883147,"EGARCH(1,1)-Normal"
2022-02-09,-1.9386571278358744,-2.4311542507062227,-2.7418797721191797,-3.1412743728809422,"EGARCH(1,1)-Normal"
2022-02-10,-1.811630644813459,-2.2718579162909953,-2.562223793080019,-2.935448891899196,"EGARCH(1,1)-Normal"
2022-02-11,-2.3158578164594292,-2.90417913187237,-3.2753619043211084,-3.752465923771074,"EGARCH(1,1)-Normal"
2022-02-14,-2.739593932006923,-3.4355613158076026,-3.874659978876966,-4.439060464663066,"EGARCH(1,1)-Normal"
2022-02-15,-2.5346117689352923,-3.1785054135981947,-3.5847497938827066,-4.106920651743487,"EGARCH(1,1)-Normal"
2022-02-16,-2.316908438658279,-2.905496654495605,-3.2768478193464134,-3.7541682838952237,"EGARCH(1,1)-Normal"
2022-02-17,-2.0560042056174104,-2.578312220447372,-2.9078459836099455,-3.3314159728961528,"EGARCH(1,1)-Normal"
2022-02-18,-2.6356352139251435,-3.3051928892645237,-3.727629180005345,-4.2706124950561914,"EGARCH(1,1)-Normal"
2022-02-22,-2.5580122128580283,-3.2078505143353624,-3.617845488283285,-4.144837214581282,"EGARCH(1,1)-Normal"
2022-02-23,-2.596321604428068,-3.2558920369028104,-3.672027191855252,-4.206911269994043,"EGARCH(1,1)-Normal"
2022-02-24,-2.9348976796532207,-3.680480094611561,-4.150881796237848,-4.755518000449074,"EGARCH(1,1)-Normal"
2022-02-25,-2.6437415834833295,-3.315358603730588,-3.739094173168796,-4.283747530945007,"EGARCH(1,1)-Normal"
2022-02-28,-2.4435714987057575,-3.064337241838472,-3.4559898023367657,-3.9594048978404563,"EGARCH(1,1)-Normal"
2022-03-01,-2.2458533570457933,-2.8163907155360386,-3.176353261447444,-3.6390352344624817,"EGARCH(1,1)-Normal"
2022-03-02,-2.5424950657777012,-3.1883913858791186,-3.5958992910472416,-4.11969423506016,"EGARCH(1,1)-Normal"
2022-03-03,-2.3392260846451847,-2.9334838829372796,-3.3084120919628526,-3.7903303511298545,"EGARCH(1,1)-Normal"
2022-03-04,-2.2498612594765603,-2.8214167868774176,-3.18202171433979,-3.645529379824241,"EGARCH(1,1)-Normal"
2022-03-07,-2.2666571469487335,-2.842479507374022,-3.205776458514769,-3.672744347405964,"EGARCH(1,1)-Normal"
2022-03-08,-3.179562628581173,-3.98729981123108,-4.496916102552233,-5.1519572278783965,"EGARCH(1,1)-Normal"
2022-03-09,-3.0058825979214365,-3.7694980459067717,-4.25127712078006,-4.870537361745783,"EGARCH(1,1)-Normal"
2022-03-10,-2.7601669834551235,-3.4613607523145236,-3.903756838144473,-4.472395703967778,"EGARCH(1,1)-Normal"
2022-03-11,-2.567544006325034,-3.2198037678898124,-3.6313264856829512,-4.160281914995596,"EGARCH(1,1)-Normal"
2022-03-14,-2.705444706755336,-3.392736809639564,-3.8263620779194154,-4.383727273148022,"EGARCH(1,1)-Normal"
2022-03-15,-2.624429589383332,-3.291140584013902,-3.7117808513741486,-4.252455627242948,"EGARCH(1,1)-Normal"
2022-03-16,-2.422123957792622,-3.0374411602624733,-3.4256561359307462,-3.924652692479132,"EGARCH(1,1)-Normal"
2022-03-17,-2.260264012574793,-2.83446225894707,-3.196734526566795,-3.6623853267813824,"EGARCH(1,1)-Normal"
2022-03-18,-2.0703483109745267,-2.5963003072579878,-2.928133125551196,-3.354658231629399,"EGARCH(1,1)-Normal"
2022-03-21,-1.9072781909260106,-2.391803797882098,-2.6974999428299213,-3.090429977062876,"EGARCH(1,1)-Normal"
2022-03-22,-1.7328927154054112,-2.173117376242086,-2.4508632369287247,-2.807867053794945,"EGARCH(1,1)-Normal"
2022-03-23,-1.620371181251471,-2.032010832889725,-2.291721883878375,-2.625544451948589,"EGARCH(1,1)-Normal"
2022-03-24,-1.9166292950909103,-2.4035304597620515,-2.710725387901449,-3.10558190024185,"EGARCH(1,1)-Normal"
2022-03-25,-1.79276838121175,-2.248203876762909,-2.5355465337115,-2.904885702351225,"EGARCH(1,1)-Normal"
2022-03-28,-1.6370994847254383,-2.0529888003259975,-2.3153810427149573,-2.652649910799483,"EGARCH(1,1)-Normal"
2022-03-29,-1.5158528781711518,-1.9009406641828055,-2.1438996532645196,-2.4561897670746755,"EGARCH(1,1)-Normal"
2022-03-30,-1.4414578979359738,-1.807646357606862,-2.038681413006766,-2.3356449623599693,"EGARCH(1,1)-Normal"
2022-03-31,-1.536755003520427,-1.9271527726376982,-2.1734619280301732,-2.4900582164026486,"EGARCH(1,1)-Normal"
2022-04-01,-1.9956966383434946,-2.502684098061749,-2.822551840339416,-3.233697499191718,"EGARCH(1,1)-Normal"
2022-04-04,-1.800875594921374,-2.258370649828932,-2.5470127207744384,-2.9180221060483236,"EGARCH(1,1)-Normal"
2022-04-05,-1.6609547533288465,-2.0829042695619915,-2.3491200043410236,-2.6913034420743656,"EGARCH(1,1)-Normal"
2022-04-06,-1.959111454681517,-2.456804801771758,-2.770808716915616,-3.174417238533763,"EGARCH(1,1)-Normal"
2022-04-07,-2.0916967310374375,-2.623072087288913,-2.958326603447177,-3.3892498279886687,"EGARCH(1,1)-Normal"
2022-04-08,-1.8865050212642642,-2.365753405061903,-2.6681200525540563,-3.056770479173842,"EGARCH(1,1)-Normal"
2022-04-11,-1.7874130842286389,-2.2414881182941495,-2.527972434990869,-2.896208326176412,"EGARCH(1,1)-Normal"
2022-04-12,-2.2398031673586623,-2.8088035335819677,-3.167796362714584,-3.6292318991834533,"EGARCH(1,1)-Normal"
2022-04-13,-2.10851935761873,-2.644168339707105,-2.982119165254458,-3.416508121889948,"EGARCH(1,1)-Normal"
2022-04-14,-1.9373836240784286,-2.429557225616664,-2.7400786314522088,-3.139210869923357,"EGARCH(1,1)-Normal"
2022-04-18,-2.164746223836912,-2.7146790983386833,-3.0616418951481044,-3.5076144920585324,"EGARCH(1,1)-Normal"
2022-04-19,-1.9451858969720017,-2.4393415905969507,-2.751113534899691,-3.151853167284193,"EGARCH(1,1)-Normal"
2022-04-20,-1.8263276472636412,-2.290288550293454,-2.5830100441144785,-2.959262962212115,"EGARCH(1,1)-Normal"
2022-04-21,-1.6721996053412067,-2.0970057676432585,-2.3650238131324124,-2.7095238715387016,"EGARCH(1,1)-Normal"
2022-04-22,-2.0583297926829744,-2.581228600450134,-2.9111351057769426,-3.335184203464657,"EGARCH(1,1)-Normal"
2022-04-25,-2.945402960406797,-3.693654140497349,-4.165739615284385,-4.772540076574504,"EGARCH(1,1)-Normal"
2022-04-26,-2.6057229009720615,-3.2676816420510884,-3.685323624966374,-4.222144521651321,"EGARCH(1,1)-Normal"
2022-04-27,-3.3541950191559473,-4.206295874310468,-4.743902025126535,-5.434920236298478,"EGARCH(1,1)-Normal"
2022-04-28,-2.9243342058931163,-3.667233072347872,-4.135941673711657,-4.738401632147137,"EGARCH(1,1)-Normal"
2022-04-29,-2.687957716383688,-3.3708074182254415,-3.8016298937250967,-4.355392487215764,"EGARCH(1,1)-Normal"
2022-05-02,-3.8025233147768325,-4.768517644194712,-5.377981289263252,-6.161362352054857,"EGARCH(1,1)-Normal"
2022-05-03,-3.309263464865152,-4.149949892529335,-4.680354470445048,-5.362116057570421,"EGARCH(1,1)-Normal"
2022-05-04,-2.9023568695258533,-3.639672605898544,-4.104858707484553,-4.702790980565991,"EGARCH(1,1)-Normal"
2022-05-05,-2.6981628080263964,-3.383605014855493,-3.8160631495834965,-4.371928156360069,"EGARCH(1,1)-Normal"
2022-05-06,-3.7789839075158893,-4.738998277825152,-5.344689056361551,-6.123220622029521,"EGARCH(1,1)-Normal"
2022-05-09,-3.448375922408163,-4.324402526585063,-4.877103873890493,-5.587524868418868,"EGARCH(1,1)-Normal"
2022-05-10,-4.150422372860647,-5.20479709853088,-5.8700215662173125,-6.7250754397466705,"EGARCH(1,1)-Normal"
2022-05-11,-3.5792000321267468,-4.488461238087202,-5.062130908837775,-5.799503777589207,"EGARCH(1,1)-Normal"
2022-05-12,-3.6464381987524654,-4.572780611665286,-5.157227131031143,-5.908452145337271,"EGARCH(1,1)-Normal"
2022-05-13,-3.206418779751969,-4.020978508272972,-4.534899269660478,-5.195473194789581,"EGARCH(1,1)-Normal"
2022-05-16,-2.9185709300818923,-3.6600056919693262,-4.1277905627487925,-4.7290631935188205,"EGARCH(1,1)-Normal"
2022-05-17,-2.6891881247461757,-3.3723503999510993,-3.8033700837525712,-4.357386161188209,"EGARCH(1,1)-Normal"
2022-05-18,-2.4721463178886407,-3.1001712179047693,-3.4964037144125797,-4.005705683018028,"EGARCH(1,1)-Normal"
2022-05-19,-3.8791376636316817,-4.864595128557035,-5.486338424912964,-6.28550327785196,"EGARCH(1,1)-Normal"
2022-05-20,-3.5403249944589175,-4.439710372492929,-5.007149201195238,-5.736513185896981,"EGARCH(1,1)-Normal"
2022-05-23,-3.082770278609658,-3.8659182994153323,-4.360020834857819,-4.995121176732077,"EGARCH(1,1)-Normal"
2022-05-24,-2.7924840073184365,-3.501887604024074,-3.9494634217139075,-4.524760115091332,"EGARCH(1,1)-Normal"
2022-05-25,-2.7237675938005625,-3.415714449205431,-3.852276486730948,-4.413416491878831,"EGARCH(1,1)-Normal"
2022-05-26,-2.446592942007724,-3.068126253635026,-3.460263087258228,-3.964300648758606,"EGARCH(1,1)-Normal"
2022-05-27,-2.271540566107815,-2.8486035120142,-3.212683171423829,-3.680657123335343,"EGARCH(1,1)-Normal"
2022-05-31,-2.153944125787917,-2.701132831589763,-3.0463642817363663,-3.490111472423217,"EGARCH(1,1)-Normal"
2022-06-01,-2.1325248919500637,-2.6742722482281773,-3.0160706505671144,-3.4554051340122047,"EGARCH(1,1)-Normal"
2022-06-02,-2.1563011765367075,-2.7040886683206495,-3.0496979035909852,-3.4939306847049787,"EGARCH(1,1)-Normal"
2022-06-03,-2.02066740258485,-2.533998443830834,-2.8578684687337104,-3.27415850730726,"EGARCH(1,1)-Normal"
2022-06-06,-2.3982865724446145,-3.0075481173502263,-3.3919424669340668,-3.886028138072354,"EGARCH(1,1)-Normal"
2022-06-07,-2.1431813808816016,-2.6876359152694107,-3.031142326225312,-3.4726722180699707,"EGARCH(1,1)-Normal"
2022-06-08,-1.9614509943148373,-2.4597386788573834,-2.7741175724654537,-3.178208076938846,"EGARCH(1,1)-Normal"
2022-06-09,-2.133590814453136,-2.675608958050177,-3.0175782051046633,-3.457132285757762,"EGARCH(1,1)-Normal"
2022-06-10,-2.8050168099370505,-3.517604244126142,-3.9671888036262315,-4.545067456250815,"EGARCH(1,1)-Normal"
2022-06-13,-3.541056111471499,-4.440627222722595,-5.008183233938349,-5.737697840523228,"EGARCH(1,1)-Normal"
2022-06-14,-4.514274093174512,-5.6610818348912915,-6.384623997794791,-7.314637187484124,"EGARCH(1,1)-Normal"
2022-06-15,-3.9936229958702016,-5.008164353934136,-5.648257215070331,-6.471007890848214,"EGARCH(1,1)-Normal"
2022-06-16,-3.520720466729797,-4.415125503803464,-4.979422143506378,-5.7047472796602925,"EGARCH(1,1)-Normal"
2022-06-17,-4.223811762926335,-5.296830354465159,-5.97381758110825,-6.843990851319246,"EGARCH(1,1)-Normal"
2022-06-21,-3.6466515746882657,-4.573048193697133,-5.15752891268909,-5.908797885875551,"EGARCH(1,1)-Normal"
2022-06-22,-3.288600170437094,-4.124037287684947,-4.651129978808983,-5.328634594389456,"EGARCH(1,1)-Normal"
2022-06-23,-2.91869951019456,-3.6601669366179954,-4.127972416055887,-4.729271536400595,"EGARCH(1,1)-Normal"
2022-06-24,-2.609572899878706,-3.272509696002821,-3.690768751891213,-4.228382810375725,"EGARCH(1,1)-Normal"
2022-06-27,-2.4695360089621836,-3.0968977852017434,-3.4927119046842536,-4.001476107597885,"EGARCH(1,1)-Normal"
2022-06-28,-2.2894018782051644,-2.871002317973836,-3.2379447659781477,-3.7095984359335454,"EGARCH(1,1)-Normal"
2022-06-29,-2.767391487610816,-3.4704205719882393,-3.913974592240163,-4.484101822308767,"EGARCH(1,1)-Normal"
2022-06-30,-2.470393872831356,-3.097973581102999,-3.4939251979254062,-4.002866134616566,"EGARCH(1,1)-Normal"
2022-07-01,-2.481058172439653,-3.1113470430479993,-3.509007920372799,-4.020145874588772,"EGARCH(1,1)-Normal"
2022-07-05,-2.2510777157260655,-2.822942272090516,-3.183742171627618,-3.6475004466969922,"EGARCH(1,1)-Normal"
2022-07-06,-2.010645158663614,-2.521430145620244,-2.8436938178971505,-3.257919112761158,"EGARCH(1,1)-Normal"
2022-07-07,-1.8168368304995484,-2.2783866831776036,-2.5695870008477177,-2.943884657791656,"EGARCH(1,1)-Normal"
2022-07-08,-1.7156175346782672,-2.1514536026673343,-2.4264306191566822,-2.7798754704840567,"EGARCH(1,1)-Normal"
2022-07-11,-1.5850787904684556,-1.9877527510258661,-2.241807182094209,-2.5683589490906686,"EGARCH(1,1)-Normal"
2022-07-12,-1.8562538156203436,-2.327817172742006,-2.6253351951151984,-3.0077533860150956,"EGARCH(1,1)-Normal"
2022-07-13,-1.9904406052007957,-2.4960928204535264,-2.8151181323625747,-3.2251809637109936,"EGARCH(1,1)-Normal"
2022-07-14,-1.9360994635363038,-2.427946836489186,-2.7382624186912983,-3.1371300994025053,"EGARCH(1,1)-Normal"
2022-07-15,-1.8424380106679734,-2.3104915959524797,-2.605795238518162,-2.9853671510205406,"EGARCH(1,1)-Normal"
2022-07-18,-1.7597009678831628,-2.206736006390495,-2.4887786600013255,-2.851305408768054,"EGARCH(1,1)-Normal"
2022-07-19,-1.8782021363061738,-2.355341252356221,-2.656377123910334,-3.0433170224664443,"EGARCH(1,1)-Normal"
2022-07-20,-1.836228456642251,-2.3027045646884847,-2.5970129477600152,-2.9753055920950615,"EGARCH(1,1)-Normal"
2022-07-21,-1.6820748494700863,-2.1093897221837334,-2.3789905593573826,-2.7255250771477724,"EGARCH(1,1)-Normal"
2022-07-22,-1.5718038809789634,-1.9711054789684568,-2.2230322242724596,-2.5468491460507643,"EGARCH(1,1)-Normal"
2022-07-25,-1.7589719967570934,-2.2058218471890876,-2.487747662226459,-2.8501242311972432,"EGARCH(1,1)-Normal"
2022-07-26,-1.5926138375210426,-1.9972020040207046,-2.2524641429351995,-2.58056825101667,"EGARCH(1,1)-Normal"
2022-07-27,-1.8623850197330747,-2.335505950054193,-2.6340066740962174,-3.017687991819127,"EGARCH(1,1)-Normal"
2022-07-28,-1.8141083129382878,-2.2749650120775726,-2.565728006391362,-2.9394635447603323,"EGARCH(1,1)-Normal"
2022-07-29,-1.6968622495825965,-2.1279337185017178,-2.3999046615307695,-2.749485621974396,"EGARCH(1,1)-Normal"
2022-08-01,-1.6092470200347144,-2.0180606859352457,-2.2759887703824027,-2.6075195820279333,"EGARCH(1,1)-Normal"
2022-08-02,-1.5588973450249803,-1.9549201621860892,-2.2047782641718108,-2.525936231614898,"EGARCH(1,1)-Normal"
2022-08-03,-1.6491743104681011,-2.068131118949189,-2.332458699191856,-2.6722151759089314,"EGARCH(1,1)-Normal"
2022-08-04,-1.5758168681859253,-1.9761379268243218,-2.2287078686608126,-2.553351530454344,"EGARCH(1,1)-Normal"
2022-08-05,-1.4650171896995192,-1.837190659944898,-2.0720017689399626,-2.373818911944682,"EGARCH(1,1)-Normal"
2022-08-08,-1.3972070410323483,-1.7521539978110199,-1.9760965816299914,-2.2639437415646495,"EGARCH(1,1)-Normal"
2022-08-09,-1.3265021133083816,-1.6634871659541235,-1.8760972530576905,-2.14937805880071,"EGARCH(1,1)-Normal"
2022-08-10,-1.3668219976701066,-1.7140499275928536,-1.9331224349520297,-2.214709786440654,"EGARCH(1,1)-Normal"
2022-08-11,-1.3650075493702802,-1.7117745362235022,-1.9305562260956945,-2.2117697720031733,"EGARCH(1,1)-Normal"
2022-08-12,-1.281686571722408,-1.607286668785206,-1.8127137773585518,-2.0767618595412,"EGARCH(1,1)-Normal"
2022-08-15,-1.2716944347243844,-1.5947561258709457,-1.7985817073180346,-2.0605712483023546,"EGARCH(1,1)-Normal"
2022-08-16,-1.186013445945549,-1.487308709263086,-1.6774014498012715,-1.9217393267471978,"EGARCH(1,1)-Normal"
2022-08-17,-1.1002281739352713,-1.3797305172758372,-1.5560737025201985,-1.7827384314020156,"EGARCH(1,1)-Normal"
2022-08-18,-1.2866861273256163,-1.613556313211681,-1.8197847442568216,-2.0848628154382767,"EGARCH(1,1)-Normal"
2022-08-19,-1.1908528436883252,-1.4933775092712351,-1.6842459023811716,-1.9295807732264578,"EGARCH(1,1)-Normal"
2022-08-22,-1.6019411062995474,-2.0088987753645138,-2.265655877164888,-2.5956815528802117,"EGARCH(1,1)-Normal"
2022-08-23,-2.3147396788743753,-2.902776942231021,-3.2737805009966703,-3.7506541660905364,"EGARCH(1,1)-Normal"
2022-08-24,-2.1375672715752527,-2.6805955957058916,-3.023202184296901,-3.4635754791792355,"EGARCH(1,1)-Normal"
2022-08-25,-1.9226092099182621,-2.411029514206819,-2.719182895559038,-3.115271366692341,"EGARCH(1,1)-Normal"
2022-08-26,-1.79977571317662,-2.2569913537478263,-2.5454571370333205,-2.9162399289483165,"EGARCH(1,1)-Normal"
2022-08-29,-3.121169401766913,-3.9140723490132436,-4.4143294475259705,-5.057340627393595,"EGARCH(1,1)-Normal"
2022-08-30,-2.947634053227064,-3.6964520209042715,-4.168895092436984,-4.776155194791745,"EGARCH(1,1)-Normal"
2022-08-31,-2.9523211956558577,-3.7023298866061594,-4.175524207420765,-4.783749936627321,"EGARCH(1,1)-Normal"
2022-09-01,-2.848174632946129,-3.571725895321304,-4.028227736307117,-4.61499759575882,"EGARCH(1,1)-Normal"
2022-09-02,-2.519574908739558,-3.1596485842717295,-3.5634828755530616,-4.082555897964575,"EGARCH(1,1)-Normal"
2022-09-06,-2.591874344066314,-3.250314992990695,-3.6657373466566563,-4.199705217514044,"EGARCH(1,1)-Normal"
2022-09-07,-2.429145476343272,-3.0462464277982964,-3.4355868036115638,-3.9360299061004422,"EGARCH(1,1)-Normal"
2022-09-08,-2.25062088509448,-2.8223693880483176,-3.1830960673474733,-3.6467602279470435,"EGARCH(1,1)-Normal"
2022-09-09,-2.037801813174585,-2.5554856859741006,-2.882101992614038,-3.3019219958102726,"EGARCH(1,1)-Normal"
2022-09-12,-1.904759849017054,-2.388645695529298,-2.6939382038094917,-3.0863494190378535,"EGARCH(1,1)-Normal"
2022-09-13,-1.7663696659942392,-2.2150988228610475,-2.4982103270014315,-2.8621109350140426,"EGARCH(1,1)-Normal"
2022-09-14,-3.7108400834772906,-4.653543173313839,-5.248311945606099,-6.012804785701871,"EGARCH(1,1)-Normal"
2022-09-15,-3.2414843593371874,-4.064952159744414,-4.584493188039265,-5.25229118748137,"EGARCH(1,1)-Normal"
2022-09-16,-3.2047789493564136,-4.01892209480029,-4.5325800262384615,-5.192816119887852,"EGARCH(1,1)-Normal"
2022-09-19,-3.0403862986654975,-3.8127670786431893,-4.3000763631912235,-4.926444922376612,"EGARCH(1,1)-Normal"
2022-09-20,-2.708230112515406,-3.3962298208359765,-3.8303015304409684,-4.388240564129986,"EGARCH(1,1)-Normal"
2022-09-21,-2.7659766586557906,-3.4686463193993493,-3.911973572649286,-4.4818093251597775,"EGARCH(1,1)-Normal"
2022-09-22,-3.0213799897130467,-3.788932400433965,-4.273195377734272,-4.895648331077335,"EGARCH(1,1)-Normal"
2022-09-23,-2.9292634040793097,-3.673414485734939,-4.142913132772382,-4.746388585445281,"EGARCH(1,1)-Normal"
2022-09-26,-3.1568829623963377,-3.958858594856005,-4.464839817861277,-5.1152085665762055,"EGARCH(1,1)-Normal"
2022-09-27,-3.1033106356613156,-3.891676735829978,-4.389071453816372,-5.028403440155431,"EGARCH(1,1)-Normal"
2022-09-28,-2.8001458227673535,-3.511495829702203,-3.9602996735170026,-4.537174824311364,"EGARCH(1,1)-Normal"
2022-09-29,-2.5762877904698915,-3.2307688259631595,-3.643692986460386,-4.174449776172216,"EGARCH(1,1)-Normal"
2022-09-30,-3.023103301939876,-3.791093503491022,-4.275632691103379,-4.898440674528317,"EGARCH(1,1)-Normal"
2022-10-03,-3.1549982588234755,-3.9564951005399167,-4.462174245631576,-5.112154715047278,"EGARCH(1,1)-Normal"
2022-10-04,-2.905279889940352,-3.6433381914234797,-4.108992791038023,-4.707527253415704,"EGARCH(1,1)-Normal"
2022-10-05,-2.7237599211083707,-3.4157048273398787,-3.85226563509596,-4.413404059545641,"EGARCH(1,1)-Normal"
2022-10-06,-2.4804181254122146,-3.110544398253792,-3.5081026896476017,-4.019108783864547,"EGARCH(1,1)-Normal"
2022-10-07,-2.54244317117527,-3.1883263079540547,-3.5958258955206963,-4.119610148409474,"EGARCH(1,1)-Normal"
2022-10-10,-3.2867173435343555,-4.1216761467889045,-4.648467060789651,-5.325583783695176,"EGARCH(1,1)-Normal"
2022-10-11,-3.1197864201826357,-3.9123380343121092,-4.4123734702793,-5.055099733660258,"EGARCH(1,1)-Normal"
2022-10-12,-2.9506469008252942,-3.7002302533415583,-4.173156220290617,-4.7810370177886155,"EGARCH(1,1)-Normal"
2022-10-13,-2.7095350917156065,-3.3978663174005814,-3.8321471874272865,-4.3903550678552055,"EGARCH(1,1)-Normal"
2022-10-14,-2.5353108274345217,-3.1793820611587615,-3.585738485658598,-4.108053360832291,"EGARCH(1,1)-Normal"
2022-10-17,-3.0943102006913166,-3.8803898272676873,-4.376341966879163,-5.013819718614324,"EGARCH(1,1)-Normal"
2022-10-18,-2.858991279858309,-3.5852904069316116,-4.043525926453699,-4.6325241894291835,"EGARCH(1,1)-Normal"
2022-10-19,-2.582511481828383,-3.2385735860127984,-3.652495271918058,-4.184534242315528,"EGARCH(1,1)-Normal"
2022-10-20,-2.5087144203705174,-3.1460290937057973,-3.548122679597396,-4.0649582664387145,"EGARCH(1,1)-Normal"
2022-10-21,-2.489059340391353,-3.1213808304553186,-3.520324124896589,-4.033110448612157,"EGARCH(1,1)-Normal"
2022-10-24,-2.33794009151054,-2.931871195664848,-3.3065932873313693,-3.7882466111948463,"EGARCH(1,1)-Normal"
2022-10-25,-2.146097666563869,-2.6912930551684258,-3.035266884718467,-3.4773975783960296,"EGARCH(1,1)-Normal"
2022-10-26,-2.008087501070102,-2.518222739812875,-2.8400764739537756,-3.2537748501487833,"EGARCH(1,1)-Normal"
2022-10-27,-2.0509508588868255,-2.571975119777039,-2.9006989388937083,-3.323227857342275,"EGARCH(1,1)-Normal"
2022-10-28,-2.0434655714709145,-2.562588267374075,-2.890112354056453,-3.311099182706809,"EGARCH(1,1)-Normal"
2022-10-31,-1.968016481343564,-2.4679720644667635,-2.7834032660621713,-3.1888463666357167,"EGARCH(1,1)-Normal"
2022-11-01,-2.019873107503186,-2.5330023657537075,-2.8567450820418414,-3.272871483032204,"EGARCH(1,1)-Normal"
2022-11-02,-1.9528276967273899,-2.44892471578789,-2.7619214781254606,-3.1642354443715734,"EGARCH(1,1)-Normal"
2022-11-03,-2.716383162151961,-3.4064540740035576,-3.8418325441300722,-4.401451237392631,"EGARCH(1,1)-Normal"
2022-11-04,-2.7505007010088525,-3.449238844154305,-3.8900856304149203,-4.456733086327186,"EGARCH(1,1)-Normal"
2022-11-07,-2.5042649411617557,-3.1404492672700184,-3.541829696241135,-4.057748618682821,"EGARCH(1,1)-Normal"
2022-11-08,-2.275948789846472,-2.8541316024260737,-3.2189178063814254,-3.6877999234010903,"EGARCH(1,1)-Normal"
2022-11-09,-2.06167461212867,-2.585423138977081,-2.915865747749606,-3.3406039321293157,"EGARCH(1,1)-Normal"
2022-11-10,-2.6062201010408255,-3.268305150996157,-3.686026824511908,-4.222950152421084,"EGARCH(1,1)-Normal"
2022-11-11,-2.617655657066252,-3.2826457996034946,-3.7022003496282623,-4.241479586309383,"EGARCH(1,1)-Normal"
2022-11-14,-2.3677705211505,-2.96927975790016,-3.348783033237977,-3.836581906185682,"EGARCH(1,1)-Normal"
2022-11-15,-2.4059228212170276,-3.0171242813845685,-3.4027425592986833,-3.89840142070666,"EGARCH(1,1)-Normal"
2022-11-16,-2.1871123193534387,-2.74272708444513,-3.093274690858869,-3.5438550637711286,"EGARCH(1,1)-Normal"
2022-11-17,-2.2323898971687197,-2.7995069936858017,-3.157311633214351,-3.6172199165937813,"EGARCH(1,1)-Normal"
2022-11-18,-2.1017796016303305,-2.635716413791659,-2.9725869997424264,-3.405587458064538,"EGARCH(1,1)-Normal"
2022-11-21,-1.9084969635516766,-2.393332187924354,-2.699223676212759,-3.0924047972414432,"EGARCH(1,1)-Normal"
2022-11-22,-1.8520397948702279,-2.32253262071261,-2.619375225150354,-3.000925259886416,"EGARCH(1,1)-Normal"
2022-11-23,-1.741928070396191,-2.1844480759192355,-2.463642111917718,-2.8225073574746893,"EGARCH(1,1)-Normal"
2022-11-25,-1.6062236475998353,-2.0142692549281906,-2.2717127570514473,-2.6026207052678316,"EGARCH(1,1)-Normal"
2022-11-28,-1.4791769345476193,-1.8549475512394418,-2.0920281662950813,-2.3967624448568285,"EGARCH(1,1)-Normal"
2022-11-29,-1.9313444812926919,-2.4219838969226135,-2.7315373565628036,-3.12942543432744,"EGARCH(1,1)-Normal"
2022-11-30,-1.799785506831873,-2.2570036353866247,-2.5454709883868416,-2.9162557979525987,"EGARCH(1,1)-Normal"
2022-12-01,-1.7921225866383652,-2.247394024314209,-2.534633174122389,-2.9038392986760253,"EGARCH(1,1)-Normal"
2022-12-02,-1.6581593584186465,-2.079398731568318,-2.3451664239738146,-2.68677396532089,"EGARCH(1,1)-Normal"
2022-12-05,-1.5533077227585688,-1.9479105503585465,-2.1968727547312787,-2.5168791699367645,"EGARCH(1,1)-Normal"
2022-12-06,-2.0960957617293015,-2.6285886492492274,-2.9645482365032594,-3.3963777322371596,"EGARCH(1,1)-Normal"
2022-12-07,-2.3801518567256545,-2.984806452219005,-3.3662941924202263,-3.8566438199639523,"EGARCH(1,1)-Normal"
2022-12-08,-2.1904473632729182,-2.746909364067822,-3.0979915071182544,-3.5492589528066225,"EGARCH(1,1)-Normal"
2022-12-09,-1.9995479936074658,-2.5075138529402894,-2.827998885586306,-3.2399379856696324,"EGARCH(1,1)-Normal"
2022-12-12,-2.045255056250087,-2.564832353481408,-2.8926432565291376,-3.313998747873214,"EGARCH(1,1)-Normal"
2022-12-13,-1.910813345181545,-2.3962370239393738,-2.7024997789563807,-3.0961581119185158,"EGARCH(1,1)-Normal"
2022-12-14,-1.7596463637563724,-2.2066675306125734,-2.4887014323427725,-2.8512169317796907,"EGARCH(1,1)-Normal"
2022-12-15,-1.798323933472637,-2.255170763429018,-2.543403857293046,-2.9138875592003552,"EGARCH(1,1)-Normal"
2022-12-16,-2.6043949415450744,-3.266016327354988,-3.6834454666067704,-4.219992782255879,"EGARCH(1,1)-Normal"
2022-12-19,-2.67954039331716,-3.3602517555149336,-3.7897251130807397,-4.341753602413757,"EGARCH(1,1)-Normal"
2022-12-20,-2.6699033362277342,-3.3481664971312557,-3.7760952393310943,-4.326138339647413,"EGARCH(1,1)-Normal"
2022-12-21,-2.373937162277866,-2.977012974658356,-3.3575046314650536,-3.846573931831688,"EGARCH(1,1)-Normal"
2022-12-22,-2.193595754496607,-2.7508575736797516,-3.10244433690801,-3.5543604019101145,"EGARCH(1,1)-Normal"
2022-12-23,-2.4601461996912612,-3.0851225855573343,-3.479431718242652,-3.9862614691734426,"EGARCH(1,1)-Normal"
2022-12-27,-2.220916871222024,-2.7851193562855214,-3.1410851136732925,-3.5986297688733417,"EGARCH(1,1)-Normal"
2022-12-28,-2.1241453166665596,-2.6637639227604635,-3.0042192573326454,-3.441827413271518,"EGARCH(1,1)-Normal"
2022-12-29,-2.3129900262291256,-2.900582807226599,-3.2713059338711266,-3.7478191423325704,"EGARCH(1,1)-Normal"
2022-12-30,-2.155445371823506,-2.703015454684055,-3.0484875226534176,-3.4925439942091856,"EGARCH(1,1)-Normal"
2023-01-03,-2.02138946911124,-2.5349039443856873,-2.8588897012014876,-3.275328497112212,"EGARCH(1,1)-Normal"
2023-01-04,-1.9530137921890953,-2.4491580870046286,-2.76218467648829,-3.164536981397575,"EGARCH(1,1)-Normal"
2023-01-05,-1.7972187130256871,-2.253784772399975,-2.541840722923532,-2.912096731613291,"EGARCH(1,1)-Normal"
2023-01-06,-2.029417149078165,-2.5449709789296886,-2.87024340217435,-3.2883360294869233,"EGARCH(1,1)-Normal"
2023-01-09,-1.9428609451193886,-2.4364260071768555,-2.7478253111264923,-3.148085965973589,"EGARCH(1,1)-Normal"
2023-01-10,-1.785673596111786,-2.23930673001841,-2.5255122437518107,-2.8933897723615347,"EGARCH(1,1)-Normal"
2023-01-11,-1.6508669696032279,-2.070253781792594,-2.3348526593084014,-2.674957851076629,"EGARCH(1,1)-Normal"
2023-01-12,-1.5656000329235502,-1.963325603221429,-2.2142580035770103,-2.5367968327097916,"EGARCH(1,1)-Normal"
2023-01-13,-1.4422852131308164,-1.8086838442380646,-2.0398515006748412,-2.3369854902865117,"EGARCH(1,1)-Normal"
2023-01-17,-1.3380325353000402,-1.6779467803103503,-1.8924049489204542,-2.1680612073527863,"EGARCH(1,1)-Normal"
2023-01-18,-1.3026680328485645,-1.6335982675049983,-1.8423882582274471,-2.1107588594205784,"EGARCH(1,1)-Normal"
2023-01-19,-1.7978696634352416,-2.2546010904752367,-2.5427613745101287,-2.9131514894712893,"EGARCH(1,1)-Normal"
2023-01-20,-1.8850127885017323,-2.363882084975652,-2.6660095592810933,-3.0543525619114185,"EGARCH(1,1)-Normal"
2023-01-23,-1.7982020139933441,-2.255017871483314,-2.543231424246841,-2.9136900087772513,"EGARCH(1,1)-Normal"
2023-01-24,-1.687104861672457,-2.115697560414287,-2.3861046016050644,-2.7336753829443547,"EGARCH(1,1)-Normal"
2023-01-25,-1.564381415219279,-1.9617974074568523,-2.212534489302458,-2.5348222635558124,"EGARCH(1,1)-Normal"
2023-01-26,-1.442403218814604,-1.808831828126308,-2.040018398365375,-2.3371766990490173,"EGARCH(1,1)-Normal"
2023-01-27,-1.3752135411228132,-1.7245732616275868,-1.9449907549965957,-2.2283068996271047,"EGARCH(1,1)-Normal"
2023-01-30,-1.2725366419707727,-1.5958122877355856,-1.7997728570988016,-2.061935906344124,"EGARCH(1,1)-Normal"
2023-01-31,-1.6574118079973732,-2.0784612731811687,-2.3441091491471844,-2.6855626830641848,"EGARCH(1,1)-Normal"
2023-02-01,-1.5803231451581123,-1.9817889799468622,-2.2350811821777823,-2.5606532096252432,"EGARCH(1,1)-Normal"
2023-02-02,-1.4919801809971618,-1.8710033388161706,-2.1101360420784823,-2.4175079956735024,"EGARCH(1,1)-Normal"
2023-02-03,-1.4389855584294158,-1.804545944122572,-2.035184736061932,-2.3316389436465514,"EGARCH(1,1)-Normal"
2023-02-06,-1.6850172863622817,-2.1130796567550316,-2.383152104005793,-2.730292811199637,"EGARCH(1,1)-Normal"
2023-02-07,-1.7377091308337227,-2.179157355500707,-2.457675185182696,-2.8156712612212433,"EGARCH(1,1)-Normal"
2023-02-08,-1.640802728928005,-2.057632817958204,-2.320618611661236,-2.658650407712018,"EGARCH(1,1)-Normal"
2023-02-09,-1.8792474616919255,-2.3566521325621386,-2.657855547551793,-3.045010799977917,"EGARCH(1,1)-Normal"
2023-02-10,-1.9951261078828135,-2.5019686298468042,-2.821744928221199,-3.23277304860716,"EGARCH(1,1)-Normal"
2023-02-13,-1.8067079809585855,-2.2656846972190223,-2.5552615756487778,-2.927472526408057,"EGARCH(1,1)-Normal"
2023-02-14,-1.6925356173519073,-2.1225079471325308,-2.3937854229999376,-2.742475027500521,"EGARCH(1,1)-Normal"
2023-02-15,-1.5563335510108207,-1.9517050610596631,-2.20115224137161,-2.5217820259441845,"EGARCH(1,1)-Normal"
2023-02-16,-1.4318038348732904,-1.7955397730466367,-2.0250274873846097,-2.3200021442166516,"EGARCH(1,1)-Normal"
2023-02-17,-1.8174960359208674,-2.2792133533706553,-2.570519327654987,-2.9449527915357416,"EGARCH(1,1)-Normal"
2023-02-21,-1.7406602354848695,-2.182858159791419,-2.4618489888080015,-2.8204530399479877,"EGARCH(1,1)-Normal"
2023-02-22,-2.3290713356612844,-2.9207494180323774,-3.294050036687516,-3.7738762539673645,"EGARCH(1,1)-Normal"
2023-02-23,-2.139803380981214,-2.683399767113661,-3.026364756502381,-3.4671987259468287,"EGARCH(1,1)-Normal"
2023-02-24,-1.9466738447582428,-2.4412075371500617,-2.753217967848914,-3.1542641414487282,"EGARCH(1,1)-Normal"
2023-02-27,-2.111849964254647,-2.648345054797194,-2.9868297057790225,-3.42190482103872,"EGARCH(1,1)-Normal"
2023-02-28,-1.911693100691991,-2.3973402728419737,-2.703744033963554,-3.0975836107340022,"EGARCH(1,1)-Normal"
2023-03-01,-1.8296100765365921,-2.294404849026735,-2.587652446475211,-2.964581597884131,"EGARCH(1,1)-Normal"
2023-03-02,-1.8134103186684536,-2.2740896991036017,-2.5647408197754133,-2.9383325600798718,"EGARCH(1,1)-Normal"
2023-03-03,-1.6785680730577606,-2.1049920830867057,-2.3740308585561203,-2.719842923910207,"EGARCH(1,1)-Normal"
2023-03-06,-1.607622594240638,-2.0160235904542954,-2.27369131398223,-2.604887467744127,"EGARCH(1,1)-Normal"
2023-03-07,-1.4660303101756846,-1.8384611538949327,-2.0734346445632137,-2.3754605067077397,"EGARCH(1,1)-Normal"
2023-03-08,-1.9084495547472764,-2.3932727353709944,-2.699156625035973,-3.092327979087179,"EGARCH(1,1)-Normal"
2023-03-09,-1.7297272574725033,-2.1691477642882635,-2.446386269366429,-2.802737950901863,"EGARCH(1,1)-Normal"
2023-03-10,-2.247818940149555,-2.818855636046847,-3.1791332231411555,-3.6422201379417825,"EGARCH(1,1)-Normal"
2023-03-13,-2.5035535087180056,-3.139557102283813,-3.5408235037593703,-4.056595859656224,"EGARCH(1,1)-Normal"
2023-03-14,-2.28672729327281,-2.8676482805662897,-3.2341620494680736,-3.705264711838931,"EGARCH(1,1)-Normal"
2023-03-15,-2.128900252551601,-2.6697268041915176,-3.010944253895329,-3.449532003230159,"EGARCH(1,1)-Normal"
2023-03-16,-2.141787118305013,-2.6858874537488022,-3.029170394055935,-3.4704130453477706,"EGARCH(1,1)-Normal"
2023-03-17,-2.011099357203934,-2.5219997289138076,-2.84433619956039,-3.258655066640997,"EGARCH(1,1)-Normal"
2023-03-20,-2.182096647233328,-2.736437229256261,-3.0861809300631857,-3.5357279937145143,"EGARCH(1,1)-Normal"
2023-03-21,-2.001665748878219,-2.5101696034876775,-2.8309940672797596,-3.243369459066621,"EGARCH(1,1)-Normal"
2023-03-22,-1.8680443129714865,-2.3426029320914017,-2.64201072052201,-3.0268579438251764,"EGARCH(1,1)-Normal"
2023-03-23,-2.2723643313220077,-2.8496365468264484,-3.2138482382865243,-3.6819918991033003,"EGARCH(1,1)-Normal"
2023-03-24,-2.049272721986997,-2.569870668402577,-2.8983255178516787,-3.3205087130635236,"EGARCH(1,1)-Normal"
2023-03-27,-1.8719914712340942,-2.34755282779527,-2.647593261778121,-3.0332536632734506,"EGARCH(1,1)-Normal"
2023-03-28,-1.6998643678932632,-2.1316984959795424,-2.40415061474825,-2.7543500599290236,"EGARCH(1,1)-Normal"
2023-03-29,-1.6025543505561661,-2.009667808402792,-2.2665232002198255,-2.596675214131587,"EGARCH(1,1)-Normal"
2023-03-30,-1.531847924821116,-1.9209990979795617,-2.166521752981862,-2.482107104087568,"EGARCH(1,1)-Normal"
2023-03-31,-1.4261985136265554,-1.7885104740644147,-2.017099774576616,-2.3109196449281932,"EGARCH(1,1)-Normal"
2023-04-03,-1.3806641970841538,-1.7314086041021703,-1.9526997217399122,-2.237138789310384,"EGARCH(1,1)-Normal"
2023-04-04,-1.2839378500188117,-1.6101098625935586,-1.8158978032152597,-2.080409684995828,"EGARCH(1,1)-Normal"
2023-04-05,-1.3831327148643158,-1.7345042249873774,-1.9561909935441733,-2.2411386155460216,"EGARCH(1,1)-Normal"
2023-04-06,-1.3575942659454525,-1.7024779797302565,-1.9200714778771109,-2.199757767968551,"EGARCH(1,1)-Normal"
2023-04-10,-1.2635853728328212,-1.5845870351102083,-1.7871129063361098,-2.047431849931015,"EGARCH(1,1)-Normal"
2023-04-11,-1.1680877250422506,-1.464829132062307,-1.6520487606435585,-1.8926936502939276,"EGARCH(1,1)-Normal"
2023-04-12,-1.0924559507272633,-1.3699838358135616,-1.545081298916462,-1.7701448246042626,"EGARCH(1,1)-Normal"
2023-04-13,-1.1599465327066596,-1.4546197484285008,-1.640534516961486,-1.879502189833338,"EGARCH(1,1)-Normal"
2023-04-14,-1.1414920839665526,-1.4314771251895815,-1.6144340379342357,-1.8495997970581617,"EGARCH(1,1)-Normal"
2023-04-17,-1.1333947355402982,-1.4213227235869046,-1.6029818035298304,-1.8364793784269031,"EGARCH(1,1)-Normal"
2023-04-18,-1.0653980686808253,-1.3360521601150652,-1.5068128199810802,-1.7263019860556057,"EGARCH(1,1)-Normal"
2023-04-19,-0.9928122707488574,-1.2450266411362672,-1.4041533407801547,-1.6086886630987325,"EGARCH(1,1)-Normal"
2023-04-20,-0.939117629087335,-1.1776913942577851,-1.3282119844005134,-1.5216853454978259,"EGARCH(1,1)-Normal"
2023-04-21,-1.0948037701380824,-1.3729280960742067,-1.5484018647136228,-1.7739490790242236,"EGARCH(1,1)-Normal"
2023-04-24,-1.0190220856487262,-1.2778948064188873,-1.4412223821661165,-1.651157348603125,"EGARCH(1,1)-Normal"
2023-04-25,-0.9515570745308166,-1.193290960695873,-1.3458053294784729,-1.5418414167408516,"EGARCH(1,1)-Normal"
2023-04-26,-1.5554996152992053,-1.950659272033332,-2.1999727901803214,-2.520430770561315,"EGARCH(1,1)-Normal"
2023-04-27,-1.5501887833235366,-1.9439992744777834,-2.192461579168261,-2.511825442602952,"EGARCH(1,1)-Normal"
2023-04-28,-1.5129131815619148,-1.89725416603689,-2.1397419842505916,-2.4514264731997297,"EGARCH(1,1)-Normal"
2023-05-01,-1.4218428929200742,-1.783048349977085,-2.010939537091272,-2.3038620794067786,"EGARCH(1,1)-Normal"
2023-05-02,-1.3259785445274017,-1.662830589580127,-1.875356759739264,-2.14852970187853,"EGARCH(1,1)-Normal"
2023-05-03,-1.6396074659994089,-2.05613391002454,-2.318928128491611,-2.656713681123008,"EGARCH(1,1)-Normal"
2023-05-04,-1.7288839501007656,-2.168090222822052,-2.445193563657386,-2.8013715102882726,"EGARCH(1,1)-Normal"
2023-05-05,-1.8121311427785374,-2.2724855609310914,-2.5629316569032454,-2.9362598663664214,"EGARCH(1,1)-Normal"
2023-05-08,-1.731353158325726,-2.171186709552892,-2.4486858119709014,-2.8053724552759167,"EGARCH(1,1)-Normal"
2023-05-09,-1.5733097650159618,-1.9729939183036302,-2.225162024803414,-2.549289182953646,"EGARCH(1,1)-Normal"
2023-05-10,-1.590643280201152,-1.9947308456421935,-2.2496771461126928,-2.5773752876399154,"EGARCH(1,1)-Normal"
2023-05-11,-1.4711548944876691,-1.8448875893663206,-2.0806824419502816,-2.3837640510218776,"EGARCH(1,1)-Normal"
2023-05-12,-1.4096908503529073,-1.7678091983407613,-1.9937526713859162,-2.284171697159036,"EGARCH(1,1)-Normal"
2023-05-15,-1.35266191436954,-1.6962926118652624,-1.9130955589171288,-2.1917657051220645,"EGARCH(1,1)-Normal"
2023-05-16,-1.2565307318407446,-1.5757402306965578,-1.7771353929542928,-2.0360009668521575,"EGARCH(1,1)-Normal"
2023-05-17,-1.381083258728846,-1.731934124311068,-1.9532924086211327,-2.237817809641637,"EGARCH(1,1)-Normal"
2023-05-18,-1.3252906580065,-1.6619679521311004,-1.874383868705521,-2.1474150951393947,"EGARCH(1,1)-Normal"
2023-05-19,-1.2644342175206789,-1.585651520594229,-1.7883134435770123,-2.0488072628527934,"EGARCH(1,1)-Normal"
2023-05-22,-1.2216412017360057,-1.5319873523761063,-1.7277904647153752,-1.9794682333294333,"EGARCH(1,1)-Normal"
2023-05-23,-1.1346662713974525,-1.422917280850105,-1.6047801609578647,-1.8385396927263875,"EGARCH(1,1)-Normal"
2023-05-24,-1.4696912768059114,-1.843052153745796,-2.078612419532131,-2.3813924997819047,"EGARCH(1,1)-Normal"
2023-05-25,-1.5960434047468173,-2.001502819682901,-2.2573146453105073,-2.5861252994919854,"EGARCH(1,1)-Normal"
2023-05-26,-1.4963895456038951,-1.876532859922639,-2.116372290587571,-2.424652644327946,"EGARCH(1,1)-Normal"
2023-05-30,-1.43114665475316,-1.7947156426629838,-2.0240980249994607,-2.31893729213936,"EGARCH(1,1)-Normal"
2023-05-31,-1.322347443174547,-1.6582770419919612,-1.870221223802066,-2.142646100564362,"EGARCH(1,1)-Normal"
2023-06-01,-1.4276462384932518,-1.7903259794536792,-2.019147319483136,-2.313265444480594,"EGARCH(1,1)-Normal"
2023-06-02,-1.355574625312304,-1.6999452688967223,-1.9172150615879853,-2.196485273171897,"EGARCH(1,1)-Normal"
2023-06-05,-1.3163939360040082,-1.6508111038142173,-1.8618010649974561,-2.1329994233695904,"EGARCH(1,1)-Normal"
2023-06-06,-1.2845170918867324,-1.610836255264631,-1.8167170360429794,-2.0813482509801235,"EGARCH(1,1)-Normal"
2023-06-07,-1.1939599240107983,-1.4972739133464097,-1.6886403053749843,-1.934615284822824,"EGARCH(1,1)-Normal"
2023-06-08,-1.2376065335694837,-1.5520085225941862,-1.7503705382007007,-2.0053374223793967,"EGARCH(1,1)-Normal"
2023-06-09,-1.171412636288484,-1.4689987049039601,-1.6567512460698062,-1.8980811210023534,"EGARCH(1,1)-Normal"
2023-06-12,-1.0888706229520342,-1.365487690138409,-1.5400105014236163,-1.7643353918288662,"EGARCH(1,1)-Normal"
2023-06-13,-1.056083041107497,-1.324370739736402,-1.4936383987214774,-1.711208519047626,"EGARCH(1,1)-Normal"
2023-06-14,-1.0152872398981243,-1.2732111591705244,-1.435940118547386,-1.6451056465901315,"EGARCH(1,1)-Normal"
2023-06-15,-0.9489688832008877,-1.1900452643511967,-1.3421448010889951,-1.5376476792407636,"EGARCH(1,1)-Normal"
2023-06-16,-0.948430336435133,-1.189369904980027,-1.3413831241208707,-1.5367750529627215,"EGARCH(1,1)-Normal"
2023-06-20,-1.0186682614879474,-1.2774510966467318,-1.44072196190335,-1.65058403486301,"EGARCH(1,1)-Normal"
2023-06-21,-1.1176546596030412,-1.4015840333503191,-1.5807203137571848,-1.8109751794331905,"EGARCH(1,1)-Normal"
2023-06-22,-1.221369415569833,-1.5316465215588944,-1.7274060723539457,-1.9790278486392046,"EGARCH(1,1)-Normal"
2023-06-23,-1.1452209091668373,-1.436153222424956,-1.6197077865737604,-1.8556417437615909,"EGARCH(1,1)-Normal"
2023-06-26,-1.3339897821063513,-1.6728770047062627,-1.8866872059290365,-2.161510592073336,"EGARCH(1,1)-Normal"
2023-06-27,-1.381558548931718,-1.7325301574003855,-1.9539646206252204,-2.2385879390846037,"EGARCH(1,1)-Normal"
2023-06-28,-1.3230768000939663,-1.6591916849937938,-1.8712527672118295,-2.143827903249715,"EGARCH(1,1)-Normal"
2023-06-29,-1.2396045527305695,-1.5545141192294654,-1.753196374829276,-2.008574883143926,"EGARCH(1,1)-Normal"
2023-06-30,-1.1649745923583337,-1.4609251380817077,-1.647645797679456,-1.8876493318433085,"EGARCH(1,1)-Normal"
2023-07-03,-1.137711730795135,-1.4267364097995825,-1.6090874123018077,-1.8434743577696429,"EGARCH(1,1)-Normal"
2023-07-05,-1.0593337844763655,-1.3284473030676405,-1.4982359871033906,-1.7164758129341104,"EGARCH(1,1)-Normal"
2023-07-06,-1.0588516982140976,-1.3278427474456633,-1.4975541633028076,-1.7156946715969261,"EGARCH(1,1)-Normal"
2023-07-07,-1.2715260871328844,-1.5945450111994577,-1.7983436101067274,-2.060298468775061,"EGARCH(1,1)-Normal"
2023-07-10,-1.2737354947479926,-1.5973156974842517,-1.801468417459843,-2.0638784496911993,"EGARCH(1,1)-Normal"
2023-07-11,-1.1851497094156307,-1.486225548808331,-1.6761798507439554,-1.9203397840496286,"EGARCH(1,1)-Normal"
2023-07-12,-1.1279883407002975,-1.4145428863441343,-1.5953354361350787,-1.8277192065962462,"EGARCH(1,1)-Normal"
2023-07-13,-1.0809053394309234,-1.3554989032547553,-1.5287450489348062,-1.7514289626112731,"EGARCH(1,1)-Normal"
2023-07-14,-1.044632534456215,-1.3100113424410798,-1.4774437286496669,-1.6926548601340838,"EGARCH(1,1)-Normal"
2023-07-17,-1.0156097086797669,-1.2736155480322546,-1.4363961922990722,-1.6456281541059183,"EGARCH(1,1)-Normal"
2023-07-18,-0.964219871430198,-1.2091706188704603,-1.3637145647828226,-1.562359392208451,"EGARCH(1,1)-Normal"
2023-07-19,-0.9346095884830539,-1.1720381294694475,-1.3218361765450168,-1.5143808086517758,"EGARCH(1,1)-Normal"
2023-07-20,-0.8847896236029875,-1.109561883593306,-1.2513748494794985,-1.4336557662043368,"EGARCH(1,1)-Normal"
2023-07-21,-1.0794567414704257,-1.3536823029706402,-1.5266962691950616,-1.7490817483542587,"EGARCH(1,1)-Normal"
2023-07-24,-1.0049908757126964,-1.2602991030896402,-1.4213777741900253,-1.6284220853326339,"EGARCH(1,1)-Normal"
2023-07-25,-0.9556676231223304,-1.1984457544639433,-1.351618956794803,-1.5485018832893735,"EGARCH(1,1)-Normal"
2023-07-26,-0.9059326777767048,-1.1360761265139845,-1.2812778744793083,-1.4679146009857467,"EGARCH(1,1)-Normal"
2023-07-27,-0.8654448761634445,-1.0853027898674428,-1.2240152040116858,-1.4023107911134989,"EGARCH(1,1)-Normal"
2023-07-28,-1.0495840772159266,-1.3162207768247989,-1.4844467900671294,-1.7006780191310895,"EGARCH(1,1)-Normal"
2023-07-31,-1.0236220831452487,-1.2836633888599676,-1.447728246409163,-1.6586108864379838,"EGARCH(1,1)-Normal"
2023-08-01,-0.9598692310398,-1.2037147403004227,-1.3575613710535563,-1.5553098964684622,"EGARCH(1,1)-Normal"
2023-08-02,-0.9943640001439499,-1.246972572400057,-1.4063479812759478,-1.6112029848488045,"EGARCH(1,1)-Normal"
2023-08-03,-1.480482019512172,-1.8565841804368113,-2.093873972865941,-2.39887711995575,"EGARCH(1,1)-Normal"
2023-08-04,-1.4445463602794182,-1.8115194139852184,-2.043049484237544,-2.3406493065896785,"EGARCH(1,1)-Normal"
2023-08-07,-1.504067365811238,-1.8861611562135239,-2.127231178225934,-2.437093286621324,"EGARCH(1,1)-Normal"
2023-08-08,-1.4174404239977796,-1.7775274763370998,-2.0047130412802785,-2.2967286040725163,"EGARCH(1,1)-Normal"
2023-08-09,-1.4445900160499996,-1.8115741600827582,-2.0431112274269787,-2.3407200435711624,"EGARCH(1,1)-Normal"
2023-08-10,-1.564284846790529,-1.9616763067512824,-2.2123979107308203,-2.5346657903321024,"EGARCH(1,1)-Normal"
2023-08-11,-1.4324645023509792,-1.7963682767173603,-2.0259618820061047,-2.3210726469821283,"EGARCH(1,1)-Normal"
2023-08-14,-1.3574838080319955,-1.7023394610505118,-1.9199152551421932,-2.1995787891239464,"EGARCH(1,1)-Normal"
2023-08-15,-1.2744248122072728,-1.598180129387734,-1.802443332297042,-2.0649953750301493,"EGARCH(1,1)-Normal"
2023-08-16,-1.5927716159106053,-1.997399864486564,-2.2526872919225105,-2.580823904894095,"EGARCH(1,1)-Normal"
2023-08-17,-1.7078761224571817,-2.141745559425686,-2.4154817921197296,-2.7673317878127692,"EGARCH(1,1)-Normal"
2023-08-18,-1.8107873646848307,-2.270800408988743,-2.5610311259014256,-2.9340824954285747,"EGARCH(1,1)-Normal"
2023-08-21,-1.6578479802080097,-2.0790082507300625,-2.344726035828348,-2.6862694282476225,"EGARCH(1,1)-Normal"
2023-08-22,-1.5412904415300783,-1.93284039487768,-2.179876484558921,-2.4974071462288383,"EGARCH(1,1)-Normal"
2023-08-23,-1.504976748159651,-1.8873015583661878,-2.1285173350354256,-2.438566790845049,"EGARCH(1,1)-Normal"
2023-08-24,-1.4283679973994077,-1.7912310942403484,-2.0201681168777457,-2.3144349358376535,"EGARCH(1,1)-Normal"
2023-08-25,-1.793704060879462,-2.2493772568149026,-2.5368698833215193,-2.9064018170469113,"EGARCH(1,1)-Normal"
2023-08-28,-1.6581360350391097,-2.0793694831094296,-2.3451334372730455,-2.6867361736281885,"EGARCH(1,1)-Normal"
2023-08-29,-1.5389470291762877,-1.9299016612443451,-2.1765621517466176,-2.4936100327184816,"EGARCH(1,1)-Normal"
2023-08-30,-1.4742036552044864,-1.8487108583031802,-2.084994362412877,-2.3887040653087124,"EGARCH(1,1)-Normal"
2023-08-31,-1.367790237130595,-1.7152641389385677,-1.934491834498325,-2.2162786589144776,"EGARCH(1,1)-Normal"
2023-09-01,-1.3175631469884725,-1.652277341558911,-1.8634547024053356,-2.1348939370766575,"EGARCH(1,1)-Normal"
2023-09-05,-1.221394668070679,-1.5316781892137323,-1.7274417874477968,-1.9790687661550563,"EGARCH(1,1)-Normal"
2023-09-06,-1.2738687160864621,-1.5974827624173202,-1.8016568349411597,-2.064094312914482,"EGARCH(1,1)-Normal"
2023-09-07,-1.4158436881043774,-1.7755251051087058,-2.002454747235048,-2.294141356709285,"EGARCH(1,1)-Normal"
2023-09-08,-1.4102799171772444,-1.768547911903554,-1.9945857998369898,-2.2851261828659903,"EGARCH(1,1)-Normal"
2023-09-11,-1.3008289143595728,-1.6312919387231495,-1.8397871578517837,-2.1077788710073566,"EGARCH(1,1)-Normal"
2023-09-12,-1.2295304389211938,-1.5418807740865306,-1.7389483634200653,-1.992251441992574,"EGARCH(1,1)-Normal"
2023-09-13,-1.3324147870365775,-1.6709018973478014,-1.8844596603455526,-2.1589585721317706,"EGARCH(1,1)-Normal"
2023-09-14,-1.2316958018988717,-1.5445962266190678,-1.7420108776019405,-1.9957600558325872,"EGARCH(1,1)-Normal"
2023-09-15,-1.1770330708585843,-1.4760469566034076,-1.6647003339394493,-1.9071881089405551,"EGARCH(1,1)-Normal"
2023-09-18,-1.5384014863481306,-1.9292175285286766,-2.1757905801139286,-2.492726070474311,"EGARCH(1,1)-Normal"
2023-09-19,-1.409440877604255,-1.7674957224291516,-1.9933991301571605,-2.2837666575169115,"EGARCH(1,1)-Normal"
2023-09-20,-1.3709462659092875,-1.719221926352598,-1.9389554662278732,-2.2213924834171364,"EGARCH(1,1)-Normal"
2023-09-21,-1.5863576970192794,-1.9893565514362885,-2.243615964034958,-2.5704312063845083,"EGARCH(1,1)-Normal"
2023-09-22,-2.0412824837926986,-2.559850587351985,-2.8870247714923587,-3.307561848910715,"EGARCH(1,1)-Normal"
2023-09-25,-1.9199685598613823,-2.407718032502172,-2.715448173790941,-3.1109926284707536,"EGARCH(1,1)-Normal"
2023-09-26,-1.7546980996724906,-2.200462207820618,-2.481703008019104,-2.8431990853365203,"EGARCH(1,1)-Normal"
2023-09-27,-2.1069328870066113,-2.6421788415555785,-2.9798753895924426,-3.4139375077232534,"EGARCH(1,1)-Normal"
2023-09-28,-1.9019562781886623,-2.3851299046043657,-2.6899730600851592,-3.08180669455639,"EGARCH(1,1)-Normal"
2023-09-29,-1.7479381982776536,-2.1919850187527614,-2.4721423504743045,-2.8322457792000675,"EGARCH(1,1)-Normal"
2023-10-02,-1.681244275640855,-2.1083481490935423,-2.377815862940506,-2.7241792691412465,"EGARCH(1,1)-Normal"
2023-10-03,-1.5394174224919657,-1.9304915534395632,-2.177227437989697,-2.4943722275627875,"EGARCH(1,1)-Normal"
2023-10-04,-1.8929308480975509,-2.373811651151806,-2.677208222071168,-3.067182472540873,"EGARCH(1,1)-Normal"
2023-10-05,-1.7504669204304786,-2.195156138350149,-2.4757187704717283,-2.8363431566995496,"EGARCH(1,1)-Normal"
2023-10-06,-1.6406655006078261,-2.057460728108416,-2.3204245270292208,-2.6584280518352505,"EGARCH(1,1)-Normal"
2023-10-09,-1.5499848631332662,-1.9437435503323106,-2.192173170951666,-2.5114950235419373,"EGARCH(1,1)-Normal"
2023-10-10,-1.4455724178274532,-1.8128061315453055,-2.0445006570084234,-2.34231186374559,"EGARCH(1,1)-Normal"
2023-10-11,-1.3494616456439819,-1.6922793457730638,-1.9085693577864786,-2.1865801970765286,"EGARCH(1,1)-Normal"
2023-10-12,-1.2610591494714571,-1.581419049098123,-1.7835400204271348,-2.043338521311279,"EGARCH(1,1)-Normal"
2023-10-13,-1.378020657071701,-1.7280934982766443,-1.948960912652499,-2.2328553683920744,"EGARCH(1,1)-Normal"
2023-10-16,-1.4363260016553159,-1.8012107526317662,-2.031423274162866,-2.327329570205654,"EGARCH(1,1)-Normal"
2023-10-17,-1.3666161533230692,-1.7137917904771676,-1.9328313053637993,-2.214376249600711,"EGARCH(1,1)-Normal"
2023-10-18,-1.2707794854868157,-1.5936087426146923,-1.7972876771509747,-2.059088723852211,"EGARCH(1,1)-Normal"
2023-10-19,-1.6632951978324064,-2.085839281391403,-2.3524301396661094,-2.6950957466725436,"EGARCH(1,1)-Normal"
2023-10-20,-1.7983688716587294,-2.2552271177273453,-2.543467414227211,-2.913960374124825,"EGARCH(1,1)-Normal"
2023-10-23,-2.0592019505523993,-2.582322321604378,-2.912368615295431,-3.3365973915550073,"EGARCH(1,1)-Normal"
2023-10-24,-1.91733849802715,-2.4044198288558927,-2.7117284271481945,-3.1067310467189624,"EGARCH(1,1)-Normal"
2023-10-25,-1.7677849490483393,-2.216873644908497,-2.500211988833296,-2.8644041679557444,"EGARCH(1,1)-Normal"
2023-10-26,-2.100067286907849,-2.633569102048734,-2.9701652403535883,-3.4028129342568945,"EGARCH(1,1)-Normal"
2023-10-27,-2.281488976839547,-2.861079220426456,-3.2267533985714834,-3.696776883366024,"EGARCH(1,1)-Normal"
2023-10-30,-2.201798674135026,-2.7611443658416053,-3.1140458826924404,-3.5676518812918925,"EGARCH(1,1)-Normal"
2023-10-31,-2.033568936725251,-2.5501774881371784,-2.8761153546739586,-3.2950633171285464,"EGARCH(1,1)-Normal"
2023-11-01,-1.8643862091561993,-2.3380155223259687,-2.636836994486894,-3.0209305894708107,"EGARCH(1,1)-Normal"
2023-11-02,-1.7372886822311588,-2.1786300959906835,-2.4570805367004898,-2.814989993553339,"EGARCH(1,1)-Normal"
2023-11-03,-1.667043690469126,-2.0905400423855225,-2.357731704336306,-2.7011695612153996,"EGARCH(1,1)-Normal"
2023-11-06,-1.5617333912306688,-1.958476678544325,-2.208789338441995,-2.5305315770931265,"EGARCH(1,1)-Normal"
2023-11-07,-1.434781718507816,-1.799274159262866,-2.029239165037143,-2.3248273138726177,"EGARCH(1,1)-Normal"
2023-11-08,-1.3289484431104355,-1.66655496221964,-1.87955714398109,-2.15334193307454,"EGARCH(1,1)-Normal"
2023-11-09,-1.2277576727362691,-1.539657653770872,-1.7364411063742728,-1.9893789665528192,"EGARCH(1,1)-Normal"
2023-11-10,-1.4161464517216817,-1.7759047828993784,-2.0028829515967685,-2.2946319352537956,"EGARCH(1,1)-Normal"
2023-11-13,-1.3727432618801885,-1.7214754317973877,-1.941496991922359,-2.224304219231846,"EGARCH(1,1)-Normal"
2023-11-14,-1.298416625809996,-1.6282668315615854,-1.8363754121213858,-2.1038701549729546,"EGARCH(1,1)-Normal"
2023-11-15,-1.2884566426480495,-1.6157766108549672,-1.8222888178648378,-2.0877316437263196,"EGARCH(1,1)-Normal"
2023-11-16,-1.194905467353061,-1.498459662844226,-1.6899776053681534,-1.936147381977525,"EGARCH(1,1)-Normal"
2023-11-17,-1.1108275879108762,-1.3930226100197214,-1.5710646559790344,-1.7999130349000005,"EGARCH(1,1)-Normal"
2023-11-20,-1.0370058123675319,-1.3004471252524759,-1.4666571100556514,-1.6802970139207052,"EGARCH(1,1)-Normal"
2023-11-21,-1.0004747340447764,-1.2546356792406737,-1.4149905088456285,-1.6211044220480628,"EGARCH(1,1)-Normal"
2023-11-22,-1.0080531382336122,-1.2641393038335509,-1.4257087905118184,-1.6333839770678293,"EGARCH(1,1)-Normal"
2023-11-24,-0.9587512411454816,-1.2023127358692147,-1.3559801766109436,-1.5534983780964216,"EGARCH(1,1)-Normal"
2023-11-27,-0.8987462695255508,-1.1270640806414858,-1.2711140001484071,-1.4562702107796197,"EGARCH(1,1)-Normal"
2023-11-28,-0.916106749197394,-1.1488348225341563,-1.2956672578457336,-1.4844000069725949,"EGARCH(1,1)-Normal"
2023-11-29,-0.8624701570829637,-1.081572372129655,-1.2198080020483288,-1.397490749095824,"EGARCH(1,1)-Normal"
2023-11-30,-0.8513639423054781,-1.0676447307340455,-1.204100270543897,-1.3794949584223217,"EGARCH(1,1)-Normal"
2023-12-01,-0.8174713140833701,-1.0251420075930202,-1.1561652796618886,-1.3245775401047584,"EGARCH(1,1)-Normal"
2023-12-04,-0.7972378070319307,-0.9997683734580801,-1.127548644514392,-1.2917924765359654,"EGARCH(1,1)-Normal"
2023-12-05,-0.950207928841247,-1.1915990775717642,-1.343897206983392,-1.5396553484985223,"EGARCH(1,1)-Normal"
2023-12-06,-0.9179679185758117,-1.1511688040209576,-1.298299545215119,-1.4874157252180076,"EGARCH(1,1)-Normal"
2023-12-07,-0.9994846372729905,-1.2533940579447898,-1.4135901960868527,-1.6195001334035024,"EGARCH(1,1)-Normal"
2023-12-08,-0.969390623758808,-1.2156549508972805,-1.371027658476848,-1.5707377441847536,"EGARCH(1,1)-Normal"
2023-12-11,-0.9243749905123106,-1.1592035307136492,-1.3073611893237962,-1.4977973293657179,"EGARCH(1,1)-Normal"
2023-12-12,-0.883427322149467,-1.107853502610452,-1.2494481205364047,-1.4314483812146768,"EGARCH(1,1)-Normal"
2023-12-13,-0.8499813936157101,-1.0659109589000906,-1.2021449055481919,-1.3772547661231935,"EGARCH(1,1)-Normal"
2023-12-14,-0.866326292085851,-1.0864081209936285,-1.2252618073711814,-1.4037389803529214,"EGARCH(1,1)-Normal"
2023-12-15,-0.8252088324307967,-1.0348451677600077,-1.167108599519017,-1.3371149133955162,"EGARCH(1,1)-Normal"
2023-12-18,-0.7908261066549596,-0.9917278425143083,-1.1184804543140285,-1.2814033727632659,"EGARCH(1,1)-Normal"
2023-12-19,-0.7667688738870171,-0.9615591020680277,-1.084455850915893,-1.2424225918447087,"EGARCH(1,1)-Normal"
2023-12-20,-0.7519320286988368,-0.9429530996303608,-1.0634718176284044,-1.2183819294218183,"EGARCH(1,1)-Normal"
2023-12-21,-1.362147120056435,-1.7081874424639354,-1.9265106663303304,-2.2071349177166653,"EGARCH(1,1)-Normal"
2023-12-22,-1.303080886793768,-1.6341160030082964,-1.8429721654408167,-2.1114278211978776,"EGARCH(1,1)-Normal"
2023-12-26,-1.206697480671024,-1.5132473232771733,-1.7066552748357684,-1.9552543961619968,"EGARCH(1,1)-Normal"
2023-12-27,-1.1354041898067726,-1.4238426603056746,-1.605823813046178,-1.839735367895138,"EGARCH(1,1)-Normal"
2023-12-28,-1.0590529739300019,-1.3280951553135933,-1.497838831388841,-1.7160208057230564,"EGARCH(1,1)-Normal"
2023-12-29,-0.9866680727728868,-1.237321568995359,-1.3954634843303888,-1.5987330028807916,"EGARCH(1,1)-Normal"
2024-01-02,-1.022419682624416,-1.2821555300976826,-1.4460276684066273,-1.656662594557074,"EGARCH(1,1)-Normal"
2024-01-03,-1.1515819905327558,-1.4441302750867149,-1.6287043853408079,-1.865948827769208,"EGARCH(1,1)-Normal"
2024-01-04,-1.3484442343290188,-1.6910034709380692,-1.9071304135480325,-2.184931649716357,"EGARCH(1,1)-Normal"
2024-01-05,-1.3576715208313572,-1.7025748604739208,-1.920180740936534,-2.1998829467790726,"EGARCH(1,1)-Normal"
2024-01-08,-1.2568566099533622,-1.5761488949968752,-1.7775962885878387,-2.03652899862691,"EGARCH(1,1)-Normal"
2024-01-09,-1.2292458939330608,-1.5415239431918437,-1.7385459260132554,-1.991790383734092,"EGARCH(1,1)-Normal"
2024-01-10,-1.1924630262265428,-1.495396743134714,-1.6865232142727729,-1.9321898086615221,"EGARCH(1,1)-Normal"
2024-01-11,-1.1305066937152919,-1.417701002624354,-1.5988971908629899,-1.8317997826167722,"EGARCH(1,1)-Normal"
2024-01-12,-1.0809894178193105,-1.3556043409458172,-1.5288639626040057,-1.751565197783012,"EGARCH(1,1)-Normal"
2024-01-16,-1.0084417942557873,-1.2646266941651398,-1.4262584741408695,-1.6340137300988293,"EGARCH(1,1)-Normal"
2024-01-17,-1.0716919530481859,-1.343944945029664,-1.5157143807507185,-1.7365001884015443,"EGARCH(1,1)-Normal"
2024-01-18,-1.1920859099288856,-1.494923824083224,-1.6859898514963252,-1.9315787538522846,"EGARCH(1,1)-Normal"
2024-01-19,-1.145514944767318,-1.4365219549304125,-1.620123646734727,-1.8561181799932704,"EGARCH(1,1)-Normal"
2024-01-22,-1.1221152642523933,-1.4071778115374387,-1.5870290320363847,-1.8182028541320192,"EGARCH(1,1)-Normal"
2024-01-23,-1.0514969624590091,-1.318619612092294,-1.4871522201708263,-1.7037775344120951,"EGARCH(1,1)-Normal"
2024-01-24,-0.992518031916074,-1.2446576537693042,-1.403737193183864,-1.6082118975626005,"EGARCH(1,1)-Normal"
2024-01-25,-0.9300022017639769,-1.1662602806451763,-1.3153198615835002,-1.5069152977995577,"EGARCH(1,1)-Normal"
2024-01-26,-0.8958374283712529,-1.1234162764808837,-1.266999970593227,-1.451556913084231,"EGARCH(1,1)-Normal"
2024-01-29,-0.8722059038059478,-1.09378139129531,-1.2335774544300528,-1.413265922148683,"EGARCH(1,1)-Normal"
2024-01-30,-0.8558498287908158,-1.0732702133634513,-1.2104447454061955,-1.3867635981697612,"EGARCH(1,1)-Normal"
2024-01-31,-0.8349148317620424,-1.0470168824963062,-1.1808359795969232,-1.3528418857026188,"EGARCH(1,1)-Normal"
2024-02-01,-1.4791316797808072,-1.854890799936119,-2.091964161614763,-2.3966891169654767,"EGARCH(1,1)-Normal"
2024-02-02,-1.4162356281963502,-1.776016613796312,-2.0030090755866845,-2.294776431034157,"EGARCH(1,1)-Normal"
2024-02-05,-1.3519838978481475,-1.6954423517938118,-1.912136627212045,-2.1906670910904964,"EGARCH(1,1)-Normal"
2024-02-06,-1.3527565098767074,-1.6964112384475731,-1.9132293471481219,-2.1919189815515,"EGARCH(1,1)-Normal"
2024-02-07,-1.2550514029894326,-1.573885092635567,-1.7750431499292185,-2.0336039582512204,"EGARCH(1,1)-Normal"
2024-02-08,-1.1984165589117837,-1.5028627133089236,-1.6949434091633127,-1.9418365271986635,"EGARCH(1,1)-Normal"
2024-02-09,-1.1115381042756678,-1.3939136262059553,-1.572069552832846,-1.8010643095716203,"EGARCH(1,1)-Normal"
2024-02-12,-1.0597072615083647,-1.328915658333174,-1.4987642027969685,-1.7170809709131227,"EGARCH(1,1)-Normal"
2024-02-13,-1.0274027360500377,-1.2884044801277066,-1.453075295960218,-1.6647368113950332,"EGARCH(1,1)-Normal"
2024-02-14,-1.4826757959136208,-1.8593352645490568,-2.096976672695281,-2.4024317730662745,"EGARCH(1,1)-Normal"
2024-02-15,-1.40395066005464,-1.7606107681268155,-1.985634210704577,-2.27487066479983,"EGARCH(1,1)-Normal"
2024-02-16,-1.3169764713183667,-1.651541626599992,-1.862624955809323,-2.133943325841058,"EGARCH(1,1)-Normal"
2024-02-20,-1.3756450916634912,-1.725114443415898,-1.94560110516174,-2.229006156156055,"EGARCH(1,1)-Normal"
2024-02-21,-1.4664929066397285,-1.8390412685236486,-2.0740889035702366,-2.3762100680389424,"EGARCH(1,1)-Normal"
2024-02-22,-1.3504788020877005,-1.693554900989236,-1.9100079415556603,-2.188228331459854,"EGARCH(1,1)-Normal"
2024-02-23,-1.3456335146144156,-1.687478715021416,-1.903155159017506,-2.1803773416429686,"EGARCH(1,1)-Normal"
2024-02-26,-1.2404333484696746,-1.5555534625229037,-1.754368556459355,-2.0099178100484423,"EGARCH(1,1)-Normal"
2024-02-27,-1.2761127108388701,-1.6002968223676577,-1.8048305595425993,-2.067730336586439,"EGARCH(1,1)-Normal"
2024-02-28,-1.185849323985424,-1.487102893703819,-1.6771693289810574,-1.921473394159137,"EGARCH(1,1)-Normal"
2024-02-29,-1.1607997446689193,-1.4556897106508133,-1.641741230921918,-1.8808846792035308,"EGARCH(1,1)-Normal"
2024-03-01,-1.1008194467010919,-1.3804719971782458,-1.556909950876409,-1.783696491473591,"EGARCH(1,1)-Normal"
2024-03-04,-1.061132170296319,-1.3307025514392132,-1.5007794784879145,-1.7193898007701538,"EGARCH(1,1)-Normal"
2024-03-05,-1.0364248135888197,-1.2997185293443907,-1.4658353923954712,-1.6793556011520219,"EGARCH(1,1)-Normal"
2024-03-06,-1.3370122951457657,-1.6766673579967333,-1.8909620038005857,-2.1664080763247204,"EGARCH(1,1)-Normal"
2024-03-07,-1.2553467713446236,-1.574255496469198,-1.7754608950306054,-2.0340825539922616,"EGARCH(1,1)-Normal"
2024-03-08,-1.20830286032806,-1.5152605341338847,-1.708925793920859,-1.9578556493196508,"EGARCH(1,1)-Normal"
2024-03-11,-1.341441018608519,-1.6822211558896563,-1.8972256319091767,-2.173584092814884,"EGARCH(1,1)-Normal"
2024-03-12,-1.2808594588592002,-1.6062494358860362,-1.8115439758519694,-2.0754216594597263,"EGARCH(1,1)-Normal"
2024-03-13,-1.2349751364807164,-1.5487086444848508,-1.746648903081984,-2.0010736770676893,"EGARCH(1,1)-Normal"
2024-03-14,-1.2121700569665945,-1.5201101547352263,-1.7143952439261017,-1.9641218041342885,"EGARCH(1,1)-Normal"
2024-03-15,-1.2220166226878484,-1.5324581453955484,-1.7283214297318845,-1.980076541110182,"EGARCH(1,1)-Normal"
2024-03-18,-1.3514364465595363,-1.6947558257917394,-1.9113623564073157,-2.189780036500686,"EGARCH(1,1)-Normal"
2024-03-19,-1.2735394140032559,-1.5970698043197493,-1.801191096720669,-2.063560733159682,"EGARCH(1,1)-Normal"
2024-03-20,-1.2020879238576148,-1.50746675306706,-1.7001358906684247,-1.9477853690295583,"EGARCH(1,1)-Normal"
2024-03-21,-1.1546155669995064,-1.4479345023614039,-1.6329948304287671,-1.8708642384812695,"EGARCH(1,1)-Normal"
2024-03-22,-1.085931220595721,-1.361801560997531,-1.5358532485772136,-1.7595725747422886,"EGARCH(1,1)-Normal"
2024-03-25,-1.06492502287686,-1.3354589415925242,-1.5061437822731973,-1.725535493291177,"EGARCH(1,1)-Normal"
2024-03-26,-1.0989499044408153,-1.3781275157598012,-1.5542658215804273,-1.7806672063530289,"EGARCH(1,1)-Normal"
2024-03-27,-1.120522221165636,-1.4051800712375582,-1.5847759607980632,-1.8156215903533581,"EGARCH(1,1)-Normal"
2024-03-28,-1.0812393671413418,-1.3559177874794992,-1.5292174707000445,-1.7519701994661578,"EGARCH(1,1)-Normal"
2024-04-01,-1.0111467165914858,-1.2680187759004,-1.4300840974194347,-1.63839661095577,"EGARCH(1,1)-Normal"
2024-04-02,-1.018000617369523,-1.2766138439870631,-1.4397777000857248,-1.6495022276010152,"EGARCH(1,1)-Normal"
2024-04-03,-1.2049669083246985,-1.5110771157373695,-1.7042076933411099,-1.9524502888838846,"EGARCH(1,1)-Normal"
2024-04-04,-1.1204924542424315,-1.405142742314955,-1.5847338608705202,-1.8155733579600797,"EGARCH(1,1)-Normal"
2024-04-05,-1.493504778237379,-1.8729152452631384,-2.112292309049861,-2.4199783542381477,"EGARCH(1,1)-Normal"
2024-04-08,-1.4196529392686545,-1.7803020597475991,-2.0078422438502495,-2.3003136204326635,"EGARCH(1,1)-Normal"
2024-04-09,-1.3271131314368876,-1.6642534073379383,-1.876961427657156,-2.150368112978358,"EGARCH(1,1)-Normal"
2024-04-10,-1.2298094403972293,-1.5422306531934018,-1.7393429605319264,-1.9927035179033075,"EGARCH(1,1)-Normal"
2024-04-11,-1.4665019478576218,-1.8390526065756418,-2.0741016907372405,-2.376224717842489,"EGARCH(1,1)-Normal"
2024-04-12,-1.379085490682324,-1.7294288425835824,-1.950466927148677,-2.2345807557668733,"EGARCH(1,1)-Normal"
2024-04-15,-1.791010544873736,-2.2459994790776,-2.5330603922331063,-2.9020374182678568,"EGARCH(1,1)-Normal"
2024-04-16,-2.0287300062944778,-2.544109274157134,-2.8692715630223424,-3.287222627851371,"EGARCH(1,1)-Normal"
2024-04-17,-1.9035864903681075,-2.3871742564460114,-2.692278700280583,-3.0844481847240535,"EGARCH(1,1)-Normal"
2024-04-18,-1.9112303104634036,-2.3967599152247034,-2.7030895009116396,-3.0968337354392905,"EGARCH(1,1)-Normal"
2024-04-19,-1.8076548645927475,-2.266872127496952,-2.556600771242357,-2.929006795284892,"EGARCH(1,1)-Normal"
2024-04-22,-1.9273774228673188,-2.417009045611793,-2.7259266701267304,-3.122997469945076,"EGARCH(1,1)-Normal"
2024-04-23,-1.7846089313509528,-2.2379715974559202,-2.5240064680631127,-2.8916646585799928,"EGARCH(1,1)-Normal"
2024-04-24,-1.6762899116431025,-2.102135176763501,-2.3708088113922434,-2.716151538792953,"EGARCH(1,1)-Normal"
2024-04-25,-1.5340316612629843,-1.923737591577445,-2.16961025310477,-2.4856454890982396,"EGARCH(1,1)-Normal"
2024-04-26,-1.555743791017832,-1.9509654782354164,-2.2003181325588845,-2.520826417071669,"EGARCH(1,1)-Normal"
2024-04-29,-1.4699005322054244,-1.8433145684589003,-2.078908373436972,-2.3817315636702214,"EGARCH(1,1)-Normal"
2024-04-30,-1.3628221594667416,-1.7090339691179772,-1.9274653874503922,-2.2082287078303655,"EGARCH(1,1)-Normal"
2024-05-01,-1.8257159094188824,-2.2895214063564215,-2.5821448516065817,-2.958271741852893,"EGARCH(1,1)-Normal"
2024-05-02,-1.7714652977111744,-2.2214889506101922,-2.505417176180807,-2.8703675664194717,"EGARCH(1,1)-Normal"
2024-05-03,-1.6522153396306125,-2.07194469220503,-2.336759684769652,-2.6771426624862222,"EGARCH(1,1)-Normal"
2024-05-06,-1.564568407867205,-1.9620319037813077,-2.2127989565728807,-2.5351252543242233,"EGARCH(1,1)-Normal"
2024-05-07,-1.478220307707692,-1.853747902588406,-2.0906751906996544,-2.395212388720792,"EGARCH(1,1)-Normal"
2024-05-08,-1.3621492247290763,-1.7081900818083378,-1.9265136430090115,-2.2071383279918173,"EGARCH(1,1)-Normal"
2024-05-09,-1.266381410350378,-1.5880933789594327,-1.791067395555167,-2.0519623679238066,"EGARCH(1,1)-Normal"
2024-05-10,-1.1932073413327007,-1.4963301443061838,-1.6875759133314945,-1.9333958486232825,"EGARCH(1,1)-Normal"
2024-05-13,-1.11291031006809,-1.395634427629369,-1.5740102896714574,-1.803287742910174,"EGARCH(1,1)-Normal"
2024-05-14,-1.0533210279322103,-1.3209070637850489,-1.489732030778994,-1.7067331318940593,"EGARCH(1,1)-Normal"
2024-05-15,-1.0035438954474867,-1.25848453146068,-1.4193312823875976,-1.6260774922842274,"EGARCH(1,1)-Normal"
2024-05-16,-0.9931540340530528,-1.2454552261076888,-1.4046367031432931,-1.6092424342084586,"EGARCH(1,1)-Normal"
2024-05-17,-1.0039950775277204,-1.2590503319916007,-1.4199693978137724,-1.6268085584876273,"EGARCH(1,1)-Normal"
2024-05-20,-0.9428778499793549,-1.1824068629572109,-1.3335301365659964,-1.5277781637455061,"EGARCH(1,1)-Normal"
2024-05-21,-0.8871234523161602,-1.1124885989546676,-1.2546756279659874,-1.437437351004516,"EGARCH(1,1)-Normal"
2024-05-22,-0.8443901223687511,-1.0588992791844154,-1.1942370639230036,-1.3681950325438446,"EGARCH(1,1)-Normal"
2024-05-23,-0.8928405745446999,-1.119658100878526,-1.2627614630360933,-1.44670100535849,"EGARCH(1,1)-Normal"
2024-05-24,-1.1048379739976844,-1.3855113925300147,-1.5625934307192502,-1.7902078526793757,"EGARCH(1,1)-Normal"
2024-05-28,-1.0592495813552383,-1.3283417089566902,-1.4981168970222962,-1.716339375653523,"EGARCH(1,1)-Normal"
2024-05-29,-0.9915718650381469,-1.2434711223326094,-1.4023990113123055,-1.606678790071118,"EGARCH(1,1)-Normal"
2024-05-30,-1.187047978061362,-1.4886060542730615,-1.6788646083150838,-1.923415615543533,"EGARCH(1,1)-Normal"
2024-05-31,-1.303362013840717,-1.6344685476668463,-1.8433697687881838,-2.111883341245969,"EGARCH(1,1)-Normal"
2024-06-03,-1.2388418565322796,-1.5535576674269027,-1.7521176790411779,-2.007339059651684,"EGARCH(1,1)-Normal"
2024-06-04,-1.1507879267908012,-1.4431344871189171,-1.6275813258371046,-1.8646621783420243,"EGARCH(1,1)-Normal"
2024-06-05,-1.0748241862707921,-1.347872891856364,-1.5201443579711928,-1.7415754561272212,"EGARCH(1,1)-Normal"
2024-06-06,-1.0553940340262549,-1.323506697059501,-1.4926639228578606,-1.7100920966251343,"EGARCH(1,1)-Normal"
2024-06-07,-1.0015415517768793,-1.2559735117159943,-1.4164993295226793,-1.6228330243647244,"EGARCH(1,1)-Normal"
2024-06-10,-0.9814657927049588,-1.2307976999114916,-1.3881058003529887,-1.590303565398892,"EGARCH(1,1)-Normal"
2024-06-11,-0.9293298369139942,-1.165417107997682,-1.3143689231451443,-1.5058258413700785,"EGARCH(1,1)-Normal"
2024-06-12,-0.8833236956011832,-1.1077235507382364,-1.2493015595316173,-1.431280471471484,"EGARCH(1,1)-Normal"
2024-06-13,-0.8695236178370159,-1.0904176964772079,-1.2297838461969852,-1.4089197197934735,"EGARCH(1,1)-Normal"
2024-06-14,-0.8280222318589875,-1.038373284145609,-1.1710876440196085,-1.3416735635031396,"EGARCH(1,1)-Normal"
2024-06-17,-0.8043974565270984,-1.0087468627710274,-1.137674673426053,-1.3033935085880262,"EGARCH(1,1)-Normal"
2024-06-18,-0.7949384190625614,-0.9968848481789115,-1.1242965762291115,-1.2880666972850703,"EGARCH(1,1)-Normal"
2024-06-20,-0.7616938374804326,-0.9551948016689521,-1.0772781300769763,-1.2341993317454678,"EGARCH(1,1)-Normal"
2024-06-21,-0.8135264979870623,-1.0201950490601832,-1.1505860509762722,-1.3181856157509697,"EGARCH(1,1)-Normal"
2024-06-24,-0.8280625604050104,-1.0384238577693203,-1.1711446814518556,-1.3417389092655738,"EGARCH(1,1)-Normal"
2024-06-25,-0.8905767778297824,-1.1168192084683193,-1.259559732141187,-1.4430328958697736,"EGARCH(1,1)-Normal"
2024-06-26,-0.8540879519309059,-1.071060748700676,-1.207952889340577,-1.3839087670865642,"EGARCH(1,1)-Normal"
2024-06-27,-0.8104795866871947,-1.0163740993667905,-1.1462767461793613,-1.3132485981395057,"EGARCH(1,1)-Normal"
2024-06-28,-0.7681873082198188,-0.9633378759461029,-1.086461969661362,-1.2447209309141958,"EGARCH(1,1)-Normal"
2024-07-01,-0.8734744188476309,-1.0953721603340392,-1.2353715394611187,-1.4153213417145456,"EGARCH(1,1)-Normal"
2024-07-02,-0.8327965983646031,-1.0443605323587646,-1.1778401216797731,-1.3494096375801339,"EGARCH(1,1)-Normal"
2024-07-03,-0.8128390575634251,-1.0193329710351233,-1.1496137908664033,-1.3170717318389318,"EGARCH(1,1)-Normal"
2024-07-05,-0.7896257453263749,-0.9902225409813706,-1.116782760380004,-1.2794583850573225,"EGARCH(1,1)-Normal"
2024-07-08,-0.7705136948928388,-0.9662552586888742,-1.0897522227284433,-1.248490457114802,"EGARCH(1,1)-Normal"
2024-07-09,-0.7323723967266498,-0.9184245320313472,-1.0358082568653402,-1.1866887693601411,"EGARCH(1,1)-Normal"
2024-07-10,-0.6966094139268995,-0.8735763087931288,-0.9852279878113978,-1.128740749695599,"EGARCH(1,1)-Normal"
2024-07-11,-0.7113969935382733,-0.89212053020993,-1.0061423438534531,-1.152701585370549,"EGARCH(1,1)-Normal"
2024-07-12,-1.0164395718619492,-1.274656229942376,-1.4375698836342656,-1.6469728106260202,"EGARCH(1,1)-Normal"
2024-07-15,-0.9738089915895909,-1.221195762409929,-1.377276640417522,-1.5778969810799819,"EGARCH(1,1)-Normal"
2024-07-16,-0.9230961981801956,-1.1575998735380957,-1.3055525689247462,-1.4957252571444715,"EGARCH(1,1)-Normal"
2024-07-17,-0.8950209013600099,-1.1223923186671492,-1.265845140859093,-1.4502338656312521,"EGARCH(1,1)-Normal"
2024-07-18,-1.4001052702170964,-1.7557884941336814,-1.9801956024741243,-2.2686398443123013,"EGARCH(1,1)-Normal"
2024-07-19,-1.5496208702762657,-1.943287088604851,-2.191658368907779,-2.510905233105459,"EGARCH(1,1)-Normal"
2024-07-22,-1.6528729083680942,-2.0727693099305196,-2.337689696783737,-2.678208144253885,"EGARCH(1,1)-Normal"
2024-07-23,-1.5571201451822707,-1.952691481884699,-2.202264736519204,-2.523056572163398,"EGARCH(1,1)-Normal"
2024-07-24,-1.4811901691779512,-1.8574722286870027,-2.094875522452175,-2.4000245597816674,"EGARCH(1,1)-Normal"
2024-07-25,-2.2616670610361562,-2.8362217383216395,-3.198718884780673,-3.6646587355818907,"EGARCH(1,1)-Normal"
2024-07-26,-2.1931287027850837,-2.7502718719909556,-3.1017837767594556,-3.5536036215846236,"EGARCH(1,1)-Normal"
2024-07-29,-2.0222423631950215,-2.5359735079755636,-2.8600959655803213,-3.276710471412719,"EGARCH(1,1)-Normal"
2024-07-30,-1.8286911680065188,-2.2932525006579483,-2.586352816605205,-2.9630926580529997,"EGARCH(1,1)-Normal"
2024-07-31,-1.8203754827702416,-2.282824295887011,-2.57459178428377,-2.949618460604366,"EGARCH(1,1)-Normal"
2024-08-01,-1.725394239270703,-2.1637139846536697,-2.440257999034788,-2.7957170090142505,"EGARCH(1,1)-Normal"
2024-08-02,-2.035713320112696,-2.5528666314171713,-2.879148197021004,-3.298537937000154,"EGARCH(1,1)-Normal"
2024-08-05,-2.4670752609813293,-3.09381190795833,-3.489231621855428,-3.9974888710415133,"EGARCH(1,1)-Normal"
2024-08-06,-3.2828853671415756,-4.116870693796652,-4.643047423450103,-5.319374697484268,"EGARCH(1,1)-Normal"
2024-08-07,-2.9384336164170293,-3.6849143019657813,-4.155882739080692,-4.76124740323041,"EGARCH(1,1)-Normal"
2024-08-08,-2.8436592756170676,-3.566063455064909,-4.021841580268135,-4.607681203366105,"EGARCH(1,1)-Normal"
2024-08-09,-2.6296062383795933,-3.2976323106998495,-3.7191022848377613,-4.260843533797372,"EGARCH(1,1)-Normal"
2024-08-12,-2.3639214356001412,-2.9644528493340583,-3.3433391980903635,-3.8303450974046136,"EGARCH(1,1)-Normal"
2024-08-13,-2.12764993556528,-2.6681588562483873,-3.0091759067212425,-3.447506070613857,"EGARCH(1,1)-Normal"
2024-08-14,-1.993512598093133,-2.4999452234757578,-2.8194629105343583,-3.230158621909452,"EGARCH(1,1)-Normal"
2024-08-15,-1.817357918405701,-2.279040148434479,-2.570323985417532,-2.944728994865042,"EGARCH(1,1)-Normal"
2024-08-16,-1.7246850625167252,-2.162824648393441,-2.4392549968181148,-2.7945679049611782,"EGARCH(1,1)-Normal"
2024-08-19,-1.5768390138675032,-1.977419738746053,-2.2301535088043103,-2.5550077490753624,"EGARCH(1,1)-Normal"
2024-08-20,-1.4855013000856578,-1.8628785607717906,-2.1009728371660947,-2.407010036916364,"EGARCH(1,1)-Normal"
2024-08-21,-1.4312928488784264,-1.7948989759940646,-2.02430479014071,-2.319174175625651,"EGARCH(1,1)-Normal"
2024-08-22,-1.3321814841679946,-1.670609326138322,-1.8841296956462978,-2.158580543282999,"EGARCH(1,1)-Normal"
2024-08-23,-1.5343975061969184,-1.9241963758840988,-2.170127674576408,-2.486238280520155,"EGARCH(1,1)-Normal"
2024-08-26,-1.4569052601437174,-1.8270179730175133,-2.06052891216578,-2.3606748669960522,"EGARCH(1,1)-Normal"
2024-08-27,-1.443540041068744,-1.8102574490964973,-2.041626227773869,-2.339018732156459,"EGARCH(1,1)-Normal"
2024-08-28,-1.3310759990259675,-1.6692230031709738,-1.8825661869134842,-2.1567892868011853,"EGARCH(1,1)-Normal"
2024-08-29,-1.4280062158586158,-1.790777405592627,-2.019656442340572,-2.3138487284746527,"EGARCH(1,1)-Normal"
2024-08-30,-1.3235288567310737,-1.6597585822543168,-1.8718921195404803,-2.1445603865283966,"EGARCH(1,1)-Normal"
2024-09-03,-1.2664000990718545,-1.5881168153701342,-1.7910938273705959,-2.0519926499169414,"EGARCH(1,1)-Normal"
2024-09-04,-2.0161691246823144,-2.5283574218643476,-2.8515064684535982,-3.2668697893104346,"EGARCH(1,1)-Normal"
2024-09-05,-1.878438067569529,-2.3556371196787835,-2.656710805998474,-3.043699310195769,"EGARCH(1,1)-Normal"
2024-09-06,-1.8031042092416314,-2.261165422096851,-2.550164692537176,-2.921633208264771,"EGARCH(1,1)-Normal"
2024-09-09,-2.2375449423392726,-2.805971628302735,-3.1646025119749903,-3.6255728177090902,"EGARCH(1,1)-Normal"
2024-09-10,-2.0625954799212685,-2.5865779443401173,-2.917168148641991,-3.34209604662247,"EGARCH(1,1)-Normal"
2024-09-11,-1.8807710084810294,-2.358562721701031,-2.660010328850116,-3.0474794564596532,"EGARCH(1,1)-Normal"
2024-09-12,-1.752868649832984,-2.1981680039152915,-2.479115582198918,-2.840234763376335,"EGARCH(1,1)-Normal"
2024-09-13,-1.6279771959489835,-2.04154908217439,-2.30247921561389,-2.637868745247282,"EGARCH(1,1)-Normal"
2024-09-16,-1.5102006037518938,-1.8938524840279802,-2.1359055336885993,-2.4470311879083195,"EGARCH(1,1)-Normal"
2024-09-17,-1.3887070652822813,-1.741494685300848,-1.9640749037180087,-2.250170931710645,"EGARCH(1,1)-Normal"
2024-09-18,-1.281049785165181,-1.6064881127521837,-1.811813157978596,-2.0757300518716066,"EGARCH(1,1)-Normal"
2024-09-19,-1.2827140859793957,-1.6085752131170887,-1.8141670103807024,-2.078426777053895,"EGARCH(1,1)-Normal"
2024-09-20,-1.2646147379886319,-1.585877900543887,-1.7885687571197872,-2.049099766520213,"EGARCH(1,1)-Normal"
2024-09-23,-1.238717630586156,-1.5534018830787424,-1.7519419839149186,-2.0071377719792007,"EGARCH(1,1)-Normal"
2024-09-24,-1.158059429816563,-1.452253245271803,-1.6378655513316331,-1.8764444506062539,"EGARCH(1,1)-Normal"
2024-09-25,-1.0854513115498678,-1.3611997356927743,-1.5351745040553544,-1.7587949612254852,"EGARCH(1,1)-Normal"
2024-09-26,-1.0788216987185437,-1.352885933739872,-1.5257981161122833,-1.7480527662338374,"EGARCH(1,1)-Normal"
2024-09-27,-1.0223725129331975,-1.2820963774018994,-1.4459609554121775,-1.6565861638463135,"EGARCH(1,1)-Normal"
2024-09-30,-1.0040679752933754,-1.25914174873069,-1.4200724985148774,-1.6269266773028652,"EGARCH(1,1)-Normal"
2024-10-01,-0.9569183447909513,-1.2000142098950037,-1.3533878763187885,-1.5505284716266476,"EGARCH(1,1)-Normal"
2024-10-02,-1.2375103605185478,-1.5518879177083456,-1.7502345188194506,-2.005181589800273,"EGARCH(1,1)-Normal"
2024-10-03,-1.1523072346837402,-1.4450397605110066,-1.6297301119836887,-1.8671239663911223,"EGARCH(1,1)-Normal"
2024-10-04,-1.1321712854193646,-1.4197884677768764,-1.6012514546761736,-1.8344969791381351,"EGARCH(1,1)-Normal"
2024-10-07,-1.0929847414527016,-1.3706469607165808,-1.5458291777305884,-1.7710016428268283,"EGARCH(1,1)-Normal"
2024-10-08,-1.3587361848764283,-1.7039099921388159,-1.921686515612916,-2.2016080594008405,"EGARCH(1,1)-Normal"
2024-10-09,-1.2951972443229138,-1.624229597295358,-1.8318221794473752,-2.0986536778472713,"EGARCH(1,1)-Normal"
2024-10-10,-1.2275144216577143,-1.539352607104741,-1.7360970717318087,-1.9889848182693148,"EGARCH(1,1)-Normal"
2024-10-11,-1.2103516337854763,-1.5178297787043735,-1.7118234133193007,-1.9611753490567594,"EGARCH(1,1)-Normal"
2024-10-14,-1.1480425684004367,-1.4396916969397702,-1.623698513074767,-1.8602137775226115,"EGARCH(1,1)-Normal"
2024-10-15,-1.1008850896336064,-1.380554316063891,-1.5570027909285562,-1.7838028550273664,"EGARCH(1,1)-Normal"
2024-10-16,-1.2893736389051826,-1.6169265611563388,-1.823585743170732,-2.0892174850343057,"EGARCH(1,1)-Normal"
2024-10-17,-1.2110980293998594,-1.5187657889170934,-1.7128790548805088,-1.9623847601392186,"EGARCH(1,1)-Normal"
2024-10-18,-1.1383251191928356,-1.4275056235965928,-1.6099549392182282,-1.844468252577886,"EGARCH(1,1)-Normal"
2024-10-21,-1.0749029907185352,-1.3479717158130886,-1.5202558126054948,-1.7417031457473247,"EGARCH(1,1)-Normal"
2024-10-22,-1.068578086731784,-1.3400400310443312,-1.511310380196192,-1.7314546812203906,"EGARCH(1,1)-Normal"
2024-10-23,-1.0215016039913514,-1.2810042224532259,-1.4447292122757978,-1.6551749994372733,"EGARCH(1,1)-Normal"
2024-10-24,-1.2838009924442666,-1.609938237673752,-1.815704242935869,-2.0801879298512587,"EGARCH(1,1)-Normal"
2024-10-25,-1.1947163234562095,-1.498222468766829,-1.6897100955453226,-1.93584090546477,"EGARCH(1,1)-Normal"
2024-10-28,-1.1276613887875633,-1.4141328754551497,-1.5948730218055358,-1.8271894349053732,"EGARCH(1,1)-Normal"
2024-10-29,-1.0593885941074515,-1.32851603655624,-1.4983135054105912,-1.7165646229083167,"EGARCH(1,1)-Normal"
2024-10-30,-0.9940892300429893,-1.2466279996082386,-1.4059593686786043,-1.610757765184023,"EGARCH(1,1)-Normal"
2024-10-31,-1.0447617891750505,-1.3101734330730994,-1.4776265360651388,-1.6928642961039733,"EGARCH(1,1)-Normal"
2024-11-01,-1.737944405607745,-2.1794523995591617,-2.4580079387854443,-2.8160524852177975,"EGARCH(1,1)-Normal"
2024-11-04,-1.5989066811692139,-2.0050934838314536,-2.261364231795828,-2.5907647670486793,"EGARCH(1,1)-Normal"
2024-11-05,-1.556501975528068,-1.9519162721991419,-2.20139044738047,-2.522054930116974,"EGARCH(1,1)-Normal"
2024-11-06,-1.4788228325826982,-1.854503493089684,-2.0915273531286145,-2.3961886809808846,"EGARCH(1,1)-Normal"
2024-11-07,-1.4728897739092686,-1.8470631981522807,-2.0831361150236933,-2.386575137205638,"EGARCH(1,1)-Normal"
2024-11-08,-1.3836502464324099,-1.735153230452852,-1.9569229483172044,-2.2419771901596905,"EGARCH(1,1)-Normal"
2024-11-11,-1.289090126727116,-1.6165710254471422,-1.8231847664869085,-2.0887581002743225,"EGARCH(1,1)-Normal"
2024-11-12,-1.1941466798085567,-1.4975081126511993,-1.6889044376636946,-1.9349178918145722,"EGARCH(1,1)-Normal"
2024-11-13,-1.2076038643867186,-1.514383965023433,-1.7079371906217824,-1.956723041595595,"EGARCH(1,1)-Normal"
2024-11-14,-1.1239737539981671,-1.4095084326567986,-1.5896575295501851,-1.8212142304743528,"EGARCH(1,1)-Normal"
2024-11-15,-1.2528682941005354,-1.5711473860144265,-1.7719555373664528,-2.0300665900867134,"EGARCH(1,1)-Normal"
2024-11-18,-1.6355421350284711,-2.0510358209769137,-2.3131784533189683,-2.650126482276484,"EGARCH(1,1)-Normal"
2024-11-19,-1.5098046851067681,-1.8933559860742106,-2.1353455783933137,-2.4463896669937535,"EGARCH(1,1)-Normal"
2024-11-20,-1.400883593851959,-1.7567645433721737,-1.9812964004439926,-2.2699009894900106,"EGARCH(1,1)-Normal"
2024-11-21,-1.3000917172719924,-1.630367463834142,-1.838744525942572,-2.106584364621607,"EGARCH(1,1)-Normal"
2024-11-22,-1.223514057292732,-1.5343359888019694,-1.7304392800697548,-1.9825028871008405,"EGARCH(1,1)-Normal"
2024-11-25,-1.147983932516242,-1.4396181651754074,-1.6236155832247765,-1.860118767735833,"EGARCH(1,1)-Normal"
2024-11-26,-1.0792958398281507,-1.3534805258198765,-1.5264687029318373,-1.7488210337605457,"EGARCH(1,1)-Normal"
2024-11-27,-1.0303679213264503,-1.2921229420905647,-1.4572690140825435,-1.6695414054544457,"EGARCH(1,1)-Normal"
2024-11-29,-1.094080032970995,-1.3720205004685193,-1.547378269426826,-1.7727763822213543,"EGARCH(1,1)-Normal"
2024-12-02,-1.0429510541834657,-1.3079026983420912,-1.4750655790115121,-1.6899302984705218,"EGARCH(1,1)-Normal"
2024-12-03,-0.9835695451352979,-1.2334358903320752,-1.3910811775620222,-1.5937123495007446,"EGARCH(1,1)-Normal"
2024-12-04,-0.9218679464136751,-1.1560595962707858,-1.3038154290121038,-1.493735077580371,"EGARCH(1,1)-Normal"
2024-12-05,-0.8918174748867108,-1.1183750926318885,-1.2613144736655522,-1.4450432409759189,"EGARCH(1,1)-Normal"
2024-12-06,-0.9084054232928644,-1.1391770491506947,-1.2847751256512703,-1.471921277570811,"EGARCH(1,1)-Normal"
2024-12-09,-0.8636260337777261,-1.0830218881371094,-1.2214427805158192,-1.399363656784003,"EGARCH(1,1)-Normal"
2024-12-10,-1.0335045503834066,-1.2960564014708837,-1.4617052084154274,-1.6746237959052266,"EGARCH(1,1)-Normal"
2024-12-11,-1.0690714510686126,-1.3406587298268058,-1.5120081547928508,-1.7322540968187037,"EGARCH(1,1)-Normal"
2024-12-12,-1.0322467543344005,-1.2944790744814143,-1.4599262834602593,-1.67258574470044,"EGARCH(1,1)-Normal"
2024-12-13,-1.1513431102233163,-1.443830709541387,-1.6283665323605125,-1.865561761596725,"EGARCH(1,1)-Normal"
2024-12-16,-1.081703538727831,-1.3564998773753074,-1.5298739574328004,-1.7527223130236933,"EGARCH(1,1)-Normal"
2024-12-17,-1.0237872271215631,-1.2838704860687675,-1.4479618126863771,-1.6588784750348444,"EGARCH(1,1)-Normal"
2024-12-18,-1.090288037108621,-1.3672651846743529,-1.5420151773143957,-1.7666320778709284,"EGARCH(1,1)-Normal"
2024-12-19,-2.449676358668856,-3.071992982524202,-3.4646240222842226,-3.969296817291688,"EGARCH(1,1)-Normal"
2024-12-20,-2.224594264610309,-2.7897309559537042,-3.14628612131961,-3.604588378801708,"EGARCH(1,1)-Normal"
2024-12-23,-2.0446482663346575,-2.5640714144473726,-2.891785061972115,-3.31301554481802,"EGARCH(1,1)-Normal"
2024-12-24,-1.8760035393718555,-2.3525841231012787,-2.653267606309364,-3.039754558476859,"EGARCH(1,1)-Normal"
2024-12-26,-1.7475881803459983,-2.1915460821454835,-2.4716473134340227,-2.8316786328269563,"EGARCH(1,1)-Normal"
2024-12-27,-1.614478560377482,-2.0246212485842263,-2.2833878377248946,-2.6159964309629347,"EGARCH(1,1)-Normal"
2024-12-30,-1.8473978947071035,-2.3167114906371067,-2.6128100971662866,-2.9934038256861495,"EGARCH(1,1)-Normal"
2021-12-29,-1.864660664433864,-2.674431955369461,-3.113797510060472,-4.120134055270678,"EGARCH(1,1)-Student-t"
2021-12-30,-1.7117807658385864,-2.4551604847284527,-2.8585033127493467,-3.782332283300563,"EGARCH(1,1)-Student-t"
2021-12-31,-1.7232888351511846,-2.4716661948028182,-2.8777206418080103,-3.8077603889015608,"EGARCH(1,1)-Student-t"
2022-01-03,-1.7182110305528067,-2.464383238101875,-2.869241214094119,-3.796540526729942,"EGARCH(1,1)-Student-t"
2022-01-04,-1.5802685361093447,-2.2665360790022984,-2.6388909933154814,-3.491744281565383,"EGARCH(1,1)-Student-t"
2022-01-05,-1.5097991770295065,-2.1654637984569556,-2.5212141853988093,-3.3360359472094956,"EGARCH(1,1)-Student-t"
2022-01-06,-2.453272089621276,-3.5186612753968256,-4.096719939379898,-5.420723500038299,"EGARCH(1,1)-Student-t"
2022-01-07,-2.2900697233624916,-3.2845845708040775,-3.8241882496277206,-5.060113315059829,"EGARCH(1,1)-Student-t"
2022-01-10,-2.2731510188635418,-3.2603185341902883,-3.7959356989373383,-5.022729928416474,"EGARCH(1,1)-Student-t"
2022-01-11,-2.1524735804159905,-3.0872341742141254,-3.5944164013376607,-4.756082364420402,"EGARCH(1,1)-Student-t"
2022-01-12,-1.962069603665538,-2.8141429412817027,-3.276460732502239,-4.335367794830504,"EGARCH(1,1)-Student-t"
2022-01-13,-1.7986377789576782,-2.579737130691095,-3.0035458700039297,-3.9742506009424026,"EGARCH(1,1)-Student-t"
2022-01-14,-2.3433044391148408,-3.360937672287193,-3.9130849204913,-5.177740167750745,"EGARCH(1,1)-Student-t"
2022-01-18,-2.134594673289626,-3.0615909451495225,-3.564560407936535,-4.7165773244271225,"EGARCH(1,1)-Student-t"
2022-01-19,-2.8400196290884443,-4.0733627274841115,-4.742549793778908,-6.27527668418809,"EGARCH(1,1)-Student-t"
2022-01-20,-2.98859735677313,-4.286463711676722,-4.990659794348626,-6.603572425801895,"EGARCH(1,1)-Student-t"
2022-01-21,-3.1746396949676408,-4.55329916533827,-5.301331961400415,-7.014649565968905,"EGARCH(1,1)-Student-t"
2022-01-24,-3.7033018362794503,-5.311544861880391,-6.18414506014712,-8.182775720875714,"EGARCH(1,1)-Student-t"
2022-01-25,-3.3095286536778574,-4.74676672138319,-5.526583081766621,-7.312698751572711,"EGARCH(1,1)-Student-t"
2022-01-26,-3.4959477884246337,-5.01414260406717,-5.837884461515722,-7.724608457330075,"EGARCH(1,1)-Student-t"
2022-01-27,-3.2125794915795107,-4.607715181278526,-5.364687641324144,-7.098480930598495,"EGARCH(1,1)-Student-t"
2022-01-28,-3.1225850614716153,-4.478638623663206,-5.214405910318489,-6.8996302102800104,"EGARCH(1,1)-Student-t"
2022-01-31,-2.799224567664096,-4.014851483065458,-4.674426106124207,-6.185136357281827,"EGARCH(1,1)-Student-t"
2022-02-01,-2.521285652491831,-3.6162112743907544,-4.210295812328864,-5.571005533626619,"EGARCH(1,1)-Student-t"
2022-02-02,-2.2858472904663687,-3.2785284504159624,-3.8171372074251777,-5.05078347295867,"EGARCH(1,1)-Student-t"
2022-02-03,-2.0787638728066247,-2.9815143501134336,-3.4713285342532694,-4.593214190967729,"EGARCH(1,1)-Student-t"
2022-02-04,-3.160421658311435,-4.532906622983913,-5.2775892569059835,-6.983233545808418,"EGARCH(1,1)-Student-t"
2022-02-07,-2.8439600562302583,-4.079014374707051,-4.749129914471528,-6.283983409421783,"EGARCH(1,1)-Student-t"
2022-02-08,-2.7401776554448354,-3.930162106645845,-4.575823646302964,-6.05466693808216,"EGARCH(1,1)-Student-t"
2022-02-09,-2.4776738239851404,-3.5536600177384896,-4.1374684043165075,-5.474641308612201,"EGARCH(1,1)-Student-t"
2022-02-10,-2.24512672941284,-3.220124059848097,-3.7491379279663377,-4.960807761266745,"EGARCH(1,1)-Student-t"
2022-02-11,-2.906364557842585,-4.168519450056288,-4.853339214020421,-6.4218717218634485,"EGARCH(1,1)-Student-t"
2022-02-14,-3.4831983392502774,-4.995856416700415,-5.816594151782179,-7.696437412200448,"EGARCH(1,1)-Student-t"
2022-02-15,-3.29628734854377,-4.727775078422697,-5.504471421590107,-7.283440906829282,"EGARCH(1,1)-Student-t"
2022-02-16,-2.9564024809883724,-4.240287479056914,-4.936897559767611,-6.532434976154314,"EGARCH(1,1)-Student-t"
2022-02-17,-2.6712566871511663,-3.8313106407918376,-4.460732496713587,-5.902379911276029,"EGARCH(1,1)-Student-t"
2022-02-18,-3.408991536431496,-4.889423622493,-5.692676185229898,-7.532470862544484,"EGARCH(1,1)-Student-t"
2022-02-22,-3.3670030293490805,-4.8292006515034975,-5.622559562244193,-7.439693511008108,"EGARCH(1,1)-Student-t"
2022-02-23,-3.4562549395553392,-4.957212233066975,-5.771601359000692,-7.636903567375342,"EGARCH(1,1)-Student-t"
2022-02-24,-3.905721773273934,-5.60187025900367,-6.522166185289151,-8.630040626380614,"EGARCH(1,1)-Student-t"
2022-02-25,-3.4818933189588988,-4.993984661674828,-5.814414897931127,-7.693553853466205,"EGARCH(1,1)-Student-t"
2022-02-28,-3.113490070095909,-4.465593925486778,-5.199218180969195,-6.879534015613504,"EGARCH(1,1)-Student-t"
2022-03-01,-2.923436026831119,-4.193004592612719,-4.881846866186565,-6.459592655272268,"EGARCH(1,1)-Student-t"
2022-03-02,-3.3241040245550217,-4.767671778468782,-5.550922498804359,-7.344904333566599,"EGARCH(1,1)-Student-t"
2022-03-03,-2.97915924954338,-4.272926891785093,-4.974899095712018,-6.582718086051881,"EGARCH(1,1)-Student-t"
2022-03-04,-2.919488094290686,-4.187342180601157,-4.875254212226109,-6.4508693461908875,"EGARCH(1,1)-Student-t"
2022-03-07,-2.9797997966430296,-4.273845611027097,-4.975968745542686,-6.584133432001742,"EGARCH(1,1)-Student-t"
2022-03-08,-4.116462962135218,-5.904130600819959,-6.8740829718979795,-9.0956920800939,"EGARCH(1,1)-Student-t"
2022-03-09,-3.974184013805062,-5.7000637841340085,-6.636491305223887,-8.781314053279484,"EGARCH(1,1)-Student-t"
2022-03-10,-3.535208916228483,-5.070453769313068,-5.903446632869249,-7.811359421083627,"EGARCH(1,1)-Student-t"
2022-03-11,-3.3601634993839857,-4.8193909001384085,-5.6111382287106935,-7.424580959502771,"EGARCH(1,1)-Student-t"
2022-03-14,-3.5742961380794966,-5.126515505991953,-5.968718398609972,-7.897726124122958,"EGARCH(1,1)-Student-t"
2022-03-15,-3.519211712651348,-5.047509416348862,-5.876732896897596,-7.776012172919702,"EGARCH(1,1)-Student-t"
2022-03-16,-3.1460788518334684,-4.5123351266757625,-5.253638199241595,-6.951541835597988,"EGARCH(1,1)-Student-t"
2022-03-17,-2.8247143748759096,-4.051410818629165,-4.716991544298538,-6.241458359863227,"EGARCH(1,1)-Student-t"
2022-03-18,-2.550638498343004,-3.6583112609581474,-4.2593121401079035,-5.63586326464292,"EGARCH(1,1)-Student-t"
2022-03-21,-2.312377018193243,-3.3165793156234105,-3.8614392092393275,-5.109403272673133,"EGARCH(1,1)-Student-t"
2022-03-22,-2.1468529053568424,-3.079172593211397,-3.58503043404728,-4.743662981544731,"EGARCH(1,1)-Student-t"
2022-03-23,-1.9592024164742876,-2.81003061286047,-3.2716728155866948,-4.329032488994526,"EGARCH(1,1)-Student-t"
2022-03-24,-2.3676666875831724,-3.3958797810853847,-3.9537674479168454,-5.231570728716546,"EGARCH(1,1)-Student-t"
2022-03-25,-2.1520407462930047,-3.0866133720317404,-3.59369361148097,-4.755125978819305,"EGARCH(1,1)-Student-t"
2022-03-28,-1.9661834825511761,-2.820043365612052,-3.2833305003238706,-4.344457777163093,"EGARCH(1,1)-Student-t"
2022-03-29,-1.8013837406276554,-2.5836755886520972,-3.008131352378168,-3.9803180481764957,"EGARCH(1,1)-Student-t"
2022-03-30,-1.6562380748157723,-2.3754971172364767,-2.765752553156632,-3.6596057533911903,"EGARCH(1,1)-Student-t"
2022-03-31,-1.818924640153982,-2.608834022630955,-3.03742290676717,-4.019076230229122,"EGARCH(1,1)-Student-t"
2022-04-01,-2.428657325746223,-3.483356990635018,-4.055615736386408,-5.3663349837584,"EGARCH(1,1)-Student-t"
2022-04-04,-2.211969098239182,-3.17256697342127,-3.6937679878172616,-4.887543017715043,"EGARCH(1,1)-Student-t"
2022-04-05,-2.0192426299608837,-2.8961446542077787,-3.371933989549317,-4.461696695941239,"EGARCH(1,1)-Student-t"
2022-04-06,-2.4252777124490486,-3.478509703420162,-4.049972118933415,-5.358867426735866,"EGARCH(1,1)-Student-t"
2022-04-07,-2.634000700666111,-3.777875395073982,-4.398518711565053,-5.820059486113639,"EGARCH(1,1)-Student-t"
2022-04-08,-2.391706563215481,-3.430359519313613,-3.9939116448282834,-5.284688978147318,"EGARCH(1,1)-Student-t"
2022-04-11,-2.3066889039266947,-3.3084210084040815,-3.851940625192404,-5.096834876853515,"EGARCH(1,1)-Student-t"
2022-04-12,-2.8808891921806126,-4.131980827613804,-4.810797891795332,-6.365581629174528,"EGARCH(1,1)-Student-t"
2022-04-13,-2.762583135574258,-3.9622976759622683,-4.613238565579918,-6.104173844870452,"EGARCH(1,1)-Student-t"
2022-04-14,-2.5004272556894036,-3.586294644512618,-4.175464368052664,-5.52491704544042,"EGARCH(1,1)-Student-t"
2022-04-18,-2.808188088234993,-4.027707616250794,-4.689394292329555,-6.2049420554786545,"EGARCH(1,1)-Student-t"
2022-04-19,-2.5760572264530603,-3.694768649704009,-4.301758883264803,-5.692028211609132,"EGARCH(1,1)-Student-t"
2022-04-20,-2.33528824017346,-3.3494402566885553,-3.8996986670137006,-5.160027661190075,"EGARCH(1,1)-Student-t"
2022-04-21,-2.178346523613607,-3.1243430312769584,-3.6376216384316353,-4.813250940135999,"EGARCH(1,1)-Student-t"
2022-04-22,-2.665775185179464,-3.8234486719542042,-4.451578934611681,-5.890268043750524,"EGARCH(1,1)-Student-t"
2022-04-25,-3.7653892318954267,-5.400595120744218,-6.287824824279358,-8.319963359334379,"EGARCH(1,1)-Student-t"
2022-04-26,-3.372921845718672,-4.837689848459665,-5.632443395815453,-7.452771663701724,"EGARCH(1,1)-Student-t"
2022-04-27,-4.3289394378081365,-6.208879817201624,-7.228897514573835,-9.565177804795274,"EGARCH(1,1)-Student-t"
2022-04-28,-3.8596826961549566,-5.535837665840079,-6.445285513951516,-8.528313179060476,"EGARCH(1,1)-Student-t"
2022-04-29,-3.444558589871699,-4.940436477589449,-5.752069620483124,-7.6110594395009805,"EGARCH(1,1)-Student-t"
2022-05-02,-4.850154208048296,-6.956443952450896,-8.099274245705931,-10.71684832905582,"EGARCH(1,1)-Student-t"
2022-05-03,-4.303727681272334,-6.1727192821421175,-7.186796393322764,-9.509470179983074,"EGARCH(1,1)-Student-t"
2022-05-04,-3.8377816559227584,-5.504425600915867,-6.408712959039248,-8.47992087721829,"EGARCH(1,1)-Student-t"
2022-05-05,-3.4244163645058783,-4.911547032878092,-5.718434111144909,-7.566553395982413,"EGARCH(1,1)-Student-t"
2022-05-06,-4.799245772522931,-6.883427371276734,-8.01426223102492,-10.604361600017487,"EGARCH(1,1)-Student-t"
2022-05-09,-4.500485426976696,-6.454923552664427,-7.5153622232054715,-9.944223968796953,"EGARCH(1,1)-Student-t"
2022-05-10,-5.42744271903252,-7.7844331253295,-9.06328853655008,-11.992418784951475,"EGARCH(1,1)-Student-t"
2022-05-11,-4.801204674577839,-6.88623697108919,-8.01753340226662,-10.608689968830811,"EGARCH(1,1)-Student-t"
2022-05-12,-4.942549753058786,-7.088964363710204,-8.253565599345706,-10.921004526917478,"EGARCH(1,1)-Student-t"
2022-05-13,-4.457542444528244,-6.393331603678964,-7.443651721464845,-9.849337618805505,"EGARCH(1,1)-Student-t"
2022-05-16,-3.9628597922954074,-5.683821761951223,-6.617580983677075,-8.756292175797276,"EGARCH(1,1)-Student-t"
2022-05-17,-3.7169530409905125,-5.331124412629181,-6.206941211773741,-8.212939275295197,"EGARCH(1,1)-Student-t"
2022-05-18,-3.327647447065268,-4.772754012772071,-5.556839661320815,-7.352733841656272,"EGARCH(1,1)-Student-t"
2022-05-19,-5.02212543676442,-7.203097597403605,-8.386449062010048,-11.096834097766807,"EGARCH(1,1)-Student-t"
2022-05-20,-4.701563155080109,-6.743323856167441,-7.851141993240531,-10.388523144039578,"EGARCH(1,1)-Student-t"
2022-05-23,-4.20417509714533,-6.029933724797988,-7.020553497504041,-9.289499865825993,"EGARCH(1,1)-Student-t"
2022-05-24,-3.7504499636853836,-5.379168135634891,-6.262877734955371,-8.286953713725907,"EGARCH(1,1)-Student-t"
2022-05-25,-3.7031131668573374,-5.311274258471886,-6.183830001011693,-8.182358838959308,"EGARCH(1,1)-Student-t"
2022-05-26,-3.321172190324817,-4.763466728562028,-5.5460266277753565,-7.338426184331901,"EGARCH(1,1)-Student-t"
2022-05-27,-2.987983435300728,-4.285583180845995,-4.989634606662416,-6.602215911550294,"EGARCH(1,1)-Student-t"
2022-05-31,-2.7005330716739127,-3.873300960960408,-4.509621141692955,-5.967068694167252,"EGARCH(1,1)-Student-t"
2022-06-01,-2.721829801422612,-3.9038462798332563,-4.545184558312818,-6.014125718095063,"EGARCH(1,1)-Student-t"
2022-06-02,-2.791596881836394,-4.003911301233866,-4.661688630834013,-6.168282305099007,"EGARCH(1,1)-Student-t"
2022-06-03,-2.5282119413366004,-3.626145461651682,-4.221862024546545,-5.586309786614999,"EGARCH(1,1)-Student-t"
2022-06-06,-3.035066415078585,-4.353113015133643,-5.068258491423255,-6.706249954905451,"EGARCH(1,1)-Student-t"
2022-06-07,-2.7474527108338482,-3.940596520252873,-4.587972263897542,-6.070741821858051,"EGARCH(1,1)-Student-t"
2022-06-08,-2.4922793648889656,-3.5746083468708068,-4.161858202292551,-5.5069135539709935,"EGARCH(1,1)-Student-t"
2022-06-09,-2.739324108478668,-3.9289378875022405,-4.57439830791906,-6.0527809499288425,"EGARCH(1,1)-Student-t"
2022-06-10,-3.5893982130083497,-5.148176000339524,-5.993937358931895,-7.931095505698081,"EGARCH(1,1)-Student-t"
2022-06-13,-4.544588894318139,-6.51817995349399,-7.589010619083718,-10.041674513668166,"EGARCH(1,1)-Student-t"
2022-06-14,-5.8142421248302965,-8.339208967880763,-9.709205002553114,-12.84708657238493,"EGARCH(1,1)-Student-t"
2022-06-15,-5.300771392752448,-7.602751895444538,-8.851760043516364,-11.712527191168494,"EGARCH(1,1)-Student-t"
2022-06-16,-4.697504394530491,-6.737502486563774,-7.844364267547922,-10.379554950586671,"EGARCH(1,1)-Student-t"
2022-06-17,-5.6054677483565705,-8.03976957145139,-9.360572596653304,-12.385780966070516,"EGARCH(1,1)-Student-t"
2022-06-21,-4.964790591139856,-7.120863791425259,-8.290705582807266,-10.970147642414798,"EGARCH(1,1)-Student-t"
2022-06-22,-4.406178523417203,-6.319661731947019,-7.357879091241501,-9.735844453738878,"EGARCH(1,1)-Student-t"
2022-06-23,-4.005692228848806,-5.745255157973188,-6.689106884788037,-8.850934264773535,"EGARCH(1,1)-Student-t"
2022-06-24,-3.5853842619531178,-5.142418899772028,-5.987234460629978,-7.922226322819774,"EGARCH(1,1)-Student-t"
2022-06-27,-3.220516199590247,-4.619098585202476,-5.377941152868247,-7.116017794857763,"EGARCH(1,1)-Student-t"
2022-06-28,-3.0417444730638743,-4.362691171640253,-5.079410182839959,-6.721005719669018,"EGARCH(1,1)-Student-t"
2022-06-29,-3.647657374319958,-5.231735527108484,-6.091224353230868,-8.059824319004358,"EGARCH(1,1)-Student-t"
2022-06-30,-3.330486684472789,-4.776826253580486,-5.561580904882518,-7.359007389952137,"EGARCH(1,1)-Student-t"
2022-07-01,-3.370501493341731,-4.834218403030687,-5.6284016485160455,-7.447423679243106,"EGARCH(1,1)-Student-t"
2022-07-05,-3.035918557080657,-4.354335219175549,-5.069681483657114,-6.708132838665285,"EGARCH(1,1)-Student-t"
2022-07-06,-2.7475510730246073,-3.9407375984614625,-4.58813651895505,-6.070959161891885,"EGARCH(1,1)-Student-t"
2022-07-07,-2.4928377812042206,-3.5754092681678573,-4.162790701897002,-5.508147424627132,"EGARCH(1,1)-Student-t"
2022-07-08,-2.269778116386397,-3.255480872121646,-3.7903032878851115,-5.015277199549364,"EGARCH(1,1)-Student-t"
2022-07-11,-2.127121943042876,-3.050873011883186,-3.552081693026362,-4.700065660421578,"EGARCH(1,1)-Student-t"
2022-07-12,-2.465406745106412,-3.5360656809360504,-4.116983604912056,-5.4475361036754695,"EGARCH(1,1)-Student-t"
2022-07-13,-2.6469877656922645,-3.796502388378928,-4.420205816094449,-5.848755564661805,"EGARCH(1,1)-Student-t"
2022-07-14,-2.6028549928693065,-3.733203955496174,-4.346508482982146,-5.7512402667153015,"EGARCH(1,1)-Student-t"
2022-07-15,-2.5059561284949616,-3.5942245560457966,-4.184697034726959,-5.537133583048541,"EGARCH(1,1)-Student-t"
2022-07-18,-2.277925385903301,-3.267166278673423,-3.8039084161636287,-5.033279318237408,"EGARCH(1,1)-Student-t"
2022-07-19,-2.4466322592033993,-3.50913794764797,-4.085632084191681,-5.406052202494615,"EGARCH(1,1)-Student-t"
2022-07-20,-2.221293129433075,-3.185940177164687,-3.709338190840816,-4.908145296288892,"EGARCH(1,1)-Student-t"
2022-07-21,-2.031913775160018,-2.914318532317648,-3.3930935394466473,-4.489694721453339,"EGARCH(1,1)-Student-t"
2022-07-22,-1.862991640603756,-2.6720381199919827,-3.111010406569983,-4.116446198250552,"EGARCH(1,1)-Student-t"
2022-07-25,-2.1345336199849783,-3.0615033780591423,-3.5644584550012803,-4.716442421704893,"EGARCH(1,1)-Student-t"
2022-07-26,-1.95870242092826,-2.809313482880016,-3.27083787284566,-4.327927704238799,"EGARCH(1,1)-Student-t"
2022-07-27,-2.320398264181477,-3.3280839700637537,-3.8748338907822717,-5.1271269311339935,"EGARCH(1,1)-Student-t"
2022-07-28,-2.10981313526421,-3.0260474607705574,-3.52317770872974,-4.661820305786682,"EGARCH(1,1)-Student-t"
2022-07-29,-1.9321083564082242,-2.771170341164129,-3.2264284349976124,-4.269165746641365,"EGARCH(1,1)-Student-t"
2022-08-01,-1.7767044884836847,-2.5482788101243026,-2.9669194604013605,-3.9257870393144314,"EGARCH(1,1)-Student-t"
2022-08-02,-1.7717734894416446,-2.5412064126305034,-2.9586851833384737,-3.914891557113768,"EGARCH(1,1)-Student-t"
2022-08-03,-1.9327661895436785,-2.7721138532960237,-3.2275269507856494,-4.270619287629153,"EGARCH(1,1)-Student-t"
2022-08-04,-1.7759252243170809,-2.547161132774965,-2.965618166891001,-3.9240651856323563,"EGARCH(1,1)-Student-t"
2022-08-05,-1.6905316037882037,-2.4246833909084775,-2.823019329445906,-3.7353803644449526,"EGARCH(1,1)-Student-t"
2022-08-08,-1.6487603508710618,-2.3647720216452974,-2.75326549926845,-3.6430830553645928,"EGARCH(1,1)-Student-t"
2022-08-09,-1.5969347350958576,-2.2904399538435736,-2.6667218849603866,-3.5285697347569416,"EGARCH(1,1)-Student-t"
2022-08-10,-1.674536189266346,-2.4017416039374817,-2.7963085810183004,-3.700037069358237,"EGARCH(1,1)-Student-t"
2022-08-11,-1.5407391985665735,-2.209840227839979,-2.5728809384230584,-3.4044006844708896,"EGARCH(1,1)-Student-t"
2022-08-12,-1.4791414303335768,-2.1214922281830093,-2.4700188032326746,-3.268294921386916,"EGARCH(1,1)-Student-t"
2022-08-15,-1.3722798952549475,-1.9682236417504795,-2.29157068760725,-3.0321748281850582,"EGARCH(1,1)-Student-t"
2022-08-16,-1.2764620071871358,-1.8307946571462625,-2.131564362072737,-2.820456658084566,"EGARCH(1,1)-Student-t"
2022-08-17,-1.1902843372921066,-1.707192374649183,-1.9876562403108473,-2.630039409889873,"EGARCH(1,1)-Student-t"
2022-08-18,-1.4591727575522109,-2.0928517052120292,-2.436673109417276,-3.2241723577836123,"EGARCH(1,1)-Student-t"
2022-08-19,-1.3564729035123477,-1.9455521044348651,-2.265174586446078,-2.997247870035361,"EGARCH(1,1)-Student-t"
2022-08-22,-1.8974123406714156,-2.7214067916988456,-3.168489545916636,-4.1925018051821645,"EGARCH(1,1)-Student-t"
2022-08-23,-2.814580281031084,-4.036875764109986,-4.700068617364636,-6.219066175609127,"EGARCH(1,1)-Student-t"
2022-08-24,-2.661249504441249,-3.8169576114535215,-4.444021498729232,-5.880268148494266,"EGARCH(1,1)-Student-t"
2022-08-25,-2.421640746519789,-3.4732933023412262,-4.043898748228112,-5.3508312261183395,"EGARCH(1,1)-Student-t"
2022-08-26,-2.20809982763576,-3.1670173840814293,-3.6873066914535384,-4.87899351919969,"EGARCH(1,1)-Student-t"
2022-08-29,-3.846843909230708,-5.517423343774238,-6.4238460190774935,-8.499944734204037,"EGARCH(1,1)-Student-t"
2022-08-30,-3.7284535923313125,-5.347619339881556,-6.2261459865686115,-8.238350769266946,"EGARCH(1,1)-Student-t"
2022-08-31,-3.8072632038476524,-5.460653817119024,-6.357750185010218,-8.412487635284714,"EGARCH(1,1)-Student-t"
2022-09-01,-3.7428959863595126,-5.368333671897983,-6.250263345518732,-8.270262527052264,"EGARCH(1,1)-Student-t"
2022-09-02,-3.3655436043129336,-4.827107437961975,-5.620122467854661,-7.4364687812182675,"EGARCH(1,1)-Student-t"
2022-09-06,-3.4845351232469883,-4.997773729542597,-5.818826447856119,-7.699391155674766,"EGARCH(1,1)-Student-t"
2022-09-07,-3.317964202128581,-4.758865598550489,-5.540669607139768,-7.331337848277881,"EGARCH(1,1)-Student-t"
2022-09-08,-2.993418097341254,-4.2933779684473246,-4.998709950746509,-6.6142242820700075,"EGARCH(1,1)-Student-t"
2022-09-09,-2.7125054389899224,-3.8904726010030637,-4.529613802153479,-5.993522707619548,"EGARCH(1,1)-Student-t"
2022-09-12,-2.4648502426635663,-3.535267504654019,-4.1160543012838255,-5.446306461891125,"EGARCH(1,1)-Student-t"
2022-09-13,-2.247989190804231,-3.22422961018343,-3.7539179532670084,-4.96713262502642,"EGARCH(1,1)-Student-t"
2022-09-14,-4.600043225007466,-6.597716588168584,-7.681613825723958,-10.164205803539456,"EGARCH(1,1)-Student-t"
2022-09-15,-4.107042104589777,-5.890618521680262,-6.858351078515365,-9.07487585505994,"EGARCH(1,1)-Student-t"
2022-09-16,-4.14505784281154,-5.945143458601218,-6.921833573360601,-9.158875019450152,"EGARCH(1,1)-Student-t"
2022-09-19,-4.011933603566936,-5.754206991574862,-6.699529358660819,-8.86472513890863,"EGARCH(1,1)-Student-t"
2022-09-20,-3.6038774269510427,-5.168943142155499,-6.018116203470388,-7.9630886203686,"EGARCH(1,1)-Student-t"
2022-09-21,-3.712467992418444,-5.324691629736661,-6.199451627560065,-8.2030291604342,"EGARCH(1,1)-Student-t"
2022-09-22,-4.057409710480076,-5.8194321319202915,-6.7754699258504925,-8.96520865334521,"EGARCH(1,1)-Student-t"
2022-09-23,-3.9861272475156904,-5.717193638640725,-6.6564353154663705,-8.807703693432137,"EGARCH(1,1)-Student-t"
2022-09-26,-4.293199538181101,-6.1576190535316515,-7.169215443411433,-9.48620730877207,"EGARCH(1,1)-Student-t"
2022-09-27,-4.264618561119472,-6.116626137325897,-7.121488059599957,-9.423055090692603,"EGARCH(1,1)-Student-t"
2022-09-28,-3.9228216417312565,-5.62639613414394,-6.550721261738375,-8.667824310948795,"EGARCH(1,1)-Student-t"
2022-09-29,-3.5247693873846004,-5.055480637701715,-5.886013659921243,-7.788292350956033,"EGARCH(1,1)-Student-t"
2022-09-30,-4.084021411270065,-5.857600568857361,-6.819908814512039,-9.024009579854159,"EGARCH(1,1)-Student-t"
2022-10-03,-4.281696851893035,-6.141121064182617,-7.15000710346736,-9.46079109744391,"EGARCH(1,1)-Student-t"
2022-10-04,-3.8346063179950027,-5.499871300294276,-6.403410461098667,-8.472904684844698,"EGARCH(1,1)-Student-t"
2022-10-05,-3.447025577323686,-4.9439748104351695,-5.756189243711022,-7.616510468317499,"EGARCH(1,1)-Student-t"
2022-10-06,-3.2102998629818527,-4.604445572129667,-5.360880888714062,-7.093443887881969,"EGARCH(1,1)-Student-t"
2022-10-07,-3.33076551704088,-4.777226175531178,-5.562046527487642,-7.359623495381625,"EGARCH(1,1)-Student-t"
2022-10-10,-4.2713786705543715,-6.126321977989742,-7.132776768761695,-9.43799215545261,"EGARCH(1,1)-Student-t"
2022-10-11,-4.135303321238806,-5.931152814243745,-6.905544494299541,-9.137321533986942,"EGARCH(1,1)-Student-t"
2022-10-12,-3.9798966371560627,-5.708257244064984,-6.646030816999699,-8.793936604107271,"EGARCH(1,1)-Student-t"
2022-10-13,-3.7220606607107554,-5.3384501323465745,-6.215470427770292,-8.224225016637916,"EGARCH(1,1)-Student-t"
2022-10-14,-3.3502252076926555,-4.805136679309899,-5.5945422718629025,-7.402621417571267,"EGARCH(1,1)-Student-t"
2022-10-17,-4.063010006510313,-5.827464483837439,-6.784821862193209,-8.977583006938806,"EGARCH(1,1)-Student-t"
2022-10-18,-3.6462041667950436,-5.229651231173817,-6.088797641465565,-8.056613327360152,"EGARCH(1,1)-Student-t"
2022-10-19,-3.2872851268553043,-4.714863437279528,-5.489438608374697,-7.263549695061265,"EGARCH(1,1)-Student-t"
2022-10-20,-3.2518478729366427,-4.664036750098146,-5.430261925388889,-7.185247921724999,"EGARCH(1,1)-Student-t"
2022-10-21,-3.272534687461259,-4.6937072841930085,-5.4648068443580415,-7.230957283564204,"EGARCH(1,1)-Student-t"
2022-10-24,-2.958577309239526,-4.243406775925918,-4.940529306241604,-6.53724045315764,"EGARCH(1,1)-Student-t"
2022-10-25,-2.6856471705438825,-3.851950518799013,-4.484763170074958,-5.93417696788211,"EGARCH(1,1)-Student-t"
2022-10-26,-2.447072101365824,-3.509768801270264,-4.086366576775935,-5.40702407298393,"EGARCH(1,1)-Student-t"
2022-10-27,-2.549815875745868,-3.657131395793963,-4.2579384423389,-5.634045606641257,"EGARCH(1,1)-Student-t"
2022-10-28,-2.585685361418815,-3.7085780211967263,-4.317836909285691,-5.713302434591249,"EGARCH(1,1)-Student-t"
2022-10-31,-2.3585431552223644,-3.3827941473521284,-3.9385320579663285,-5.211411470197763,"EGARCH(1,1)-Student-t"
2022-11-01,-2.47581545076161,-3.5509946036881956,-4.13436510620626,-5.470535067218411,"EGARCH(1,1)-Student-t"
2022-11-02,-2.441707169824461,-3.5020740262228442,-4.07740767567732,-5.395169778221683,"EGARCH(1,1)-Student-t"
2022-11-03,-3.4102829505853967,-4.891275862606543,-5.694832718187112,-7.535324357304379,"EGARCH(1,1)-Student-t"
2022-11-04,-3.518579968541822,-5.0466033229956,-5.875677947183282,-7.774616277961697,"EGARCH(1,1)-Student-t"
2022-11-07,-3.1778122005085936,-4.5578494035446875,-5.306629729537263,-7.021659499931223,"EGARCH(1,1)-Student-t"
2022-11-08,-2.8808287903473095,-4.131894194911012,-4.810697026752308,-6.365448165936343,"EGARCH(1,1)-Student-t"
2022-11-09,-2.6212471371732247,-3.7595833066523254,-4.377221531329525,-5.791879350030245,"EGARCH(1,1)-Student-t"
2022-11-10,-3.3203235277085295,-4.762249514908295,-5.544609445769064,-7.336550988585299,"EGARCH(1,1)-Student-t"
2022-11-11,-2.9985016637996416,-4.300669189226996,-5.0071990001924895,-6.625456875585243,"EGARCH(1,1)-Student-t"
2022-11-14,-2.7220346630486496,-3.904140107278407,-4.545526656815366,-6.0145783781302935,"EGARCH(1,1)-Student-t"
2022-11-15,-2.855341871849258,-4.095339002550701,-4.7681364124421215,-6.309132546225658,"EGARCH(1,1)-Student-t"
2022-11-16,-2.597003903221667,-3.7248118971308894,-4.336737746288082,-5.738311762254678,"EGARCH(1,1)-Student-t"
2022-11-17,-2.718284039491364,-3.898760690162204,-4.539263489196396,-6.006291040846025,"EGARCH(1,1)-Student-t"
2022-11-18,-2.616921119512114,-3.753378617459786,-4.369997512890903,-5.782320628151669,"EGARCH(1,1)-Student-t"
2022-11-21,-2.38888148994703,-3.426307593743714,-3.989194053967476,-5.27844672678009,"EGARCH(1,1)-Student-t"
2022-11-22,-2.3584684370209397,-3.3826869810728426,-3.938407286015061,-5.211246373667273,"EGARCH(1,1)-Student-t"
2022-11-23,-2.156786452611068,-3.0934200092231143,-3.6016184681578554,-4.765612040219277,"EGARCH(1,1)-Student-t"
2022-11-25,-1.9804091812530265,-2.840446897429589,-3.3070859996710618,-4.375890727296842,"EGARCH(1,1)-Student-t"
2022-11-28,-1.8577379654505792,-2.6645029169489924,-3.1022372925537685,-4.104837734401444,"EGARCH(1,1)-Student-t"
2022-11-29,-2.4278190504288486,-3.4821546752009307,-4.054215900134283,-5.364482739675235,"EGARCH(1,1)-Student-t"
2022-11-30,-2.3055693863642976,-3.306815314885373,-3.850071142414786,-5.094361202944754,"EGARCH(1,1)-Student-t"
2022-12-01,-2.1022659528722913,-3.0152227428221696,-3.5105746661557364,-4.645144133125676,"EGARCH(1,1)-Student-t"
2022-12-02,-1.988905499924318,-2.8526329356674918,-3.3212740052572585,-4.39466410122472,"EGARCH(1,1)-Student-t"
2022-12-05,-1.9010284182061878,-2.7265932331230416,-3.1745280350845175,-4.200491851028945,"EGARCH(1,1)-Student-t"
2022-12-06,-2.5930315127919727,-3.7191144058355476,-4.330104250089606,-5.72953441128547,"EGARCH(1,1)-Student-t"
2022-12-07,-2.9876373669005973,-4.285086824374436,-4.989056706917336,-6.601451242552857,"EGARCH(1,1)-Student-t"
2022-12-08,-2.8093438318127815,-4.029365267755761,-4.691324268943225,-6.207495773999581,"EGARCH(1,1)-Student-t"
2022-12-09,-2.5589707292656216,-3.670261952611597,-4.273226135503936,-5.654274072054401,"EGARCH(1,1)-Student-t"
2022-12-12,-2.6487524374640627,-3.799033408991554,-4.423152642116956,-5.852654764340352,"EGARCH(1,1)-Student-t"
2022-12-13,-2.4133009218000128,-3.461331719111539,-4.02997207194749,-5.3324036395347125,"EGARCH(1,1)-Student-t"
2022-12-14,-2.208950951057809,-3.168238127201777,-3.6887279827602515,-4.88087415231611,"EGARCH(1,1)-Student-t"
2022-12-15,-2.2887044185844507,-3.2826263513827865,-3.821908326690842,-5.057096552375269,"EGARCH(1,1)-Student-t"
2022-12-16,-3.2868665404022455,-4.7142630701416905,-5.488739610707111,-7.262624790957684,"EGARCH(1,1)-Student-t"
2022-12-19,-3.4380853661263657,-4.931152109248879,-5.741259981836941,-7.596756274260654,"EGARCH(1,1)-Student-t"
2022-12-20,-3.480879452736425,-4.992530500992634,-5.812721842363812,-7.691313625616506,"EGARCH(1,1)-Student-t"
2022-12-21,-3.1534852749901963,-4.522957957490588,-5.266006187918439,-6.96790698817391,"EGARCH(1,1)-Student-t"
2022-12-22,-2.858329070322202,-4.099623459881439,-4.773124736239865,-6.315733027692867,"EGARCH(1,1)-Student-t"
2022-12-23,-3.21373069993656,-4.6093663280400285,-5.36661004457108,-7.101024628144681,"EGARCH(1,1)-Student-t"
2022-12-27,-2.916519887330986,-4.183084962280107,-4.870297602363122,-6.444310828166128,"EGARCH(1,1)-Student-t"
2022-12-28,-2.8303090846178454,-4.059435158285298,-4.726334152096424,-6.253820370054557,"EGARCH(1,1)-Student-t"
2022-12-29,-3.0815015577973104,-4.419713674389147,-5.145800552847482,-6.808852544495049,"EGARCH(1,1)-Student-t"
2022-12-30,-2.793812975332847,-4.007089783719203,-4.665389286155882,-6.173178961342449,"EGARCH(1,1)-Student-t"
2023-01-03,-2.6649574503457387,-3.8222758171758264,-4.4502133989205435,-5.888461185698077,"EGARCH(1,1)-Student-t"
2023-01-04,-2.607035224354652,-3.7391995475513338,-4.353489053033747,-5.760476861035221,"EGARCH(1,1)-Student-t"
2023-01-05,-2.3802696204027205,-3.4139558240388665,-3.9748130899371232,-5.259418032891793,"EGARCH(1,1)-Student-t"
2023-01-06,-2.6783260565104854,-3.841450044534027,-4.472537639133659,-5.91800031342328,"EGARCH(1,1)-Student-t"
2023-01-09,-2.435969043031685,-3.4938439874006217,-4.067825575694972,-5.38249087526453,"EGARCH(1,1)-Student-t"
2023-01-10,-2.2828158001667656,-3.2741804665257606,-3.812074920690265,-5.044085124749875,"EGARCH(1,1)-Student-t"
2023-01-11,-2.0933778469811792,-3.0024747748560445,-3.495732414951118,-4.625505070390399,"EGARCH(1,1)-Student-t"
2023-01-12,-1.9224739258164103,-2.7573519400265907,-3.2103398959085183,-4.247877612911936,"EGARCH(1,1)-Student-t"
2023-01-13,-1.7739411452744949,-2.5443154222954756,-2.9623049525885783,-3.919681186019113,"EGARCH(1,1)-Student-t"
2023-01-17,-1.64048386686303,-2.3529012862716283,-2.739444595665011,-3.624795425733199,"EGARCH(1,1)-Student-t"
2023-01-18,-1.621822365292546,-2.326135603331439,-2.7082817475219123,-3.5835611735126314,"EGARCH(1,1)-Student-t"
2023-01-19,-2.2418551026157427,-3.2154316547263018,-3.7436746372084237,-4.95357881004792,"EGARCH(1,1)-Student-t"
2023-01-20,-2.3834827470702513,-3.4185643240196946,-3.9801786913077644,-5.266517722856462,"EGARCH(1,1)-Student-t"
2023-01-23,-2.1755067484568236,-3.120270019189437,-3.6328794968822464,-4.806976203635176,"EGARCH(1,1)-Student-t"
2023-01-24,-1.9953418972377552,-2.8618644848607797,-3.332022147431655,-4.408885895179062,"EGARCH(1,1)-Student-t"
2023-01-25,-1.8895441928386871,-2.7101217217690796,-3.155350523038295,-4.175116430751385,"EGARCH(1,1)-Student-t"
2023-01-26,-1.7757511733794988,-2.546911496260284,-2.9653275191681185,-3.9236806045614077,"EGARCH(1,1)-Student-t"
2023-01-27,-1.6387293506830776,-2.350384831547518,-2.7365147284689573,-3.620918665740657,"EGARCH(1,1)-Student-t"
2023-01-30,-1.5211693614311947,-2.181771743962714,-2.5402012603954573,-3.361159383801282,"EGARCH(1,1)-Student-t"
2023-01-31,-2.0182273800893795,-2.8946885089955017,-3.370238623425991,-4.459453410795592,"EGARCH(1,1)-Student-t"
2023-02-01,-1.853615514560564,-2.658590198026461,-3.095353210338963,-4.09572881146061,"EGARCH(1,1)-Student-t"
2023-02-02,-1.7095563030342074,-2.4519699983729266,-2.8547886815171806,-3.777417134324764,"EGARCH(1,1)-Student-t"
2023-02-03,-1.580797496784879,-2.2672947528783367,-2.639774304936633,-3.492913067358282,"EGARCH(1,1)-Student-t"
2023-02-06,-1.936717712052274,-2.7777814143010486,-3.234125599635224,-4.279350529065394,"EGARCH(1,1)-Student-t"
2023-02-07,-2.05191623238798,-2.943007511399327,-3.426495649921493,-4.53389193480478,"EGARCH(1,1)-Student-t"
2023-02-08,-1.8877332026532898,-2.707524267918592,-3.152326349880363,-4.17111488640665,"EGARCH(1,1)-Student-t"
2023-02-09,-2.2309193932058133,-3.199746864856275,-3.725413092155817,-4.92941538470314,"EGARCH(1,1)-Student-t"
2023-02-10,-2.423888550190704,-3.4765172658652896,-4.047652356381649,-5.355797948820623,"EGARCH(1,1)-Student-t"
2023-02-13,-2.220900440106,-3.185376953568623,-3.7086824387931667,-4.907277614195049,"EGARCH(1,1)-Student-t"
2023-02-14,-2.038297514727436,-2.9234745559414117,-3.4037537484321443,-4.5038001634210785,"EGARCH(1,1)-Student-t"
2023-02-15,-1.9109052923899292,-2.7407593644948225,-3.191021430814433,-4.222315685499337,"EGARCH(1,1)-Student-t"
2023-02-16,-1.7650747114322358,-2.531598537958182,-2.947498891546086,-3.9000900096087996,"EGARCH(1,1)-Student-t"
2023-02-17,-2.258860444158146,-3.2398219524895593,-3.7720718631286374,-4.991153628966319,"EGARCH(1,1)-Student-t"
2023-02-21,-2.2008515234071013,-3.156621338934389,-3.675202745631197,-4.862977744498652,"EGARCH(1,1)-Student-t"
2023-02-22,-2.940233166272175,-4.21709627177816,-4.909896415343317,-6.496707433077289,"EGARCH(1,1)-Student-t"
2023-02-23,-2.7562965453097394,-3.9532809909351045,-4.602740586250059,-6.090283062952639,"EGARCH(1,1)-Student-t"
2023-02-24,-2.5147112607837023,-3.6067818035992563,-4.199317233265447,-5.556478828748886,"EGARCH(1,1)-Student-t"
2023-02-27,-2.743015381864232,-3.9342321802851874,-4.580562366665059,-6.060937147714992,"EGARCH(1,1)-Student-t"
2023-02-28,-2.5041504511749815,-3.5916347222933336,-4.1816817335248855,-5.533143777953822,"EGARCH(1,1)-Student-t"
2023-03-01,-2.4277477076886926,-3.482052350253719,-4.054096764866995,-5.36432510152749,"EGARCH(1,1)-Student-t"
2023-03-02,-2.4256892171088142,-3.4790999133349483,-4.05065929071185,-5.359776682985511,"EGARCH(1,1)-Student-t"
2023-03-03,-2.221708647484193,-3.1865361433772743,-3.710032064582905,-4.909063420484702,"EGARCH(1,1)-Student-t"
2023-03-06,-2.038829770079389,-2.9242379552820164,-3.404642561834626,-4.504976229095392,"EGARCH(1,1)-Student-t"
2023-03-07,-1.8803580724159346,-2.6969463196848937,-3.140010617260765,-4.154818878327233,"EGARCH(1,1)-Student-t"
2023-03-08,-2.4305771522418103,-3.4861105454380423,-4.05882165533763,-5.370577011638083,"EGARCH(1,1)-Student-t"
2023-03-09,-2.2292569909462854,-3.1973625266169576,-3.7226370460284053,-4.925742158633816,"EGARCH(1,1)-Student-t"
2023-03-10,-2.8753620414278696,-4.1240533859740305,-4.801568100777648,-6.3533688965957,"EGARCH(1,1)-Student-t"
2023-03-13,-3.225933327368697,-4.6268682238897405,-5.386987216481831,-7.127987421861463,"EGARCH(1,1)-Student-t"
2023-03-14,-3.0062537677783503,-4.311787820620607,-5.020144241397523,-6.642585840770109,"EGARCH(1,1)-Student-t"
2023-03-15,-2.7321910522224884,-3.918707139380159,-4.562486814727158,-6.037019825902465,"EGARCH(1,1)-Student-t"
2023-03-16,-2.783313200422221,-3.9920302428167886,-4.6478557082794865,-6.149978772156777,"EGARCH(1,1)-Student-t"
2023-03-17,-2.5349423605872095,-3.6357987184936325,-4.233101154058923,-5.601181248264619,"EGARCH(1,1)-Student-t"
2023-03-20,-2.7805937777481833,-3.9881298490141392,-4.643314543384054,-6.143969965201341,"EGARCH(1,1)-Student-t"
2023-03-21,-2.5359276382258193,-3.6372118753493914,-4.234746469539824,-5.60335830708833,"EGARCH(1,1)-Student-t"
2023-03-22,-2.3178865964646778,-3.324481553532316,-3.8706396559641933,-5.121577177287145,"EGARCH(1,1)-Student-t"
2023-03-23,-2.8472665339394343,-4.083756765541912,-4.75465140277998,-6.291289366839352,"EGARCH(1,1)-Student-t"
2023-03-24,-2.5976405933540954,-3.7257250844299583,-4.337800955367809,-5.739718585891445,"EGARCH(1,1)-Student-t"
2023-03-27,-2.3759007241182104,-3.4076896352057706,-3.9675174684699592,-5.249764566870286,"EGARCH(1,1)-Student-t"
2023-03-28,-2.1809597190539876,-3.1280910662544117,-3.6419854144316126,-4.8190250285438,"EGARCH(1,1)-Student-t"
2023-03-29,-2.0864791197614116,-2.992580118482454,-3.4842122279008803,-4.610261717270801,"EGARCH(1,1)-Student-t"
2023-03-30,-1.9188880842707936,-2.7522088652573267,-3.2043518978297345,-4.239954376180075,"EGARCH(1,1)-Student-t"
2023-03-31,-1.7715619539246208,-2.540903013005459,-2.958331940102982,-3.9144241505211297,"EGARCH(1,1)-Student-t"
2023-04-03,-1.638447563943348,-2.3499806725089827,-2.7360441726915585,-3.620296032805438,"EGARCH(1,1)-Student-t"
2023-04-04,-1.520510221084223,-2.180826356932978,-2.5391005616944398,-3.3597029544130503,"EGARCH(1,1)-Student-t"
2023-04-05,-1.6697196736676643,-2.3948334069253674,-2.7882654798984,-3.689394548536951,"EGARCH(1,1)-Student-t"
2023-04-06,-1.6663191247366145,-2.389956092301605,-2.7825869020229144,-3.68188073236403,"EGARCH(1,1)-Student-t"
2023-04-10,-1.5462451971211577,-2.217737331458599,-2.582075407377476,-3.4165666793812295,"EGARCH(1,1)-Student-t"
2023-04-11,-1.4391636239205414,-2.0641531503465296,-2.4032598500134927,-3.179960392322683,"EGARCH(1,1)-Student-t"
2023-04-12,-1.3652576969667385,-1.9581518941895746,-2.279844316175687,-3.016658654726818,"EGARCH(1,1)-Student-t"
2023-04-13,-1.4614487304382289,-2.0961160710733475,-2.440473757353183,-3.229201322879201,"EGARCH(1,1)-Student-t"
2023-04-14,-1.358476076598856,-1.9484252009809977,-2.268519685899272,-3.001674059641731,"EGARCH(1,1)-Student-t"
2023-04-17,-1.3709256122508133,-1.9662812305590203,-2.2893091699345582,-3.0291824190930257,"EGARCH(1,1)-Student-t"
2023-04-18,-1.2800149852920766,-1.8358905967785102,-2.137497481480189,-2.828307280113021,"EGARCH(1,1)-Student-t"
2023-04-19,-1.1987244092028424,-1.7192977396918574,-2.001750319411486,-2.6486885015834085,"EGARCH(1,1)-Student-t"
2023-04-20,-1.1495064205457766,-1.6487057203748021,-1.9195611825600971,-2.539936965678901,"EGARCH(1,1)-Student-t"
2023-04-21,-1.352103711727837,-1.9392854917741746,-2.2578784715233575,-2.9875937510802446,"EGARCH(1,1)-Student-t"
2023-04-24,-1.2642322298703448,-1.8132538209571702,-2.1111418525598977,-2.7934338742760247,"EGARCH(1,1)-Student-t"
2023-04-25,-1.1842803356593565,-1.6985809987924436,-1.9776301558381895,-2.6167730327592627,"EGARCH(1,1)-Student-t"
2023-04-26,-1.923451977399295,-2.758754732747625,-3.2119731445963815,-4.250038705121,"EGARCH(1,1)-Student-t"
2023-04-27,-1.945862050790344,-2.7908968900539746,-3.249395734162568,-4.2995557611305495,"EGARCH(1,1)-Student-t"
2023-04-28,-1.788650954746074,-2.5654133009918825,-2.986868868683185,-3.952183822078526,"EGARCH(1,1)-Student-t"
2023-05-01,-1.6529774226542244,-2.370820452735252,-2.7603075889465445,-3.652401051608486,"EGARCH(1,1)-Student-t"
2023-05-02,-1.571496347226521,-2.2539543676409535,-2.624242311964438,-3.4723613477990605,"EGARCH(1,1)-Student-t"
2023-05-03,-1.9859937464970405,-2.84845668710892,-3.3164116671682424,-4.3882303223151835,"EGARCH(1,1)-Student-t"
2023-05-04,-2.131606902832172,-3.0573056674369954,-3.5595711289816547,-4.709975579109121,"EGARCH(1,1)-Student-t"
2023-05-05,-2.268354470995266,-3.253438976349521,-3.78792594193758,-5.012131528076528,"EGARCH(1,1)-Student-t"
2023-05-08,-2.075699034546835,-2.9771185361530903,-3.4662105597477204,-4.586442157466453,"EGARCH(1,1)-Student-t"
2023-05-09,-1.9184349808691612,-2.7515589914011733,-3.203595260297387,-4.238953203799902,"EGARCH(1,1)-Student-t"
2023-05-10,-1.9718231570421851,-2.8281321969819224,-3.2927481947723063,-4.3569191409781025,"EGARCH(1,1)-Student-t"
2023-05-11,-1.819374442796076,-2.60947916229769,-3.038174032359984,-4.020070109286685,"EGARCH(1,1)-Student-t"
2023-05-12,-1.770375223899839,-2.5392009184843434,-2.9563502192104028,-3.911801964681756,"EGARCH(1,1)-Student-t"
2023-05-15,-1.7221920424922508,-2.4700930949936053,-2.8758891073548085,-3.8053369276939333,"EGARCH(1,1)-Student-t"
2023-05-16,-1.5969955742055844,-2.290527213720018,-2.6668234802114665,-3.528704164196388,"EGARCH(1,1)-Student-t"
2023-05-17,-1.7633821637684102,-2.5291709629873242,-2.9446725055972625,-3.8963501745798808,"EGARCH(1,1)-Student-t"
2023-05-18,-1.6277400970151321,-2.334623244607978,-2.71816376984075,-3.5966369295819454,"EGARCH(1,1)-Student-t"
2023-05-19,-1.5075050672100632,-2.1621734192864865,-2.5173832505912923,-3.3309669069417915,"EGARCH(1,1)-Student-t"
2023-05-22,-1.4813131036006155,-2.124606999944312,-2.4736452811975664,-3.273093427171433,"EGARCH(1,1)-Student-t"
2023-05-23,-1.3972947966166405,-2.004101832800559,-2.333343080332709,-3.0874474839316948,"EGARCH(1,1)-Student-t"
2023-05-24,-1.8217483750328223,-2.6128840285851243,-3.0421382626506883,-4.025315524305129,"EGARCH(1,1)-Student-t"
2023-05-25,-2.0013197395041504,-2.8704383410515306,-3.342004548369087,-4.422094470856444,"EGARCH(1,1)-Student-t"
2023-05-26,-1.8426356495277445,-2.642842076950323,-3.0770179297959084,-4.071467820328623,"EGARCH(1,1)-Student-t"
2023-05-30,-1.6976799944177798,-2.4349361327042653,-2.8349564295134257,-3.751175371137088,"EGARCH(1,1)-Student-t"
2023-05-31,-1.5971224916559819,-2.2907092479590148,-2.667035419707252,-3.528984599623361,"EGARCH(1,1)-Student-t"
2023-06-01,-1.751824669627836,-2.5125943642296455,-2.925372642000695,-3.870812860413054,"EGARCH(1,1)-Student-t"
2023-06-02,-1.618420247129919,-2.321256038001607,-2.702600549186055,-3.576043889982574,"EGARCH(1,1)-Student-t"
2023-06-05,-1.4959819706126356,-2.1456461559871745,-2.498140827464321,-3.305505597214614,"EGARCH(1,1)-Student-t"
2023-06-06,-1.4922215590433783,-2.1402527001922476,-2.49186131484066,-3.297196632444858,"EGARCH(1,1)-Student-t"
2023-06-07,-1.3904188807795146,-1.9942398941711925,-2.321860986018499,-3.0722545345966914,"EGARCH(1,1)-Student-t"
2023-06-08,-1.4712814934540879,-2.1102189349996228,-2.456893491828084,-3.2509276897896906,"EGARCH(1,1)-Student-t"
2023-06-09,-1.3686723815063346,-1.9630494831313003,-2.2855464991089365,-3.0242037047876384,"EGARCH(1,1)-Student-t"
2023-06-12,-1.279998703483487,-1.8358672442243358,-2.137470292482205,-2.828271304004697,"EGARCH(1,1)-Student-t"
2023-06-13,-1.1934217068427,-1.7116922182625287,-1.9928953348448348,-2.6369717077475605,"EGARCH(1,1)-Student-t"
2023-06-14,-1.1169004196777934,-1.60193982225649,-1.8651124100556478,-2.4678910984898965,"EGARCH(1,1)-Student-t"
2023-06-15,-1.051011640412094,-1.5074373424597314,-1.7550847140079329,-2.322303963795208,"EGARCH(1,1)-Student-t"
2023-06-16,-0.9860261741899009,-1.414230459934549,-1.6465654607344584,-2.17871277984057,"EGARCH(1,1)-Student-t"
2023-06-20,-1.1042279025053028,-1.5837639763626383,-1.8439505690995184,-2.4398900414802913,"EGARCH(1,1)-Student-t"
2023-06-21,-1.256411578970631,-1.802036874583534,-2.0980821448269764,-2.7761534485551995,"EGARCH(1,1)-Student-t"
2023-06-22,-1.413343641975283,-2.027120254164088,-2.3601430529337613,-3.1229088392180158,"EGARCH(1,1)-Student-t"
2023-06-23,-1.3185188091657138,-1.891115581643431,-2.201795030729955,-2.913384913285533,"EGARCH(1,1)-Student-t"
2023-06-26,-1.5779007691393563,-2.263140055388893,-2.63493705840594,-3.4865124892537476,"EGARCH(1,1)-Student-t"
2023-06-27,-1.6654602028905412,-2.388724164114285,-2.7811525881251353,-3.6799828679341515,"EGARCH(1,1)-Student-t"
2023-06-28,-1.5412171278939146,-2.210525708844555,-2.573679032777621,-3.4054567119482475,"EGARCH(1,1)-Student-t"
2023-06-29,-1.469980878590268,-2.1083534985586794,-2.454721594602087,-3.248053865240577,"EGARCH(1,1)-Student-t"
2023-06-30,-1.3693145741607915,-1.9639705625477013,-2.2866188968521657,-3.02562268673762,"EGARCH(1,1)-Student-t"
2023-07-03,-1.2737977405875611,-1.8269733721975134,-2.1271153023257665,-2.814569723395267,"EGARCH(1,1)-Student-t"
2023-07-05,-1.1936675858719545,-1.71204487585087,-1.9933059283236765,-2.63751499939372,"EGARCH(1,1)-Student-t"
2023-07-06,-1.2190912551537603,-1.7485093515846624,-2.0357609227450464,-2.6936908643196364,"EGARCH(1,1)-Student-t"
2023-07-07,-1.5050346139827981,-2.158630115573771,-2.5132578398640195,-3.3255082201856685,"EGARCH(1,1)-Student-t"
2023-07-10,-1.5345958420930343,-2.201028979134281,-2.5626221452519546,-3.3908263903898908,"EGARCH(1,1)-Student-t"
2023-07-11,-1.4291513194981653,-2.049792775075665,-2.386540299279672,-3.1578373126604147,"EGARCH(1,1)-Student-t"
2023-07-12,-1.3308991036226812,-1.9088723004631791,-2.222468888868977,-2.940740278140573,"EGARCH(1,1)-Student-t"
2023-07-13,-1.2416021192787818,-1.7807960702929249,-2.073351822793921,-2.7434306264458637,"EGARCH(1,1)-Student-t"
2023-07-14,-1.1602692151905432,-1.664142503311274,-1.9375339771845506,-2.5637183204270317,"EGARCH(1,1)-Student-t"
2023-07-17,-1.1515664226063724,-1.6516603251691588,-1.9230011807374334,-2.544488723972341,"EGARCH(1,1)-Student-t"
2023-07-18,-1.0811053477008323,-1.5505999263891632,-1.8053382065663832,-2.3887986942384667,"EGARCH(1,1)-Student-t"
2023-07-19,-1.0152706870854562,-1.4561750674971448,-1.695400883272188,-2.243331139528746,"EGARCH(1,1)-Student-t"
2023-07-20,-0.9574493734591496,-1.3732435337263156,-1.5988450509794085,-2.1155697897366843,"EGARCH(1,1)-Student-t"
2023-07-21,-1.2242883088800502,-1.7559633440587203,-2.044439484620263,-2.705174218075726,"EGARCH(1,1)-Student-t"
2023-07-24,-1.1588542755591122,-1.662113093972945,-1.9351711689882545,-2.5605918851067586,"EGARCH(1,1)-Student-t"
2023-07-25,-1.087804977643926,-1.5602090229667436,-1.816525921003136,-2.4036021241668997,"EGARCH(1,1)-Student-t"
2023-07-26,-1.023796756922658,-1.4684037770212166,-1.7096385703409724,-2.2621702513113373,"EGARCH(1,1)-Student-t"
2023-07-27,-0.9945192613650103,-1.4264118633255771,-1.660748070044025,-2.1974790134894016,"EGARCH(1,1)-Student-t"
2023-07-28,-1.2382774215879024,-1.7760275470350317,-2.0677999089315096,-2.7360844103536013,"EGARCH(1,1)-Student-t"
2023-07-31,-1.1564726436558466,-1.6586971842637348,-1.9311940810216774,-2.555329456988373,"EGARCH(1,1)-Student-t"
2023-08-01,-1.0872330149124465,-1.5593886724142134,-1.8155708002333903,-2.402338321495849,"EGARCH(1,1)-Student-t"
2023-08-02,-1.1514917722152793,-1.651553256148383,-1.9228765220226633,-2.5443237772748275,"EGARCH(1,1)-Student-t"
2023-08-03,-1.7726460400065922,-2.5424578881177498,-2.9601422558387727,-3.916819535413604,"EGARCH(1,1)-Student-t"
2023-08-04,-1.7604042979221648,-2.5248998911886282,-2.9396997663561804,-3.88977031438378,"EGARCH(1,1)-Student-t"
2023-08-07,-1.8605813766140824,-2.6685811440618252,-3.106985505872079,-4.111120504983427,"EGARCH(1,1)-Student-t"
2023-08-08,-1.7175030791026156,-2.4633678426375125,-2.868059005714388,-3.7949762448554725,"EGARCH(1,1)-Student-t"
2023-08-09,-1.7782939103066489,-2.550558474513098,-2.9695736364716665,-3.929299008599724,"EGARCH(1,1)-Student-t"
2023-08-10,-1.949831094012774,-2.796589580541191,-3.256023640858437,-4.308325716146756,"EGARCH(1,1)-Student-t"
2023-08-11,-1.8147604654297598,-2.602861460350524,-3.030469149906708,-4.0098751147550775,"EGARCH(1,1)-Student-t"
2023-08-14,-1.742723356079392,-2.4995405983332186,-2.910174355252887,-3.8507026963419815,"EGARCH(1,1)-Student-t"
2023-08-15,-1.6143497139188048,-2.315417783190509,-2.695803164321805,-3.567049683784035,"EGARCH(1,1)-Student-t"
2023-08-16,-2.014837100156073,-2.889825922915243,-3.3645771937535085,-4.451962284889123,"EGARCH(1,1)-Student-t"
2023-08-17,-2.1785319895481248,-3.124609040010541,-3.637931348061982,-4.813660743660831,"EGARCH(1,1)-Student-t"
2023-08-18,-2.3282782373253688,-3.3393860007149314,-3.88799266075195,-5.14453843464454,"EGARCH(1,1)-Student-t"
2023-08-21,-2.166511481717888,-3.1073683533407683,-3.6178582977395424,-4.7871003594484876,"EGARCH(1,1)-Student-t"
2023-08-22,-1.9926010898672122,-2.8579334195709363,-3.3274452722238843,-4.402829836829303,"EGARCH(1,1)-Student-t"
2023-08-23,-1.9659161246234815,-2.81965990142525,-3.282884039224846,-4.343867025975034,"EGARCH(1,1)-Student-t"
2023-08-24,-1.8110678056156615,-2.5975651790509278,-3.0243027759632053,-4.001715853531419,"EGARCH(1,1)-Student-t"
2023-08-25,-2.2719137495457025,-3.258543952538976,-3.793869582461217,-5.019996071501271,"EGARCH(1,1)-Student-t"
2023-08-28,-2.0867757337531723,-2.9930055438443466,-3.4847075437117456,-4.610917112341889,"EGARCH(1,1)-Student-t"
2023-08-29,-1.9222987658268578,-2.7571007128289042,-3.210047396179353,-4.247490581291737,"EGARCH(1,1)-Student-t"
2023-08-30,-1.769176946012689,-2.537482261179058,-2.9543492145383268,-3.909154262810475,"EGARCH(1,1)-Student-t"
2023-08-31,-1.6399043715005979,-2.3520701318718826,-2.7384768961521453,-3.623514979042191,"EGARCH(1,1)-Student-t"
2023-09-01,-1.606417714064461,-2.3040411320469167,-2.6825575149297456,-3.549523222616257,"EGARCH(1,1)-Student-t"
2023-09-05,-1.495203527958617,-2.1445296569109407,-2.496840905798121,-3.30378555873787,"EGARCH(1,1)-Student-t"
2023-09-06,-1.5793527685726678,-2.2652226185907107,-2.6373617527786437,-3.489720811511801,"EGARCH(1,1)-Student-t"
2023-09-07,-1.7714434799807794,-2.5407330890577238,-2.9581341004218134,-3.9141623717750056,"EGARCH(1,1)-Student-t"
2023-09-08,-1.7861503881198293,-2.561826806451982,-2.982693171580192,-3.946658597081412,"EGARCH(1,1)-Student-t"
2023-09-11,-1.6569753291665705,-2.376554541052305,-2.7669836944605617,-3.661234782638205,"EGARCH(1,1)-Student-t"
2023-09-12,-1.5367073727015481,-2.204057489920111,-2.566148190969878,-3.395492005606011,"EGARCH(1,1)-Student-t"
2023-09-13,-1.6786879392943,-2.407696345814786,-2.8032415898740224,-3.7092107313576643,"EGARCH(1,1)-Student-t"
2023-09-14,-1.560465242798759,-2.2381327552975723,-2.6058214667374533,-3.4479871386536827,"EGARCH(1,1)-Student-t"
2023-09-15,-1.4487204094160107,-2.0778601872391933,-2.4192187295284464,-3.2010769622862343,"EGARCH(1,1)-Student-t"
2023-09-18,-1.9054875183105764,-2.7329887988357924,-3.18197428794274,-4.210344630436146,"EGARCH(1,1)-Student-t"
2023-09-19,-1.7647777845696069,-2.531172663854132,-2.9470030532720455,-3.899433923221621,"EGARCH(1,1)-Student-t"
2023-09-20,-1.7390760633333897,-2.494309385782566,-2.9040837397926142,-3.842643677701768,"EGARCH(1,1)-Student-t"
2023-09-21,-2.0175373749633594,-2.893698853454633,-3.3690863836194076,-4.457928782925089,"EGARCH(1,1)-Student-t"
2023-09-22,-2.589203658109253,-3.7136242182216606,-4.323712114186667,-5.721076424940973,"EGARCH(1,1)-Student-t"
2023-09-25,-2.4764354771833013,-3.551883890681251,-4.13540048854947,-5.471905070899993,"EGARCH(1,1)-Student-t"
2023-09-26,-2.270689223137507,-3.2567876476955604,-3.791824745374465,-5.01729037118152,"EGARCH(1,1)-Student-t"
2023-09-27,-2.717847627583152,-3.8981347564600095,-4.538534724794878,-6.0053267498093525,"EGARCH(1,1)-Student-t"
2023-09-28,-2.499203979420998,-3.5845401327106217,-4.173421618574794,-5.522214107416041,"EGARCH(1,1)-Student-t"
2023-09-29,-2.2897103637581315,-3.284069151120646,-3.8235881548959463,-5.059319277961147,"EGARCH(1,1)-Student-t"
2023-10-02,-2.227246888020216,-3.194479490790869,-3.719280374433652,-4.9213006569288344,"EGARCH(1,1)-Student-t"
2023-10-03,-2.0690603120667235,-2.9675967974891653,-3.455124554705173,-4.571773308010082,"EGARCH(1,1)-Student-t"
2023-10-04,-2.5002455424965455,-3.5860340182340886,-4.175160925126956,-5.524515533933009,"EGARCH(1,1)-Student-t"
2023-10-05,-2.2892009048071396,-3.2833384480364494,-3.822737409211579,-5.058193582968068,"EGARCH(1,1)-Student-t"
2023-10-06,-2.174620211148203,-3.1189984828970565,-3.6313990679136885,-4.805017320377655,"EGARCH(1,1)-Student-t"
2023-10-09,-1.9973527107567914,-2.8647485398709884,-3.3353800056458582,-4.4133289670025855,"EGARCH(1,1)-Student-t"
2023-10-10,-1.842843188967991,-2.643139745111389,-3.077364499981361,-4.071926397233193,"EGARCH(1,1)-Student-t"
2023-10-11,-1.70525999734228,-2.445807924247759,-2.847614279106518,-3.767924063692238,"EGARCH(1,1)-Student-t"
2023-10-12,-1.582250715445349,-2.2693790647844283,-2.642201035297204,-3.4961240836074903,"EGARCH(1,1)-Student-t"
2023-10-13,-1.741264546672265,-2.4974482677716154,-2.9077382889024745,-3.847479326839371,"EGARCH(1,1)-Student-t"
2023-10-16,-1.8305384108047327,-2.625491337252932,-3.056816746528197,-4.044737892364731,"EGARCH(1,1)-Student-t"
2023-10-17,-1.6904409244423713,-2.424553331994911,-2.8228679039738873,-3.73518000034225,"EGARCH(1,1)-Student-t"
2023-10-18,-1.5957532378280395,-2.288745364523112,-2.6647489022505315,-3.5259591111608115,"EGARCH(1,1)-Student-t"
2023-10-19,-2.087175674992592,-2.99357916866058,-3.4853754057304114,-4.611800818182888,"EGARCH(1,1)-Student-t"
2023-10-20,-2.278746869633223,-3.2683445103914104,-3.8052802121378644,-5.035094459810383,"EGARCH(1,1)-Student-t"
2023-10-23,-2.6237472852905785,-3.763169200936334,-4.3813965295643715,-5.797403650294635,"EGARCH(1,1)-Student-t"
2023-10-24,-2.4849150480027276,-3.564045907931815,-4.14956052689185,-5.49064143895536,"EGARCH(1,1)-Student-t"
2023-10-25,-2.2765388816139285,-3.2651776533709844,-3.8015930921552,-5.030215713341685,"EGARCH(1,1)-Student-t"
2023-10-26,-2.7013027851145743,-3.874404939963906,-4.510906486442651,-5.968769444668488,"EGARCH(1,1)-Student-t"
2023-10-27,-2.953770279226742,-4.236512183831055,-4.932502045104986,-6.526618891584456,"EGARCH(1,1)-Student-t"
2023-10-30,-2.8914167162346764,-4.147080168356135,-4.828377807976273,-6.388843132567693,"EGARCH(1,1)-Student-t"
2023-10-31,-2.6330152593645835,-3.7764620034809617,-4.396873122783386,-5.817882065662113,"EGARCH(1,1)-Student-t"
2023-11-01,-2.40867345998269,-3.4546946767839164,-4.022244671804658,-5.322178849905869,"EGARCH(1,1)-Student-t"
2023-11-02,-2.206616160970039,-3.1648894014314997,-3.6848291159581144,-4.875715225367088,"EGARCH(1,1)-Student-t"
2023-11-03,-2.0212384193659756,-2.899007160540954,-3.375266758990274,-4.4661065706449365,"EGARCH(1,1)-Student-t"
2023-11-06,-1.8623671370926418,-2.6711424116316245,-3.1099675479335445,-4.115066302040557,"EGARCH(1,1)-Student-t"
2023-11-07,-1.725259532303229,-2.47449271200153,-2.881011509686634,-3.812114820034063,"EGARCH(1,1)-Student-t"
2023-11-08,-1.6012527249783914,-2.296633129012159,-2.673932497808694,-3.538110718542719,"EGARCH(1,1)-Student-t"
2023-11-09,-1.4908985926805374,-2.13835520560562,-2.4896520928384582,-3.2942734202650303,"EGARCH(1,1)-Student-t"
2023-11-10,-1.7424492663476379,-2.4991474789033816,-2.9097166527118574,-3.850097070632414,"EGARCH(1,1)-Student-t"
2023-11-13,-1.6075225295431326,-2.305625738767756,-2.684402446692495,-3.551964410959685,"EGARCH(1,1)-Student-t"
2023-11-14,-1.5483644291787455,-2.220776888222873,-2.5856143137479606,-3.421249311636005,"EGARCH(1,1)-Student-t"
2023-11-15,-1.4321918381043894,-2.0541537080199177,-2.3916176623870378,-3.164555609717961,"EGARCH(1,1)-Student-t"
2023-11-16,-1.337539522614169,-1.9183964723871199,-2.233557726916479,-2.9554128761901506,"EGARCH(1,1)-Student-t"
2023-11-17,-1.252439188722217,-1.7963393835481978,-2.0914486489312205,-2.767376097986545,"EGARCH(1,1)-Student-t"
2023-11-20,-1.1752562013265935,-1.6856379289409564,-1.9625607506902345,-2.596833403049187,"EGARCH(1,1)-Student-t"
2023-11-21,-1.1012365538719884,-1.5794735665700255,-1.83895531494749,-2.4332803898635733,"EGARCH(1,1)-Student-t"
2023-11-22,-1.13662816476207,-1.6302347891998672,-1.8980557786235572,-2.511481310857091,"EGARCH(1,1)-Student-t"
2023-11-24,-1.0677652469558072,-1.5314665835773358,-1.783061567563851,-2.359322551780661,"EGARCH(1,1)-Student-t"
2023-11-27,-1.007795914545181,-1.4454542050248838,-1.6829187579353273,-2.2268149628934966,"EGARCH(1,1)-Student-t"
2023-11-28,-1.0499094186791182,-1.5058564558776317,-1.753244113542048,-2.319868506564242,"EGARCH(1,1)-Student-t"
2023-11-29,-0.9914464646801736,-1.4220046348131572,-1.655616805761646,-2.1906893951381385,"EGARCH(1,1)-Student-t"
2023-11-30,-0.9952775992726295,-1.427499526712159,-1.6620144187870258,-2.1991546287357457,"EGARCH(1,1)-Student-t"
2023-12-01,-0.9386260360791681,-1.34624573409664,-1.5674119531601813,-2.073977946860191,"EGARCH(1,1)-Student-t"
2023-12-04,-0.885215462961372,-1.2696404051886052,-1.4782216180191814,-1.9559625216348353,"EGARCH(1,1)-Student-t"
2023-12-05,-1.0930288913403976,-1.5677015399637584,-1.82524933635216,-2.415144827422863,"EGARCH(1,1)-Student-t"
2023-12-06,-1.0738057208852725,-1.5401302706549216,-1.7931485571378305,-2.3726695177039865,"EGARCH(1,1)-Student-t"
2023-12-07,-1.1909086136871534,-1.7080877572631572,-1.9886987196860832,-2.631418804266659,"EGARCH(1,1)-Student-t"
2023-12-08,-1.1134416873952797,-1.5969790568379567,-1.8593366717807551,-2.46024872101229,"EGARCH(1,1)-Student-t"
2023-12-11,-1.046644784368807,-1.5011740798889996,-1.7477924995403167,-2.31265500586866,"EGARCH(1,1)-Student-t"
2023-12-12,-0.9857472094745058,-1.4138303484485808,-1.6460996174565043,-2.178096382419827,"EGARCH(1,1)-Student-t"
2023-12-13,-0.9293643547017137,-1.3329619569951188,-1.5519458681173854,-2.0535134357670146,"EGARCH(1,1)-Student-t"
2023-12-14,-0.8720821498761238,-1.250803652279612,-1.4562902938036268,-1.9269432949555982,"EGARCH(1,1)-Student-t"
2023-12-15,-0.8261187829242632,-1.1848796481446557,-1.3795360509011239,-1.8253831360026231,"EGARCH(1,1)-Student-t"
2023-12-18,-0.8099072140781418,-1.1616278369193125,-1.3524643462901655,-1.7895622286567017,"EGARCH(1,1)-Student-t"
2023-12-19,-0.768521049941493,-1.1022687899954453,-1.2833535760049044,-1.6981158075845864,"EGARCH(1,1)-Student-t"
2023-12-20,-0.7310659268684399,-1.0485479280984187,-1.2208072525968912,-1.6153553723691558,"EGARCH(1,1)-Student-t"
2023-12-21,-1.5726683331032514,-2.2556353150324835,-2.6261994115989156,-3.4749509551282194,"EGARCH(1,1)-Student-t"
2023-12-22,-1.464291055095252,-2.100192739839557,-2.445220156313934,-3.2354816927282064,"EGARCH(1,1)-Student-t"
2023-12-26,-1.3640399882599274,-1.9564053677893858,-2.2778108639709136,-3.013968018726377,"EGARCH(1,1)-Student-t"
2023-12-27,-1.2741647268822558,-1.8274997306349678,-2.1277281328704563,-2.8153806123465004,"EGARCH(1,1)-Student-t"
2023-12-28,-1.1940137083345594,-1.7125413098627615,-1.9938839183477015,-2.638279787847015,"EGARCH(1,1)-Student-t"
2023-12-29,-1.13039243171658,-1.621291047295452,-1.8876427257819328,-2.4977029025008983,"EGARCH(1,1)-Student-t"
2024-01-02,-1.1958891478300786,-1.7152312016016968,-1.9970157154316444,-2.6424237386909795,"EGARCH(1,1)-Student-t"
2024-01-03,-1.3749430801882587,-1.972043375294796,-2.2960179410793407,-3.03805937283627,"EGARCH(1,1)-Student-t"
2024-01-04,-1.6383767731587742,-2.349879139216614,-2.7359259591350944,-3.6201396142527837,"EGARCH(1,1)-Student-t"
2024-01-05,-1.6746530098111825,-2.401909156460101,-2.7965036596878803,-3.7002951947717864,"EGARCH(1,1)-Student-t"
2024-01-08,-1.5566441056375369,-2.2326522024416318,-2.599440548426064,-3.4395439952721003,"EGARCH(1,1)-Student-t"
2024-01-09,-1.444917952674909,-2.072406427200554,-2.412869005657294,-3.192675094959096,"EGARCH(1,1)-Student-t"
2024-01-10,-1.426556793215838,-2.0460715167626367,-2.382207698913401,-3.152104475422516,"EGARCH(1,1)-Student-t"
2024-01-11,-1.331152206829795,-1.9092353194928733,-2.2228915460050085,-2.9412995322520685,"EGARCH(1,1)-Student-t"
2024-01-12,-1.293937445855839,-1.8558592024016694,-2.160746603352195,-2.8590701985335354,"EGARCH(1,1)-Student-t"
2024-01-16,-1.2145011121307152,-1.7419258345862627,-2.0280958412701184,-2.683548533895375,"EGARCH(1,1)-Student-t"
2024-01-17,-1.3085091224569394,-1.8767589608878197,-2.1850798513170133,-2.891267617694953,"EGARCH(1,1)-Student-t"
2024-01-18,-1.471759152479296,-2.110904028317218,-2.457691134805018,-3.2519831200103755,"EGARCH(1,1)-Student-t"
2024-01-19,-1.3701566006874861,-1.9651782582390482,-2.288024997250075,-3.027483219452364,"EGARCH(1,1)-Student-t"
2024-01-22,-1.276156293963568,-1.8303561810042581,-2.131053851451424,-2.8197811574491998,"EGARCH(1,1)-Student-t"
2024-01-23,-1.196998664015751,-1.7168225504184338,-1.9988684969066952,-2.644875313665803,"EGARCH(1,1)-Student-t"
2024-01-24,-1.1246429988125302,-1.6130447924260645,-1.8780417457203271,-2.4849990176824446,"EGARCH(1,1)-Student-t"
2024-01-25,-1.060353465626515,-1.5208360676816792,-1.770684631272727,-2.3429455598445394,"EGARCH(1,1)-Student-t"
2024-01-26,-0.9983477963298782,-1.4319030266496025,-1.6671413419503667,-2.2059385029779817,"EGARCH(1,1)-Student-t"
2024-01-29,-0.9909567140741564,-1.4213021988708558,-1.6547989710495967,-2.1896072474911543,"EGARCH(1,1)-Student-t"
2024-01-30,-0.9335755284999069,-1.3390019287660262,-1.5589781087482708,-2.0628183998870506,"EGARCH(1,1)-Student-t"
2024-01-31,-0.9297559885504008,-1.333523666747306,-1.5525998576212972,-2.054378785687217,"EGARCH(1,1)-Student-t"
2024-02-01,-1.7614104588758437,-2.526343000413856,-2.9413799548923807,-3.8919935167548103,"EGARCH(1,1)-Student-t"
2024-02-02,-1.6315065023055124,-2.3400252970337068,-2.7244532913814563,-3.604959138013129,"EGARCH(1,1)-Student-t"
2024-02-05,-1.515040838686392,-2.1729817708697357,-2.529967238073273,-3.3476178661670115,"EGARCH(1,1)-Student-t"
2024-02-06,-1.5550552052490372,-2.2303732859320737,-2.5967872430993566,-3.436033178142766,"EGARCH(1,1)-Student-t"
2024-02-07,-1.4479963220298373,-2.07682164844176,-2.4180095757434508,-3.1994770266219774,"EGARCH(1,1)-Student-t"
2024-02-08,-1.349186169486845,-1.9351009404779107,-2.2530064666922507,-2.9811471812704764,"EGARCH(1,1)-Student-t"
2024-02-09,-1.264683429261314,-1.8139009639427375,-2.1118953105841585,-2.79443083957481,"EGARCH(1,1)-Student-t"
2024-02-12,-1.1842440674766392,-1.6985289803267396,-1.9775695915869056,-2.6166928949746313,"EGARCH(1,1)-Student-t"
2024-02-13,-1.171623788820732,-1.680428058713062,-1.9564949837482917,-2.5888072636267982,"EGARCH(1,1)-Student-t"
2024-02-14,-1.765330413002458,-2.5319652837492437,-2.9479258876896,-3.900655005035342,"EGARCH(1,1)-Student-t"
2024-02-15,-1.6343439508523951,-2.3440949721280777,-2.7291915477241413,-3.6112287336618576,"EGARCH(1,1)-Student-t"
2024-02-16,-1.5179713178529128,-2.1771848772455904,-2.5348608462809445,-3.354093021267636,"EGARCH(1,1)-Student-t"
2024-02-20,-1.6240460284225684,-2.3293249427358362,-2.711995043377584,-3.5884745555366124,"EGARCH(1,1)-Student-t"
2024-02-21,-1.7680473958998586,-2.5358621782467776,-2.9524629784011545,-3.906658421086684,"EGARCH(1,1)-Student-t"
2024-02-22,-1.6412558332286895,-2.3540084965840298,-2.7407337025749654,-3.626501154273166,"EGARCH(1,1)-Student-t"
2024-02-23,-1.5163771370860095,-2.174898387233245,-2.5321987232484537,-3.3505705366712393,"EGARCH(1,1)-Student-t"
2024-02-26,-1.4236971524394395,-2.0419700119584903,-2.3774323837587152,-3.1457858440632505,"EGARCH(1,1)-Student-t"
2024-02-27,-1.4989245818056678,-2.149866662997903,-2.5030546949474006,-3.312007559109924,"EGARCH(1,1)-Student-t"
2024-02-28,-1.399156709934704,-2.0067723243119295,-2.3364522900480837,-3.0915615474801124,"EGARCH(1,1)-Student-t"
2024-02-29,-1.3934295732422333,-1.9985580482909555,-2.326888542438164,-3.078906928129839,"EGARCH(1,1)-Student-t"
2024-03-01,-1.3012521161535813,-1.86635043459228,-2.1729613738970213,-2.875232614983691,"EGARCH(1,1)-Student-t"
2024-03-04,-1.2155912454830333,-1.743489383133547,-2.0299162553448222,-2.685957280771063,"EGARCH(1,1)-Student-t"
2024-03-05,-1.2098065788454013,-1.735192593480648,-2.0202564384589135,-2.673175543875609,"EGARCH(1,1)-Student-t"
2024-03-06,-1.604052556631302,-2.300648851221043,-2.6786079376866883,-3.5442971963090018,"EGARCH(1,1)-Student-t"
2024-03-07,-1.4914332293585566,-2.1391220204172794,-2.4905448828181878,-3.295454747691687,"EGARCH(1,1)-Student-t"
2024-03-08,-1.3864098492271424,-1.9884898495125285,-2.3151663027961655,-3.0633962217987443,"EGARCH(1,1)-Student-t"
2024-03-11,-1.5818153497114256,-2.268754631581494,-2.641474017902504,-3.495162104186221,"EGARCH(1,1)-Student-t"
2024-03-12,-1.5373176578056311,-2.2049328052068957,-2.567167306283332,-3.3968404849774685,"EGARCH(1,1)-Student-t"
2024-03-13,-1.4272981429550768,-2.0471348144824537,-2.3834456791079512,-3.1537425537955754,"EGARCH(1,1)-Student-t"
2024-03-14,-1.4287359535776898,-2.049197027059911,-2.3858466795805975,-3.156919524610829,"EGARCH(1,1)-Student-t"
2024-03-15,-1.4669215150609725,-2.1039655368550285,-2.449612762350948,-3.241293928644644,"EGARCH(1,1)-Student-t"
2024-03-18,-1.6500069404825612,-2.36655997113971,-2.755347179706286,-3.645837506299957,"EGARCH(1,1)-Student-t"
2024-03-19,-1.5321130626529718,-2.197467996270596,-2.5584761509775253,-3.3853404677671635,"EGARCH(1,1)-Student-t"
2024-03-20,-1.4263365760402682,-2.045755665271425,-2.3818399581732,-3.1516178859309654,"EGARCH(1,1)-Student-t"
2024-03-21,-1.328384985426702,-1.9052663692762606,-2.2182705619948413,-2.935185109741408,"EGARCH(1,1)-Student-t"
2024-03-22,-1.2437698291489006,-1.7839051574620775,-2.0769716822808793,-2.748220374751373,"EGARCH(1,1)-Student-t"
2024-03-25,-1.2433192844051928,-1.7832589534192302,-2.076219317452315,-2.7472248559541033,"EGARCH(1,1)-Student-t"
2024-03-26,-1.3079020739916447,-1.8758882878238092,-2.1840661408678286,-2.8899262899655884,"EGARCH(1,1)-Student-t"
2024-03-27,-1.3556901901463987,-1.9444294799929407,-2.2638675331164992,-2.9955183950396838,"EGARCH(1,1)-Student-t"
2024-03-28,-1.2643124929352303,-1.8133689400829502,-2.1112758838806402,-2.7936112226769017,"EGARCH(1,1)-Student-t"
2024-04-01,-1.187563668337849,-1.7032901933407905,-1.9831129942516301,-2.62402784916713,"EGARCH(1,1)-Student-t"
2024-04-02,-1.2162524605102671,-1.7444377458206213,-2.031020418555151,-2.687418294350383,"EGARCH(1,1)-Student-t"
2024-04-03,-1.4648327839658979,-2.100969726789749,-2.446124789548666,-3.236678690987055,"EGARCH(1,1)-Student-t"
2024-04-04,-1.3693403069534007,-1.964007470390596,-2.286661868051742,-3.02567954563811,"EGARCH(1,1)-Student-t"
2024-04-05,-1.8451800983457975,-2.6464915105215883,-3.0812669057866877,-4.07709000694258,"EGARCH(1,1)-Student-t"
2024-04-08,-1.703384134402705,-2.443117425174558,-2.844481774913195,-3.7637791772108633,"EGARCH(1,1)-Student-t"
2024-04-09,-1.6193436464067403,-2.3225804444100224,-2.704142533968488,-3.578084223046713,"EGARCH(1,1)-Student-t"
2024-04-10,-1.5086071067028093,-2.1637540444863936,-2.519223546734153,-3.333401961496715,"EGARCH(1,1)-Student-t"
2024-04-11,-1.8198599135805624,-2.610175459808649,-3.0389847201965297,-4.0211428002862615,"EGARCH(1,1)-Student-t"
2024-04-12,-1.6833427964170602,-2.4143726804821286,-2.811014737447197,-3.7194960533573793,"EGARCH(1,1)-Student-t"
2024-04-15,-2.216107288085011,-3.178502266299039,-3.7006783525200064,-4.896686717282574,"EGARCH(1,1)-Student-t"
2024-04-16,-2.544948299530532,-3.6501499639314305,-4.249810075076997,-5.623290262833154,"EGARCH(1,1)-Student-t"
2024-04-17,-2.429394497797501,-3.4844142964108875,-4.056846740258338,-5.367963831157283,"EGARCH(1,1)-Student-t"
2024-04-18,-2.4689670267889072,-3.5411720958904698,-4.1229289205662765,-5.455402863609969,"EGARCH(1,1)-Student-t"
2024-04-19,-2.3684492968411432,-3.3970022562080744,-3.955074327396474,-5.23329997367636,"EGARCH(1,1)-Student-t"
2024-04-22,-2.535112965865146,-3.6360434129926213,-4.233386047873532,-5.601558215843248,"EGARCH(1,1)-Student-t"
2024-04-23,-2.3201761798010314,-3.3277654404914934,-3.874463031995981,-5.126636215886726,"EGARCH(1,1)-Student-t"
2024-04-24,-2.1267140444606967,-3.050287974067171,-3.551400543038177,-4.699164372122002,"EGARCH(1,1)-Student-t"
2024-04-25,-1.9775552887070798,-2.8363536371556677,-3.3023202834884624,-4.36958479716547,"EGARCH(1,1)-Student-t"
2024-04-26,-2.0228534196944175,-2.9013235114828175,-3.3779636486160207,-4.46967505791954,"EGARCH(1,1)-Student-t"
2024-04-29,-1.8631348703722104,-2.6722435505440507,-3.111249586011522,-4.1167626771992385,"EGARCH(1,1)-Student-t"
2024-04-30,-1.7261601958627506,-2.4757845091904582,-2.8825155280866213,-3.814104916502931,"EGARCH(1,1)-Student-t"
2024-05-01,-2.3087876604323543,-3.3114311976424435,-3.8554453394314048,-5.101472266550002,"EGARCH(1,1)-Student-t"
2024-05-02,-2.2727913188426645,-3.259802626256727,-3.7953350357439013,-5.021935139137136,"EGARCH(1,1)-Student-t"
2024-05-03,-2.087200598738227,-2.9936149161094567,-3.485417025902157,-4.611855889421927,"EGARCH(1,1)-Student-t"
2024-05-06,-1.918651303670137,-2.7518692572970758,-3.203956497820061,-4.23943118832343,"EGARCH(1,1)-Student-t"
2024-05-07,-1.7698675717603538,-2.538472806860632,-2.955502490721216,-3.9106802619998584,"EGARCH(1,1)-Student-t"
2024-05-08,-1.6444145734020914,-2.3585389914990498,-2.7460084839196197,-3.6334806724280875,"EGARCH(1,1)-Student-t"
2024-05-09,-1.5534593084705255,-2.2280843346910615,-2.5941222544984672,-3.4325069018656618,"EGARCH(1,1)-Student-t"
2024-05-10,-1.4459609870245294,-2.0739024229323135,-2.414610769090557,-3.194979772387358,"EGARCH(1,1)-Student-t"
2024-05-13,-1.3517833460484407,-1.9388260000142403,-2.257343492760819,-2.9868858745368083,"EGARCH(1,1)-Student-t"
2024-05-14,-1.2973529760617306,-1.8607580042595073,-2.166450198463893,-2.866617117169464,"EGARCH(1,1)-Student-t"
2024-05-15,-1.2141208307583873,-1.741380407381418,-2.0274608092705364,-2.682708268284265,"EGARCH(1,1)-Student-t"
2024-05-16,-1.1343708063274185,-1.6269971215386643,-1.8942862149666408,-2.5064934760521007,"EGARCH(1,1)-Student-t"
2024-05-17,-1.170463131085481,-1.6787633589660202,-1.9545568009813195,-2.586242686836644,"EGARCH(1,1)-Student-t"
2024-05-20,-1.1020935999273243,-1.58070280436183,-1.840386496461646,-2.4351741095665074,"EGARCH(1,1)-Student-t"
2024-05-21,-1.0397972010979706,-1.4913527778870408,-1.7363577177886804,-2.297524659865978,"EGARCH(1,1)-Student-t"
2024-05-22,-0.981162156560375,-1.4072541320546268,-1.6384430359562716,-2.1679652990452207,"EGARCH(1,1)-Student-t"
2024-05-23,-1.0577711578881062,-1.5171323340930827,-1.766372434657313,-2.3372397205692534,"EGARCH(1,1)-Student-t"
2024-05-24,-1.336038418929193,-1.9162434802958526,-2.231051033336368,-2.9520960537082215,"EGARCH(1,1)-Student-t"
2024-05-28,-1.247186416278087,-1.788805475236183,-2.0826770423491663,-2.7557696287535935,"EGARCH(1,1)-Student-t"
2024-05-29,-1.1853167104720232,-1.7000674429319074,-1.9793607985083135,-2.6190629953466322,"EGARCH(1,1)-Student-t"
2024-05-30,-1.4441525934209938,-2.0713086932884,-2.4115909319656037,-3.190983965421846,"EGARCH(1,1)-Student-t"
2024-05-31,-1.6082072132221379,-2.306607761902248,-2.6855458002128056,-3.553477280618366,"EGARCH(1,1)-Student-t"
2024-06-03,-1.49217988255614,-2.140192924742814,-2.4917917192597234,-3.2971045445289975,"EGARCH(1,1)-Student-t"
2024-06-04,-1.3944361246104011,-2.000001717477041,-2.328569382927659,-3.0811309931565054,"EGARCH(1,1)-Student-t"
2024-06-05,-1.305681127187319,-1.8727028443713043,-2.1803573810054084,-2.885018909905514,"EGARCH(1,1)-Student-t"
2024-06-06,-1.2150441774765015,-1.7427047384063126,-2.029002706285165,-2.6847484852152528,"EGARCH(1,1)-Student-t"
2024-06-07,-1.1726085738887329,-1.6818405090882256,-1.9581394766853575,-2.5909832340718144,"EGARCH(1,1)-Student-t"
2024-06-10,-1.1682716308920957,-1.6756201499847938,-1.9508972140250342,-2.5814003716899143,"EGARCH(1,1)-Student-t"
2024-06-11,-1.0991080814414436,-1.5764207565907362,-1.8354009780749017,-2.4285773401805604,"EGARCH(1,1)-Student-t"
2024-06-12,-1.0357444662340116,-1.485540050760037,-1.7295900543907068,-2.2885697807029914,"EGARCH(1,1)-Student-t"
2024-06-13,-0.9725487585164315,-1.3949001700644257,-1.624059519483834,-2.1489332278006503,"EGARCH(1,1)-Student-t"
2024-06-14,-0.9202379915992144,-1.3198722632062276,-1.536705751110306,-2.0333479224719775,"EGARCH(1,1)-Student-t"
2024-06-17,-0.9106623420469068,-1.306138170111125,-1.5207153705000946,-2.012189670692275,"EGARCH(1,1)-Student-t"
2024-06-18,-0.8589335221839036,-1.2319449340473558,-1.4343333957204154,-1.89789022928628,"EGARCH(1,1)-Student-t"
2024-06-20,-0.8153949595815075,-1.1694987606841962,-1.361628334467829,-1.8016878918223052,"EGARCH(1,1)-Student-t"
2024-06-21,-0.9006157561296579,-1.2917286258267697,-1.5039385730857318,-1.9899908430093691,"EGARCH(1,1)-Student-t"
2024-06-24,-0.9381937876173426,-1.3456257719120908,-1.566690141299272,-2.0730228553296652,"EGARCH(1,1)-Student-t"
2024-06-25,-1.0340493541363476,-1.4831087976916388,-1.7267593860929003,-2.2848242793287734,"EGARCH(1,1)-Student-t"
2024-06-26,-0.9749031628385258,-1.3982770279962577,-1.6279911401028804,-2.154135494149891,"EGARCH(1,1)-Student-t"
2024-06-27,-0.9231729048100148,-1.324081729210909,-1.5416067637301054,-2.0398328749889303,"EGARCH(1,1)-Student-t"
2024-06-28,-0.8762730164868117,-1.2568144980051088,-1.4632886234548383,-1.9362033885335546,"EGARCH(1,1)-Student-t"
2024-07-01,-1.0229523691798414,-1.467192694701959,-1.708228526947417,-2.2603045012789647,"EGARCH(1,1)-Student-t"
2024-07-02,-0.9658596465690628,-1.385306159161365,-1.612889369051902,-2.134153038321917,"EGARCH(1,1)-Student-t"
2024-07-03,-0.9103621448660836,-1.305707605478847,-1.5202140711205325,-2.0115263582453524,"EGARCH(1,1)-Student-t"
2024-07-05,-0.8603008650852211,-1.2339060766932974,-1.4366167221200818,-1.9009114953860082,"EGARCH(1,1)-Student-t"
2024-07-08,-0.8142479591043986,-1.1678536491701743,-1.3597129579611098,-1.7991534919621661,"EGARCH(1,1)-Student-t"
2024-07-09,-0.7754332567881567,-1.1121827798304018,-1.2948962726889142,-1.7133889451421167,"EGARCH(1,1)-Student-t"
2024-07-10,-0.7398635050636713,-1.0611660546583694,-1.2354983315697996,-1.6347944060858266,"EGARCH(1,1)-Student-t"
2024-07-11,-0.7006099673918167,-1.0048657757318655,-1.169948834980405,-1.5480602134059152,"EGARCH(1,1)-Student-t"
2024-07-12,-1.1242533363473712,-1.612485910175526,-1.8773910482304732,-2.4841380237099835,"EGARCH(1,1)-Student-t"
2024-07-15,-1.0567423172011596,-1.515656695944739,-1.7646543732264222,-2.3349664053046646,"EGARCH(1,1)-Student-t"
2024-07-16,-0.9964239754538767,-1.4291437428156468,-1.6639287527818625,-2.201687649158495,"EGARCH(1,1)-Student-t"
2024-07-17,-0.939881120017686,-1.348045866772717,-1.5695078182777418,-2.0767511667687475,"EGARCH(1,1)-Student-t"
2024-07-18,-1.6228789694169448,-2.3276510618212147,-2.7100461711269284,-3.5858958345686127,"EGARCH(1,1)-Student-t"
2024-07-19,-1.8467469909539942,-2.648738861871849,-3.0838834603132,-4.080552195918365,"EGARCH(1,1)-Student-t"
2024-07-22,-2.0120118344675624,-2.8857737213624977,-3.3598592815703743,-4.44571960835261,"EGARCH(1,1)-Student-t"
2024-07-23,-1.8542470339553363,-2.659495969077478,-3.0964077848020297,-4.097124209891324,"EGARCH(1,1)-Student-t"
2024-07-24,-1.7956514906146803,-2.5754539787349264,-2.99855906603251,-3.967652130488488,"EGARCH(1,1)-Student-t"
2024-07-25,-2.7946448393339396,-4.008282903577137,-4.666778416148657,-6.175017039050436,"EGARCH(1,1)-Student-t"
2024-07-26,-2.7604261412421867,-3.9592039577972034,-4.609636599973776,-6.0994077735020245,"EGARCH(1,1)-Student-t"
2024-07-29,-2.515872010275975,-3.6084466349508926,-4.201255569257502,-5.559043608284363,"EGARCH(1,1)-Student-t"
2024-07-30,-2.305303563327107,-3.306434052150176,-3.849627244429963,-5.093773843234166,"EGARCH(1,1)-Student-t"
2024-07-31,-2.3262093252786182,-3.336418616570343,-3.8845377837855493,-5.1399669889419695,"EGARCH(1,1)-Student-t"
2024-08-01,-2.130242361002671,-3.0553485422919953,-3.5572924800928156,-4.70696050222741,"EGARCH(1,1)-Student-t"
2024-08-02,-2.547882334584895,-3.654358170420274,-4.254709621263048,-5.629773274985132,"EGARCH(1,1)-Student-t"
2024-08-05,-3.120668127096808,-4.475889216950169,-5.211204820920791,-6.89539457279915,"EGARCH(1,1)-Student-t"
2024-08-06,-4.175426245144018,-5.988700030142965,-6.9725457792707815,-9.2259767130938,"EGARCH(1,1)-Student-t"
2024-08-07,-3.7505714721517647,-5.379342411915576,-6.2630806419868135,-8.287222197520245,"EGARCH(1,1)-Student-t"
2024-08-08,-3.6927875280581515,-5.296464476246696,-6.166587213090037,-8.159543419043821,"EGARCH(1,1)-Student-t"
2024-08-09,-3.3273801417203637,-4.772370624003331,-5.556393288029811,-7.352143206654578,"EGARCH(1,1)-Student-t"
2024-08-12,-3.016323487290207,-4.326230544789024,-5.03695966960979,-6.664835784193688,"EGARCH(1,1)-Student-t"
2024-08-13,-2.7658207506018364,-3.966941298930295,-4.6186450600717555,-6.111327644050869,"EGARCH(1,1)-Student-t"
2024-08-14,-2.51754037688024,-3.610839527687262,-4.204041575246321,-5.5627300131053685,"EGARCH(1,1)-Student-t"
2024-08-15,-2.3045288708027774,-3.3053229317827166,-3.8483335851066713,-5.09206209100346,"EGARCH(1,1)-Student-t"
2024-08-16,-2.111067806133741,-3.0278470009930474,-3.525272884063251,-4.664592612982468,"EGARCH(1,1)-Student-t"
2024-08-19,-1.944533097293456,-2.7889908082842085,-3.2471765142430806,-4.296619319844027,"EGARCH(1,1)-Student-t"
2024-08-20,-1.7932986113294556,-2.5720793081218996,-2.9946299920730772,-3.9624532338442355,"EGARCH(1,1)-Student-t"
2024-08-21,-1.7570412169475311,-2.5200763158332773,-2.9340837562345077,-3.882339287002491,"EGARCH(1,1)-Student-t"
2024-08-22,-1.6271445218062444,-2.3337690273228406,-2.71716921858654,-3.5953209530359618,"EGARCH(1,1)-Student-t"
2024-08-23,-1.902256254818932,-2.728354285702596,-3.1765783998830286,-4.203204865540896,"EGARCH(1,1)-Student-t"
2024-08-26,-1.7543008721043358,-2.5161459139337987,-2.9295076534013202,-3.876284250648162,"EGARCH(1,1)-Student-t"
2024-08-27,-1.7684509779401136,-2.536441024964392,-2.9531369201944364,-3.907550171601867,"EGARCH(1,1)-Student-t"
2024-08-28,-1.6398794754865251,-2.3520344241976296,-2.7384353222893463,-3.6234599690785134,"EGARCH(1,1)-Student-t"
2024-08-29,-1.78232223954601,-2.5563361973181036,-2.976300544908401,-3.9381999613583183,"EGARCH(1,1)-Student-t"
2024-08-30,-1.6762923850908595,-2.404260467729995,-2.7992412530534074,-3.7039175406752527,"EGARCH(1,1)-Student-t"
2024-09-03,-1.5525841744991957,-2.2268291538944713,-2.592660867966927,-3.4305732152989994,"EGARCH(1,1)-Student-t"
2024-09-04,-2.500162331938944,-3.5859146715998627,-4.175021971787074,-5.5243316727840766,"EGARCH(1,1)-Student-t"
2024-09-05,-2.3711705213369503,-3.400905234314566,-3.9596185011547234,-5.2393127619177084,"EGARCH(1,1)-Student-t"
2024-09-06,-2.3103121808835003,-3.3136177757630243,-3.857991136677713,-5.1048408304654265,"EGARCH(1,1)-Student-t"
2024-09-09,-2.869301428826992,-4.115360814549072,-4.791447481629079,-6.339977432481633,"EGARCH(1,1)-Student-t"
2024-09-10,-2.61124884107315,-3.7452430231362337,-4.360525373098122,-5.769787223005564,"EGARCH(1,1)-Student-t"
2024-09-11,-2.3883806793000417,-3.4255892946861737,-3.988357750089055,-5.2773401409860865,"EGARCH(1,1)-Student-t"
2024-09-12,-2.187304318488814,-3.1371909522530643,-3.652580263295705,-4.833043986897501,"EGARCH(1,1)-Student-t"
2024-09-13,-2.0108665719751007,-2.8841311025924727,-3.357946807324838,-4.443189048724566,"EGARCH(1,1)-Student-t"
2024-09-16,-1.8551512259583454,-2.660792827016706,-3.097917695351058,-4.099122102770794,"EGARCH(1,1)-Student-t"
2024-09-17,-1.718941750990431,-2.4654312905041698,-2.870461444414104,-3.798155118713011,"EGARCH(1,1)-Student-t"
2024-09-18,-1.6093247021325094,-2.3082105457806628,-2.6874118953436814,-3.555946472039534,"EGARCH(1,1)-Student-t"
2024-09-19,-1.6296272089324157,-2.3373298777832288,-2.7213150587059696,-3.600806671682913,"EGARCH(1,1)-Student-t"
2024-09-20,-1.5069127422727395,-2.1613238637772425,-2.516394126966729,-3.3296581121607343,"EGARCH(1,1)-Student-t"
2024-09-23,-1.5011770768294508,-2.1530973552014867,-2.5068161371927693,-3.3169846477748117,"EGARCH(1,1)-Student-t"
2024-09-24,-1.4000224363683014,-2.008014012133624,-2.3378979669290016,-3.093474447253056,"EGARCH(1,1)-Student-t"
2024-09-25,-1.3086406612107366,-1.8769476233362934,-2.185299507928998,-2.891558264303982,"EGARCH(1,1)-Student-t"
2024-09-26,-1.320059731881287,-1.8933256850847102,-2.204368218123493,-2.916789719467199,"EGARCH(1,1)-Student-t"
2024-09-27,-1.2351157049977286,-1.7714927831265812,-2.0625201572674237,-2.7290983155403428,"EGARCH(1,1)-Student-t"
2024-09-30,-1.2301458664933391,-1.7643646792508016,-2.054221022172477,-2.7181170140833575,"EGARCH(1,1)-Student-t"
2024-10-01,-1.1534189862370072,-1.6543174066787478,-1.926094777406429,-2.5485821285524457,"EGARCH(1,1)-Student-t"
2024-10-02,-1.5179730932840607,-2.177187423698083,-2.5348638110740533,-3.354096944241116,"EGARCH(1,1)-Student-t"
2024-10-03,-1.433925509644901,-2.0566402658459584,-2.3945127211122386,-3.1683863116204347,"EGARCH(1,1)-Student-t"
2024-10-04,-1.426035089616731,-2.0453232515134703,-2.3813365058867695,-3.1509517247872734,"EGARCH(1,1)-Student-t"
2024-10-07,-1.327643649728644,-1.904203091695326,-2.2170326052476637,-2.9335470623935898,"EGARCH(1,1)-Student-t"
2024-10-08,-1.6753816481325718,-2.402954222539844,-2.79772041308122,-3.701905186133321,"EGARCH(1,1)-Student-t"
2024-10-09,-1.5513930107705565,-2.2251207002327877,-2.590671743230691,-3.427941232795491,"EGARCH(1,1)-Student-t"
2024-10-10,-1.441872339868595,-2.068038187783994,-2.407783135743377,-3.1859455418120777,"EGARCH(1,1)-Student-t"
2024-10-11,-1.4483008798247448,-2.0772584673839374,-2.418518156914031,-3.2001499742346615,"EGARCH(1,1)-Student-t"
2024-10-14,-1.3497846717384245,-1.9359593559405817,-2.2540059058160975,-2.982469625378363,"EGARCH(1,1)-Student-t"
2024-10-15,-1.259573638492536,-1.806572130349618,-2.1033624691528834,-2.7831403011067066,"EGARCH(1,1)-Student-t"
2024-10-16,-1.5226729293670604,-2.18392827046185,-2.5427120690290095,-3.364481651265349,"EGARCH(1,1)-Student-t"
2024-10-17,-1.417903937423677,-2.03366096159989,-2.3677582919331104,-3.1329852187638503,"EGARCH(1,1)-Student-t"
2024-10-18,-1.3550988256137066,-1.9435813019658763,-2.2628800132719737,-2.9942117223583224,"EGARCH(1,1)-Student-t"
2024-10-21,-1.2673202804318793,-1.8176829276890765,-2.1162985892964272,-2.800257197428411,"EGARCH(1,1)-Student-t"
2024-10-22,-1.2817393246264046,-1.8383637696756432,-2.1403769563509476,-2.8321173616735527,"EGARCH(1,1)-Student-t"
2024-10-23,-1.2434112786973048,-1.7833908983243965,-2.0763729387535963,-2.7474281255478963,"EGARCH(1,1)-Student-t"
2024-10-24,-1.5844367809775768,-2.27251447897932,-2.6458515469108796,-3.5009543903856515,"EGARCH(1,1)-Student-t"
2024-10-25,-1.4755997602769317,-2.116412507376145,-2.464104567139114,-3.260469285499785,"EGARCH(1,1)-Student-t"
2024-10-28,-1.411848945332073,-2.024976451518153,-2.3576470584749862,-3.1196061736663414,"EGARCH(1,1)-Student-t"
2024-10-29,-1.3196655440496987,-1.892760312224476,-2.2037099637226216,-2.9159187262939756,"EGARCH(1,1)-Student-t"
2024-10-30,-1.2370271413262948,-1.774234304141786,-2.0657120654757386,-2.7333218045976384,"EGARCH(1,1)-Student-t"
2024-10-31,-1.3129672500464358,-1.8831531317489738,-2.19252448017227,-2.901118248243757,"EGARCH(1,1)-Student-t"
2024-11-01,-2.1737938250048257,-3.1178132197811026,-3.630019085397471,-4.803191346484884,"EGARCH(1,1)-Student-t"
2024-11-04,-2.000138703799446,-2.8687444137384595,-3.34003233642364,-4.419484867125182,"EGARCH(1,1)-Student-t"
2024-11-05,-1.9746261665282356,-2.8321524770702426,-3.297428941314997,-4.363112640450153,"EGARCH(1,1)-Student-t"
2024-11-06,-1.8174222127739812,-2.606679132000002,-3.034914002748264,-4.01575648292497,"EGARCH(1,1)-Student-t"
2024-11-07,-1.6671401583457421,-2.391133678423609,-2.783957946340275,-3.6836948793549604,"EGARCH(1,1)-Student-t"
2024-11-08,-1.5454340557206614,-2.216573933461747,-2.580720882062845,-3.4147743901075995,"EGARCH(1,1)-Student-t"
2024-11-11,-1.43834495372659,-2.06297895400648,-2.4018927523639797,-3.1781514675083877,"EGARCH(1,1)-Student-t"
2024-11-12,-1.3446216408230243,-1.9285541614566304,-2.245384158644947,-2.971061448057577,"EGARCH(1,1)-Student-t"
2024-11-13,-1.3938671177511983,-1.9991856064515323,-2.3276191981700847,-3.079873721748897,"EGARCH(1,1)-Student-t"
2024-11-14,-1.319435077057824,-1.8924297597011754,-2.2033251068105097,-2.9154094889190736,"EGARCH(1,1)-Student-t"
2024-11-15,-1.5041241663451823,-2.157324285348372,-2.5117374830285257,-3.3234965049235674,"EGARCH(1,1)-Student-t"
2024-11-18,-2.0048456436651496,-2.8754954492640907,-3.3478924569878723,-4.429885270590916,"EGARCH(1,1)-Student-t"
2024-11-19,-1.850490410781419,-2.654107946874706,-3.0901345984211015,-4.088823615918975,"EGARCH(1,1)-Student-t"
2024-11-20,-1.7129361532031737,-2.456817625326536,-2.860432694522464,-3.7848852147366485,"EGARCH(1,1)-Student-t"
2024-11-21,-1.6145177581272305,-2.3156588044173203,-2.6960837814055223,-3.567420992451147,"EGARCH(1,1)-Student-t"
2024-11-22,-1.5000674740703572,-2.1515058822148525,-2.504963211148732,-3.314532881508293,"EGARCH(1,1)-Student-t"
2024-11-25,-1.3989906167008719,-2.0065341013147893,-2.336174930897538,-3.091194549665382,"EGARCH(1,1)-Student-t"
2024-11-26,-1.3081316941309524,-1.8762176257295604,-2.184449583620536,-2.890433656144209,"EGARCH(1,1)-Student-t"
2024-11-27,-1.2229330944929713,-1.7540195970100956,-2.042176411630859,-2.7021797510100027,"EGARCH(1,1)-Student-t"
2024-11-29,-1.3220166430244753,-1.8961324293867627,-2.2076360647410005,-2.9211136891834992,"EGARCH(1,1)-Student-t"
2024-12-02,-1.2356571451061467,-1.7722693559129823,-2.063424308298009,-2.730294675753293,"EGARCH(1,1)-Student-t"
2024-12-03,-1.1605478189713596,-1.6645420971186162,-1.9379992177377228,-2.56433392033063,"EGARCH(1,1)-Student-t"
2024-12-04,-1.100021555169777,-1.577730927055552,-1.8369263881803661,-2.430595741860012,"EGARCH(1,1)-Student-t"
2024-12-05,-1.0334802910844172,-1.4822926060704331,-1.7258091074990702,-2.2835668837583216,"EGARCH(1,1)-Student-t"
2024-12-06,-1.0727049484424718,-1.5385514627502082,-1.7913103768421268,-2.370237262808931,"EGARCH(1,1)-Student-t"
2024-12-09,-1.011885105610221,-1.4513192202872047,-1.6897472995565177,-2.2358503952844595,"EGARCH(1,1)-Student-t"
2024-12-10,-1.2395955563366188,-1.777918111769243,-2.0700010626195575,-2.738996946651068,"EGARCH(1,1)-Student-t"
2024-12-11,-1.302481428868785,-1.86811360430535,-2.175014203639557,-2.877948891075688,"EGARCH(1,1)-Student-t"
2024-12-12,-1.215397630736794,-1.7432116867814706,-2.0295929380108695,-2.6855294717199043,"EGARCH(1,1)-Student-t"
2024-12-13,-1.3841938031492935,-1.9853114350384027,-2.311465726658641,-3.058499670330938,"EGARCH(1,1)-Student-t"
2024-12-16,-1.3201263225910913,-1.893421194324342,-2.204479417973598,-2.9169368575800267,"EGARCH(1,1)-Student-t"
2024-12-17,-1.2357388239611624,-1.7723865056679475,-2.0635607038471955,-2.7304751524687427,"EGARCH(1,1)-Student-t"
2024-12-18,-1.335728391874432,-1.9157988169433742,-2.2305333190468035,-2.9514110212780644,"EGARCH(1,1)-Student-t"
2024-12-19,-3.0178648484045016,-4.3284412770136385,-5.03953358908551,-6.668241559056431,"EGARCH(1,1)-Student-t"
2024-12-20,-2.7982140631509402,-4.01340214399129,-4.672738664276483,-6.182903557428713,"EGARCH(1,1)-Student-t"
2024-12-23,-2.5470501495624824,-3.6531645901302134,-4.253319955196657,-5.627934487951905,"EGARCH(1,1)-Student-t"
2024-12-24,-2.328479975457425,-3.339675348217819,-3.8883295433307814,-5.1449841930412195,"EGARCH(1,1)-Student-t"
2024-12-26,-2.132063164993451,-3.0579600718159936,-3.560333041327865,-4.710983731050476,"EGARCH(1,1)-Student-t"
2024-12-27,-2.004678093853559,-2.8752551371371813,-3.347612665497606,-4.42951505433771,"EGARCH(1,1)-Student-t"
2024-12-30,-2.3209106044973544,-3.3288188058110517,-3.8756894480588913,-5.128258992759789,"EGARCH(1,1)-Student-t"
2021-12-29,-1.5830837494032077,-1.9852508890429146,-2.238985557443409,-2.565126313839636,HAR-RV
2021-12-30,-1.2190496834249884,-1.5287374838629229,-1.7241252309130544,-1.975269105004799,HAR-RV
2021-12-31,-1.0558281546216042,-1.324051101800055,-1.4932779079003717,-1.710795517504118,HAR-RV
2022-01-03,-0.9593256917992731,-1.2030331201644744,-1.3567926331330877,-1.5544291807078425,HAR-RV
2022-01-04,-0.7948776196722046,-0.9968086032905382,-1.1242105864910694,-1.2879681818931157,HAR-RV
2022-01-05,-0.7762307801311955,-0.9734247142255509,-1.0978380054826276,-1.257754051532281,HAR-RV
2022-01-06,-1.1340375490822316,-1.422128837701899,-1.6038909469892717,-1.8375209518319282,HAR-RV
2022-01-07,-1.1081391190069048,-1.389651161551638,-1.5672623031029491,-1.795556814117546,HAR-RV
2022-01-10,-1.1080771820352115,-1.3895734900903742,-1.5671747044619135,-1.7954564554625159,HAR-RV
2022-01-11,-1.0096503645510635,-1.2661422900734882,-1.4279677781731412,-1.6359720190824076,HAR-RV
2022-01-12,-1.1724570997994064,-1.4703085042840704,-1.6582284507452463,-1.899773501987707,HAR-RV
2022-01-13,-0.8314070735673803,-1.0426180122046202,-1.1758748902421667,-1.347158141648581,HAR-RV
2022-01-14,-1.0921979945480764,-1.3696603483579814,-1.5447164665695503,-1.7697268491286764,HAR-RV
2022-01-18,-1.0406313190137264,-1.3049936568527793,-1.471784733292454,-1.6861715499347727,HAR-RV
2022-01-19,-1.3601919761481411,-1.705735613125399,-1.9237454689899853,-2.2039669292331765,HAR-RV
2022-01-20,-1.3914865477656952,-1.7449802684693676,-1.9680059788363509,-2.254674624998981,HAR-RV
2022-01-21,-1.559306730781522,-1.955433548440886,-2.2053572662597705,-2.52659957376405,HAR-RV
2022-01-24,-1.6528827628398537,-2.072781667835671,-2.337703634151204,-2.6782241118012933,HAR-RV
2022-01-25,-1.7027890089651299,-2.135366113874201,-2.408286990428364,-2.759088958786908,HAR-RV
2022-01-26,-1.5579713146361238,-1.953758882719067,-2.203468561721018,-2.5244357519853358,HAR-RV
2022-01-27,-1.4040375409545145,-1.760719720280346,-1.9857570880192545,-2.2750114409795628,HAR-RV
2022-01-28,-1.2672591929750594,-1.5891941537836907,-1.7923088602723543,-2.0533846700030556,HAR-RV
2022-01-31,-1.3640208650934715,-1.710537194333992,-1.929160739693687,-2.210171012744323,HAR-RV
2022-02-01,-1.7283768002080466,-2.1674542363963325,-2.444476291885956,-2.800549757468585,HAR-RV
2022-02-02,-1.6451398698295236,-2.063071767624569,-2.3267527128057637,-2.6656780297550777,HAR-RV
2022-02-03,-1.8108130503452413,-2.2708326198431497,-2.561067453621115,-2.9341241148081134,HAR-RV
2022-02-04,-2.203946438172981,-2.7638377485937258,-3.117083506358018,-3.5711319789504996,HAR-RV
2022-02-07,-1.8610006663480403,-2.333769915059566,-2.632048756685557,-3.015444875308744,HAR-RV
2022-02-08,-1.5333171194618904,-1.9228415273316877,-2.168599662999577,-2.4844876918705094,HAR-RV
2022-02-09,-1.5658951861041346,-1.9636957372174224,-2.214675444352845,-2.5372750797958448,HAR-RV
2022-02-10,-1.672036985709078,-2.096801836063908,-2.3647938170833527,-2.709260373225566,HAR-RV
2022-02-11,-1.5587832197466924,-1.954777044482892,-2.204616854612827,-2.52575131040999,HAR-RV
2022-02-14,-1.8591339662760007,-2.3314289978598346,-2.6294086471506377,-3.0124201954858094,HAR-RV
2022-02-15,-1.8906549940084976,-2.3709576383079956,-2.6739894382019256,-3.0634948260645,HAR-RV
2022-02-16,-2.019288406657067,-2.5322691273037394,-2.855918128477079,-3.2719240716734115,HAR-RV
2022-02-17,-1.7707821318219932,-2.22063223302379,-2.504450961626592,-2.8692606086860497,HAR-RV
2022-02-18,-1.7979128360287921,-2.254655230649287,-2.5428224343330683,-2.9132214435440256,HAR-RV
2022-02-22,-1.5799613799721801,-1.9813353118087949,-2.234569530771599,-2.5600670287625973,HAR-RV
2022-02-23,-1.7018298275158505,-2.134163261639976,-2.4069304018001794,-2.757534763327431,HAR-RV
2022-02-24,-1.7436130146191053,-2.1865610639514794,-2.4660251606866948,-2.8252375318986127,HAR-RV
2022-02-25,-2.055070783743616,-2.577141671760039,-2.9065258272409507,-3.3299035165834114,HAR-RV
2022-02-28,-2.0700376939653267,-2.595910780997044,-2.9276938139874478,-3.3541549279576097,HAR-RV
2022-03-01,-2.0163803261249047,-2.528622276993982,-2.8518051746843014,-3.2672120064408383,HAR-RV
2022-03-02,-2.1122705494345815,-2.64887248558075,-2.98742454742521,-3.4225863100077447,HAR-RV
2022-03-03,-2.0960916915691232,-2.628583545104159,-2.964542479998047,-3.3963711372133782,HAR-RV
2022-03-04,-1.9103780428825947,-2.39569113729483,-2.7018841226079156,-3.0954527762835986,HAR-RV
2022-03-07,-1.6153938072457452,-2.0257690050813784,-2.2846822888367257,-2.617479437674567,HAR-RV
2022-03-08,-2.1586341774471056,-2.7070143455839353,-3.052997511300213,-3.4977109281871885,HAR-RV
2022-03-09,-2.0163616695344024,-2.528598880876818,-2.851778788312322,-3.2671817765106517,HAR-RV
2022-03-10,-2.142429729141665,-2.6866933136631963,-3.0300792508254295,-3.471454290302295,HAR-RV
2022-03-11,-2.17894641731032,-2.732486713841206,-3.0817254997658945,-3.5306235653018048,HAR-RV
2022-03-14,-2.2657431753460817,-2.8413333501113955,-3.204483811035429,-3.671263407052083,HAR-RV
2022-03-15,-1.8082690700514155,-2.267642365921379,-2.557469453743696,-2.930002014005776,HAR-RV
2022-03-16,-2.061179639931019,-2.584802423872268,-2.9151656991247026,-3.339801911257525,HAR-RV
2022-03-17,-1.9989262841807682,-2.5067342042372167,-2.827119590079781,-3.2389306080052576,HAR-RV
2022-03-18,-2.2011449330964896,-2.7603245482050163,-3.1131212842660196,-3.5665926016795417,HAR-RV
2022-03-21,-2.166949668518988,-2.7174423068648883,-3.064758269011239,-3.51118481102442,HAR-RV
2022-03-22,-2.0498087015044395,-2.570542808340791,-2.8990835639115233,-3.321377179538774,HAR-RV
2022-03-23,-1.8031383600445803,-2.2612082485815153,-2.5502129926695014,-2.9216885440126847,HAR-RV
2022-03-24,-1.6079338991187204,-2.016413979330569,-2.274131598412066,-2.605391885994076,HAR-RV
2022-03-25,-1.6501975632747699,-2.0694143192504493,-2.3339059051634967,-2.673873188443698,HAR-RV
2022-03-28,-1.5194121388580917,-1.9054041206776036,-2.1489335835769485,-2.461956962429518,HAR-RV
2022-03-29,-1.6390061385012844,-2.055379821082178,-2.3180776595356236,-2.655739329014817,HAR-RV
2022-03-30,-1.6308153020573621,-2.045108181733703,-2.306493203243759,-2.642467428458335,HAR-RV
2022-03-31,-1.5279174428811229,-1.9160701150570343,-2.1609627973670658,-2.4757384058717284,HAR-RV
2022-04-01,-1.535592934755663,-1.9256954915246514,-2.1718183919999134,-2.4881752754855238,HAR-RV
2022-04-04,-1.5119319066229382,-1.8960236076752535,-2.1383541483783084,-2.449836478881344,HAR-RV
2022-04-05,-1.5224997565409841,-1.9092761178175512,-2.1533004601881887,-2.466959938026008,HAR-RV
2022-04-06,-1.526606829910846,-1.914426553517467,-2.159109172432217,-2.473614773550581,HAR-RV
2022-04-07,-1.5754107356144078,-1.9756286201947906,-2.2281334676145144,-2.552693459555379,HAR-RV
2022-04-08,-1.3493411582325734,-1.6921282496982624,-1.908398950141211,-2.1863849670834177,HAR-RV
2022-04-11,-1.3043348765955765,-1.6356885568102222,-1.8447457071479365,-2.1134597050063735,HAR-RV
2022-04-12,-1.468272086398861,-1.84127243172011,-2.0766052314564236,-2.3790929356187034,HAR-RV
2022-04-13,-1.3026415765733435,-1.63356509026853,-1.8423508406125257,-2.110715991386742,HAR-RV
2022-04-14,-1.3142807826528884,-1.6481611242597076,-1.8588123918867603,-2.1295754066249426,HAR-RV
2022-04-18,-1.461849406315228,-1.8332181317812237,-2.067521512447398,-2.368686041040883,HAR-RV
2022-04-19,-1.4129561859473176,-1.7719040609115322,-1.9983708978308827,-2.289462635342121,HAR-RV
2022-04-20,-1.350964116144978,-1.6941635043963759,-1.9106943304883228,-2.1890147029068903,HAR-RV
2022-04-21,-1.3225799848461954,-1.6585686586297756,-1.8705501119259702,-2.1430228960189517,HAR-RV
2022-04-22,-1.3774451419857943,-1.727371779140569,-1.948146950683701,-2.231922841043835,HAR-RV
2022-04-25,-1.6923280251215516,-2.1222476181006473,-2.3934918213469745,-2.742138658503723,HAR-RV
2022-04-26,-1.8606783894255945,-2.3333657667970087,-2.631592954283994,-3.0149226786691656,HAR-RV
2022-04-27,-2.0712935441858566,-2.5974856678391025,-2.929469986920269,-3.3561898262680354,HAR-RV
2022-04-28,-2.1838258858902715,-2.7386057642957744,-3.0886266252955,-3.5385299399687833,HAR-RV
2022-04-29,-2.3309349346568586,-2.9230864463571122,-3.296685760310811,-3.776895909006963,HAR-RV
2022-05-02,-2.5144778783085617,-3.153256702478724,-3.5562740481456983,-4.0742970001735275,HAR-RV
2022-05-03,-2.621882340690291,-3.287946231387656,-3.7081782289373466,-4.248328230538335,HAR-RV
2022-05-04,-2.1112015186373387,-2.6475318778324612,-2.985912596767899,-3.420854121783751,HAR-RV
2022-05-05,-2.629851235315039,-3.297939546740956,-3.7194487886789434,-4.26124051095424,HAR-RV
2022-05-06,-2.9033884571435293,-3.6409662583890636,-4.106317701538458,-4.7044624982883665,HAR-RV
2022-05-09,-2.3472898447951294,-2.9435961634863923,-3.3198168218270934,-3.8033963454949107,HAR-RV
2022-05-10,-2.841972055744095,-3.563947613275684,-4.019455313003853,-4.604947341626303,HAR-RV
2022-05-11,-2.9091665074330826,-3.64821216655949,-4.114489708327972,-4.713824876523889,HAR-RV
2022-05-12,-2.6013333833666294,-3.2621770098849514,-3.679115446449975,-4.215032031791577,HAR-RV
2022-05-13,-1.9097661642882988,-2.3949238168522,-2.701018731035263,-3.094461327862948,HAR-RV
2022-05-16,-2.219498656696097,-2.783340858054135,-3.1390793058048803,-3.596331785964669,HAR-RV
2022-05-17,-1.69704033965265,-2.128157050634359,-2.4001565377154153,-2.7497741875825645,HAR-RV
2022-05-18,-2.0038185285660712,-2.512869276067118,-2.8340387846747017,-3.246857683759276,HAR-RV
2022-05-19,-2.4957188696060304,-3.1297321487598806,-3.529742824151544,-4.043901118172623,HAR-RV
2022-05-20,-2.725299237434605,-3.4176351921145325,-3.8544427195515834,-4.41589826796338,HAR-RV
2022-05-23,-2.2549079193896797,-2.827745502008878,-3.1891593017624786,-3.6537066604924444,HAR-RV
2022-05-24,-2.4827288673652013,-3.113442161886478,-3.5113708160885855,-4.022852960374687,HAR-RV
2022-05-25,-2.2508465319106934,-2.822652358259253,-3.183415203945758,-3.647125851424715,HAR-RV
2022-05-26,-1.5910489304715951,-1.9952395474467197,-2.2502508650313775,-2.5780325770494756,HAR-RV
2022-05-27,-1.82384972616881,-2.2871811372722877,-2.5795054730228335,-2.955247899454781,HAR-RV
2022-05-31,-2.3435528042179343,-2.9389097638369344,-3.3145314540232276,-3.797341087127144,HAR-RV
2022-06-01,-2.1400123948543572,-2.6836618789429543,-3.0266603688118683,-3.467537398481469,HAR-RV
2022-06-02,-2.075527194777935,-2.602794836482258,-2.935457719745205,-3.3630497593204947,HAR-RV
2022-06-03,-2.2333264285362673,-2.8006814418037496,-3.158636187399701,-3.6187374113286856,HAR-RV
2022-06-06,-2.19310799056576,-2.7502458980323183,-3.101754483072406,-3.5535700608467127,HAR-RV
2022-06-07,-1.768338687624233,-2.2175680554224733,-2.5009951518684117,-2.8653014100584113,HAR-RV
2022-06-08,-1.7665515941164271,-2.2153269680659062,-2.498467631416454,-2.86240571955316,HAR-RV
2022-06-09,-1.8374147240448504,-2.304192191869637,-2.598690708385558,-2.9772277429167127,HAR-RV
2022-06-10,-1.8909294323032293,-2.3713017950014166,-2.6743775815193875,-3.063939508091971,HAR-RV
2022-06-13,-2.1852752634907304,-2.740423342279854,-3.0906765076949196,-3.540878417503865,HAR-RV
2022-06-14,-2.943781518949701,-3.691620787495371,-4.1634463796889545,-4.769912797916937,HAR-RV
2022-06-15,-2.9501562294462857,-3.6996149316368343,-4.172462254395595,-4.780241965684634,HAR-RV
2022-06-16,-2.969051389920187,-3.723310225169828,-4.19918604043824,-4.810858459192383,HAR-RV
2022-06-17,-3.135808055951171,-3.9324298119362537,-4.435033175494448,-5.081060153957742,HAR-RV
2022-06-21,-2.6614878464164877,-3.337613133396831,-3.7641930514946664,-4.312502425333457,HAR-RV
2022-06-22,-2.2339375617776156,-2.8014478275437127,-3.1595005248054564,-3.6197276520277235,HAR-RV
2022-06-23,-2.271117459603932,-2.8480729193886924,-3.212084763821065,-3.679971548976389,HAR-RV
2022-06-24,-2.1463786152717543,-2.6916453761825947,-3.035664235837493,-3.4778528094750594,HAR-RV
2022-06-27,-2.0184196605740476,-2.531179684667292,-2.854689444313213,-3.270516411820647,HAR-RV
2022-06-28,-2.1444349528143123,-2.68920794504663,-3.032915276932193,-3.4747034247904613,HAR-RV
2022-06-29,-2.00363257335408,-2.512636080729179,-2.8337757846697196,-3.2465563739848218,HAR-RV
2022-06-30,-2.053109896367825,-2.5746826398815483,-2.903752506804919,-3.326726221757402,HAR-RV
2022-07-01,-1.9749236801963974,-2.4766339704894564,-2.7931722492127555,-3.2000383440273144,HAR-RV
2022-07-05,-1.5681476950824849,-1.966520474350586,-2.2178612107865154,-2.5409248993677434,HAR-RV
2022-07-06,-1.5706713585244079,-1.9696852501204158,-2.2214304761525727,-2.545014080059916,HAR-RV
2022-07-07,-1.189766505440826,-1.4920151972820794,-1.682709473466677,-1.9278205411316989,HAR-RV
2022-07-08,-1.4288397760660994,-1.7918227237216278,-2.020835362449201,-2.315199375414963,HAR-RV
2022-07-11,-1.3255351128894415,-1.662274508416498,-1.874729605911502,-2.147811193989513,HAR-RV
2022-07-12,-1.3003404356077684,-1.630679366661397,-1.8390962930312582,-2.1069873716944,HAR-RV
2022-07-13,-1.4689770751696554,-1.8421565160804683,-2.0776023105285595,-2.3802352537352327,HAR-RV
2022-07-14,-1.4802707182006172,-1.8563192000674669,-2.0935751253886563,-2.398534741004149,HAR-RV
2022-07-15,-1.200744875275085,-1.5057825159611584,-1.698236391428184,-1.9456091801443458,HAR-RV
2022-07-18,-1.4700058165787135,-1.8434465993105553,-2.0790572791353017,-2.381902159645616,HAR-RV
2022-07-19,-1.462605407242282,-1.8341661874435453,-2.068590738985619,-2.3699110159495094,HAR-RV
2022-07-20,-1.7629497055173624,-2.2108100544495404,-2.4933734116344204,-2.856569452692065,HAR-RV
2022-07-21,-1.8550691590629407,-2.326331565625717,-2.6236597127387573,-3.005833845302608,HAR-RV
2022-07-22,-1.9876777902251834,-2.492628139012217,-2.8112106304185893,-3.220704277372141,HAR-RV
2022-07-25,-1.7675365120035098,-2.216562094831437,-2.4998606195797635,-2.8640016166685713,HAR-RV
2022-07-26,-1.6600323386188478,-2.0817475243021266,-2.347815415613839,-2.689808821056506,HAR-RV
2022-07-27,-1.2899459987943318,-1.6176443235483877,-1.8243952426845433,-2.090144899906195,HAR-RV
2022-07-28,-1.6273535827410341,-2.040767046052822,-2.30159722755321,-2.636858282819144,HAR-RV
2022-07-29,-1.7541226643876706,-2.199740588758325,-2.4808891589145063,-2.842266687292791,HAR-RV
2022-08-01,-1.8324142310030507,-2.297921371857349,-2.5916184156499993,-2.9691252680548943,HAR-RV
2022-08-02,-1.9198726884078783,-2.407597805831679,-2.715312580964695,-3.1108372845805636,HAR-RV
2022-08-03,-1.7958847280944472,-2.252111901478451,-2.5399540425782754,-2.909935228881247,HAR-RV
2022-08-04,-1.550602303472608,-1.9445178454276089,-2.1930464286064746,-2.5124954838538245,HAR-RV
2022-08-05,-1.3873058267390481,-1.7397374756366317,-1.9620931053058812,-2.24790045558418,HAR-RV
2022-08-08,-1.1226523812991758,-1.407851377983337,-1.5877886869256828,-1.8190731637860935,HAR-RV
2022-08-09,-1.070061677969556,-1.3419005143099028,-1.5134086515957772,-1.7338585963161177,HAR-RV
2022-08-10,-1.0108721277483381,-1.2676744304131915,-1.4296957411784748,-1.6379516849894018,HAR-RV
2022-08-11,-1.0624181117081481,-1.3323151738491479,-1.502598209966833,-1.721473456896864,HAR-RV
2022-08-12,-1.1434177669246595,-1.4338920093080227,-1.6171575680905155,-1.8527200489272209,HAR-RV
2022-08-15,-1.4033616618931364,-1.759872140669986,-1.984801179364659,-2.273916290349681,HAR-RV
2022-08-16,-1.5256617626308917,-1.9132414010209917,-2.1577725457430557,-2.472083447776393,HAR-RV
2022-08-17,-1.4595652847074456,-1.830353751135385,-2.0642910356686444,-2.3649849984129476,HAR-RV
2022-08-18,-1.1474127127420335,-1.4389018325334901,-1.6228076961972828,-1.8591932002323068,HAR-RV
2022-08-19,-1.1650491619639034,-1.4610186513754984,-1.647751262895657,-1.8877701595995988,HAR-RV
2022-08-22,-1.037412859800065,-1.3009575791546295,-1.4672328050073427,-1.6809565672011713,HAR-RV
2022-08-23,-1.3794942400804284,-1.729941430819226,-1.951045029222755,-2.235243066802053,HAR-RV
2022-08-24,-1.4687692782308763,-1.8418959303359639,-2.077308419352567,-2.379898553042172,HAR-RV
2022-08-25,-1.3779440153129427,-1.7279973864191571,-1.9488525167504998,-2.232731183053046,HAR-RV
2022-08-26,-1.5690146719138884,-1.967607698274129,-2.2190873926640577,-2.5423296924398477,HAR-RV
2022-08-29,-1.9251458812005802,-2.414210602333287,-2.7227705581620003,-3.1193816244461003,HAR-RV
2022-08-30,-1.7409445047943637,-2.183214644973971,-2.4622510363172516,-2.8209136515146693,HAR-RV
2022-08-31,-1.8966412428265698,-2.378464635832662,-2.6824559041434646,-3.073194555703072,HAR-RV
2022-09-01,-2.0209607478546827,-2.534366310633807,-2.8582833525468674,-3.2746338249718954,HAR-RV
2022-09-02,-1.810753333408074,-2.270757732394746,-2.5609829948172753,-2.934027353353157,HAR-RV
2022-09-06,-1.2856521143116755,-1.6122596191763958,-1.8183223199186935,-2.0831873677609742,HAR-RV
2022-09-07,-1.269673887754774,-1.5922222784549236,-1.795724009179955,-2.0572972849368343,HAR-RV
2022-09-08,-1.373423548348603,-1.7223285384739822,-1.942459134056835,-2.2254065113384622,HAR-RV
2022-09-09,-1.4119330874783267,-1.770621054155946,-1.9969239101419642,-2.287804872886125,HAR-RV
2022-09-12,-1.6368334289672104,-2.0526551556715336,-2.31500475497884,-2.6522188112909224,HAR-RV
2022-09-13,-1.6374749951403222,-2.0534597055357025,-2.315912134260753,-2.653258363540346,HAR-RV
2022-09-14,-2.366040678315875,-2.96711046519746,-3.346336483505638,-3.8337789809610525,HAR-RV
2022-09-15,-2.2430246229406725,-2.812843368846911,-3.1723525288206322,-3.634451737038144,HAR-RV
2022-09-16,-2.310216249114484,-2.8971043788206954,-3.2673829279647175,-3.7433246936540496,HAR-RV
2022-09-19,-2.175737520460423,-2.7284626277329966,-3.0771870957143377,-3.525424076802746,HAR-RV
2022-09-20,-2.0998478260359104,-2.633293889261482,-2.96985485265434,-3.4024573340824373,HAR-RV
2022-09-21,-1.4191866866290592,-1.7797173601272387,-2.007182813844372,-2.2995581348715404,HAR-RV
2022-09-22,-1.6809313009846467,-2.107955666248134,-2.377373216911602,-2.7236721452910353,HAR-RV
2022-09-23,-1.644664044875427,-2.0624750639356426,-2.3260797444928145,-2.6649070338358825,HAR-RV
2022-09-26,-1.8319157938905661,-2.2972963116095477,-2.590913466529924,-2.9683176328596557,HAR-RV
2022-09-27,-1.9518952939741987,-2.447755445118908,-2.760602763118183,-3.1627246393758117,HAR-RV
2022-09-28,-1.7856489884691997,-2.2392758710418463,-2.5254774406933027,-2.8933498997322165,HAR-RV
2022-09-29,-1.719703514167559,-2.1565775857900125,-2.432209497922877,-2.786496126851569,HAR-RV
2022-09-30,-1.9985795353025675,-2.5062993671548566,-2.826629176524185,-3.2383687585945093,HAR-RV
2022-10-03,-1.9916659717958858,-2.4976294795994645,-2.816851191722204,-3.227166468330285,HAR-RV
2022-10-04,-2.2793824980466155,-2.8584376110371896,-3.2237741654158065,-3.693363681642911,HAR-RV
2022-10-05,-2.8770872570145753,-3.6079834923423615,-4.069119412279058,-4.661845738081096,HAR-RV
2022-10-06,-2.6386111104276377,-3.3089247835370177,-3.7318380472191253,-4.275434444892193,HAR-RV
2022-10-07,-2.380900050590139,-2.9857447175099003,-3.36735237728087,-3.8578561448143383,HAR-RV
2022-10-10,-2.5808497360108245,-3.2364896897167776,-3.65014503309648,-4.181841657084241,HAR-RV
2022-10-11,-2.317210935152566,-2.9058759973032373,-3.277275645910953,-3.7546584296109082,HAR-RV
2022-10-12,-1.8270434088303256,-2.2911861441744716,-2.5840223593574234,-2.9604227358689603,HAR-RV
2022-10-13,-1.8555847336919975,-2.326978117010689,-2.6243888997755627,-3.0066692490190823,HAR-RV
2022-10-14,-2.028372876090806,-2.5436614184738136,-2.8687664669600217,-3.286643957213605,HAR-RV
2022-10-17,-1.9832181383395773,-2.487035555629273,-2.8049032596513377,-3.213478146469941,HAR-RV
2022-10-18,-2.378656732222153,-2.9829315057729153,-3.364179609302825,-3.854221217111864,HAR-RV
2022-10-19,-2.551046948530435,-3.1991157918647497,-3.6079943820236595,-4.133551151657389,HAR-RV
2022-10-20,-2.638408920886867,-3.3086712296958383,-3.731552086693144,-4.2751068300634705,HAR-RV
2022-10-21,-2.2678449785239967,-2.8439690960907993,-3.2074564313795606,-3.6746690327116314,HAR-RV
2022-10-24,-2.199981577981578,-2.7588656539569882,-3.1114759289261977,-3.5647075764440004,HAR-RV
2022-10-25,-1.9689372737958302,-2.469126775349984,-2.7847055603992867,-3.1903383590522796,HAR-RV
2022-10-26,-2.0443694563792927,-2.563721775515149,-2.8913907357315933,-3.31256377923497,HAR-RV
2022-10-27,-2.0929705416787616,-2.624669497223236,-2.960128178145874,-3.3913138282010022,HAR-RV
2022-10-28,-2.065918118026819,-2.5907446665716476,-2.9218674191219915,-3.347479834081047,HAR-RV
2022-10-31,-2.010087745174322,-2.520731126616607,-2.8429054573618857,-3.257015916066978,HAR-RV
2022-11-01,-1.9774592120306556,-2.4798136297020887,-2.7967583002725824,-3.204146755493281,HAR-RV
2022-11-02,-1.730376086556283,-2.1699614221354215,-2.447303920721501,-2.8037892715010515,HAR-RV
2022-11-03,-1.9940388249412542,-2.500605133173185,-2.820207163207867,-3.231011285791368,HAR-RV
2022-11-04,-2.1236934569814254,-2.6631972724856605,-3.0035801835569287,-3.4410952491210502,HAR-RV
2022-11-07,-1.9106185690069726,-2.3959927667584884,-2.702224303295686,-3.0958425092279485,HAR-RV
2022-11-08,-1.970287690289875,-2.4708202521141733,-2.786615480217388,-3.1925264864238243,HAR-RV
2022-11-09,-1.9807527995863534,-2.4839439213720995,-2.801416484005542,-3.2094834713235336,HAR-RV
2022-11-10,-1.8419432972677792,-2.3098712053901185,-2.6050955559154407,-2.9845655494873777,HAR-RV
2022-11-11,-2.6598889766077627,-3.335608086152532,-3.761931739412272,-4.309911720312127,HAR-RV
2022-11-14,-2.777184972070489,-3.4827019966050496,-3.9278257042047198,-4.499970549848391,HAR-RV
2022-11-15,-2.734986708878151,-3.429783672132174,-3.86814389528434,-4.431595218881976,HAR-RV
2022-11-16,-2.769180102482716,-3.4726635671967574,-3.9165042643863917,-4.486999977933802,HAR-RV
2022-11-17,-2.48320993235981,-3.1140454367976087,-3.512051195490829,-4.023632446915941,HAR-RV
2022-11-18,-1.4761194182411623,-1.8511133024399418,-2.0877038626349713,-2.3918082435799577,HAR-RV
2022-11-21,-1.376585136461785,-1.726293297517746,-1.9469306284592425,-2.2305293438264484,HAR-RV
2022-11-22,-1.2708914765680632,-1.5937491839486997,-1.7974460682743567,-2.0592701869425447,HAR-RV
2022-11-23,-1.3124307165540816,-1.6458410667334846,-1.8561958080976175,-2.12657767941425,HAR-RV
2022-11-25,-1.2854855479246623,-1.6120507382071942,-1.8180867418988835,-2.0829174743819983,HAR-RV
2022-11-28,-1.2244386901351774,-1.5354955156894097,-1.7317470059439883,-1.984001102236768,HAR-RV
2022-11-29,-1.3917406654544597,-1.7452989423030996,-1.9683653823330067,-2.255086380833445,HAR-RV
2022-11-30,-1.3958639074723673,-1.750469654139966,-1.9741969622045195,-2.261767414987482,HAR-RV
2022-12-01,-1.6217178086310946,-2.0336995579515635,-2.2936264446796413,-2.6277264396846842,HAR-RV
2022-12-02,-1.6417051086004097,-2.058764438472641,-2.3218948644524144,-2.6601125652533564,HAR-RV
2022-12-05,-1.651751410205162,-2.0713629059889342,-2.3361035405298747,-2.6763909413107405,HAR-RV
2022-12-06,-1.6127425697112654,-2.0224442462526846,-2.280932592997014,-2.6131835441904117,HAR-RV
2022-12-07,-1.8938612886616712,-2.3749784611565317,-2.678524161916998,-3.068690098132626,HAR-RV
2022-12-08,-1.3608295990115173,-1.706535217920072,-1.9246472711736873,-2.205000091999056,HAR-RV
2022-12-09,-1.4634737555464448,-1.8352551312492584,-2.069818860563257,-2.3713180312671924,HAR-RV
2022-12-12,-1.5901623187494378,-1.9941277005780291,-2.2489969131531407,-2.576595968872857,HAR-RV
2022-12-13,-1.4704015080471406,-1.8439428123755794,-2.079616913130247,-2.382543312457782,HAR-RV
2022-12-14,-1.2791758426922069,-1.604138113289496,-1.8091628053778253,-2.0726936369315507,HAR-RV
2022-12-15,-1.3632509684351026,-1.7095717128639976,-1.9280718601574893,-2.2089235220932038,HAR-RV
2022-12-16,-1.6562519699051692,-2.0770067894215054,-2.342468767999695,-2.6836833565843143,HAR-RV
2022-12-19,-1.8025227613706651,-2.2604362630089616,-2.549342339717251,-2.9206910678161035,HAR-RV
2022-12-20,-1.711234385930299,-2.1459569573054,-2.4202314482369336,-2.7727733003082053,HAR-RV
2022-12-21,-1.6197606664805633,-2.0312452227366453,-2.290858421187166,-2.6245552133789722,HAR-RV
2022-12-22,-1.7466744196033397,-2.1904001893097953,-2.4703549641779947,-2.8301980341369433,HAR-RV
2022-12-23,-1.5528490276660563,-1.9473353282071264,-2.1962240135084645,-2.516135930135158,HAR-RV
2022-12-27,-1.4737011217304101,-1.848080661052681,-2.0842836197304306,-2.3878897926346205,HAR-RV
2022-12-28,-1.3790166977021772,-1.729342573411122,-1.9503696319240493,-2.234469288080057,HAR-RV
2022-12-29,-1.5822106720671052,-1.9841560148403625,-2.237750747505652,-2.563711635905068,HAR-RV
2022-12-30,-1.6122950982803617,-2.0218830990257244,-2.2802997256129984,-2.612458490482713,HAR-RV
2023-01-03,-1.4429956334848235,-1.8095747400229014,-2.040856261738768,-2.3381366093884783,HAR-RV
2023-01-04,-1.3542645697326718,-1.6983024063475105,-1.915362224981362,-2.1943625440104273,HAR-RV
2023-01-05,-1.4178634156030876,-1.7780579248751585,-2.005311286379795,-2.2974139922572654,HAR-RV
2023-01-06,-1.4084298064141914,-1.7662277983665642,-1.9919691528783507,-2.282128383284247,HAR-RV
2023-01-09,-1.4720286043287014,-1.845983256755572,-2.081918146451831,-2.3851797538264434,HAR-RV
2023-01-10,-1.5152047838404272,-1.9001279277456211,-2.1429830410847153,-2.4551396370217216,HAR-RV
2023-01-11,-1.552821514733176,-1.9473008258793238,-2.196185101442451,-2.516091349961729,HAR-RV
2023-01-12,-1.6392085506152376,-2.055633654039108,-2.3183639348511047,-2.6560673044867,HAR-RV
2023-01-13,-1.5110098606198767,-1.8948673247887629,-2.1370500811203814,-2.4483424552923103,HAR-RV
2023-01-17,-1.1194472963147781,-1.4038320721082485,-1.5832556740682453,-1.8138798517868577,HAR-RV
2023-01-18,-1.1446674578237226,-1.435459172112473,-1.6189250297774453,-1.8547449670723042,HAR-RV
2023-01-19,-1.2708617718741657,-1.5937119330641578,-1.7974040563589098,-2.059222055381602,HAR-RV
2023-01-20,-1.1777563727120675,-1.4769540063082731,-1.6657233135539082,-1.908360100389471,HAR-RV
2023-01-23,-1.4443412435535203,-1.811262189335796,-2.042759383737777,-2.3403169487398756,HAR-RV
2023-01-24,-1.6381146500714683,-2.0542618586253396,-2.316816810436681,-2.654294818937149,HAR-RV
2023-01-25,-1.663000654513386,-2.085469912186415,-2.352013561429123,-2.694618487766646,HAR-RV
2023-01-26,-1.330509605542453,-1.6685127228922965,-1.8817651258010213,-2.155871539506326,HAR-RV
2023-01-27,-1.3403201146506603,-1.680815497105205,-1.8956403160508886,-2.171767852683132,HAR-RV
2023-01-30,-1.0503669445869568,-1.3172025240917558,-1.4855540143297694,-1.701946526684422,HAR-RV
2023-01-31,-1.0417624876125477,-1.3064121879111106,-1.4733845666283403,-1.688004422225528,HAR-RV
2023-02-01,-1.3147904432394375,-1.6488002591967812,-1.8595332145803873,-2.1304012276102045,HAR-RV
2023-02-02,-1.5246916605466507,-1.912024853869947,-2.156400511852442,-2.47051155722775,HAR-RV
2023-02-03,-1.5987923180811876,-2.0049500679052503,-2.261202485897993,-2.5905794605122825,HAR-RV
2023-02-06,-1.785802885978619,-2.239468864727437,-2.5256951008777664,-2.893599265282962,HAR-RV
2023-02-07,-1.665553374327776,-2.088671125819557,-2.355623921777256,-2.69875474952173,HAR-RV
2023-02-08,-1.6029204573926703,-2.0101269211458344,-2.2670409921052657,-2.5972684299234534,HAR-RV
2023-02-09,-1.605788780252125,-2.0137239137300496,-2.271097715862821,-2.601916074399716,HAR-RV
2023-02-10,-1.5163378044974847,-1.9015487813596987,-2.144585493821908,-2.4569755102676174,HAR-RV
2023-02-13,-1.3751788615304927,-1.7245297720197177,-1.9449417069873713,-2.2282507070631623,HAR-RV
2023-02-14,-1.4348573060587713,-1.7993689491012377,-2.0293460699529287,-2.3249497910416417,HAR-RV
2023-02-15,-1.2317762118214846,-1.5446970639060496,-1.7421246028899884,-1.9958903468601246,HAR-RV
2023-02-16,-1.0518147698381604,-1.3190181553672422,-1.4876017012120135,-1.7042924888933728,HAR-RV
2023-02-17,-1.1214777352336966,-1.4063783244277799,-1.5861273625790038,-1.8171698434259769,HAR-RV
2023-02-21,-1.1614164909979563,-1.4564631354291906,-1.6426135070247083,-1.8818840149860967,HAR-RV
2023-02-22,-1.2782188666100613,-1.6029380266746291,-1.807809335842464,-2.0711430149060566,HAR-RV
2023-02-23,-1.361962510762021,-1.7079559349609374,-1.9262495698822628,-2.2068357887798298,HAR-RV
2023-02-24,-1.3833411780364355,-1.7347656462153698,-1.9564858269866938,-2.2414763957604116,HAR-RV
2023-02-27,-1.3099406890806051,-1.6427184718250827,-1.8526741147236234,-2.1225430002655274,HAR-RV
2023-02-28,-1.3563424047993338,-1.700908095348443,-1.9183009467683547,-2.197729333295784,HAR-RV
2023-03-01,-1.001075061921806,-1.255388514617854,-1.4158395640184245,-1.6220771544350137,HAR-RV
2023-03-02,-1.0595066643804867,-1.3286641014420055,-1.4984804944509302,-1.7167559363270535,HAR-RV
2023-03-03,-1.081324723263365,-1.3560248275000888,-1.529338191492309,-1.7521085049946754,HAR-RV
2023-03-06,-1.1522974425763473,-1.445027480813287,-1.629716262819336,-1.8671080998948926,HAR-RV
2023-03-07,-1.1607326748226194,-1.4556056023577144,-1.6416463727583734,-1.8807760035711307,HAR-RV
2023-03-08,-1.3377658962036334,-1.6776124041262759,-1.8920278361580185,-2.167629162640844,HAR-RV
2023-03-09,-1.3245321079672692,-1.6610166997792686,-1.873311036909303,-2.146185989814595,HAR-RV
2023-03-10,-1.481183858314981,-1.857464314610235,-2.094866596878243,-2.400014334068293,HAR-RV
2023-03-13,-1.4766295256677942,-1.851752997732506,-2.0884253173030545,-2.3926347885959314,HAR-RV
2023-03-14,-1.541143273761406,-1.932655840558488,-2.179668342375223,-2.4971686851138704,HAR-RV
2023-03-15,-1.497742636338724,-1.8782296902926603,-2.1182859926354474,-2.4268451048659503,HAR-RV
2023-03-16,-1.6646269974222538,-2.0875094118066566,-2.3543137292413303,-2.697253708419019,HAR-RV
2023-03-17,-1.5979214665648167,-2.0038579849704394,-2.2599708239795584,-2.5891683891517605,HAR-RV
2023-03-20,-1.5790408558074709,-1.9801809373689945,-2.2332676158786957,-2.558575471061806,HAR-RV
2023-03-21,-1.747643844902007,-2.191615887744427,-2.4717260408778565,-2.8317688280661026,HAR-RV
2023-03-22,-1.6568226859235493,-2.0777224903332905,-2.3432759425557075,-2.6846081078345425,HAR-RV
2023-03-23,-1.8533695019089957,-2.3242001269843886,-2.6212558551906504,-3.0030798309987317,HAR-RV
2023-03-24,-1.6054805920366335,-2.0133374332744025,-2.2706618393883646,-2.6014167061878513,HAR-RV
2023-03-27,-1.4894642058571088,-1.8678482044870597,-2.1065776504244784,-2.4134312726074305,HAR-RV
2023-03-28,-1.3587723671392486,-1.7039553661561153,-1.9217376888777042,-2.2016666867946784,HAR-RV
2023-03-29,-1.1175429999781765,-1.4014440076759878,-1.5805623914188902,-1.810794253413299,HAR-RV
2023-03-30,-1.0244313086509256,-1.2846781902911533,-1.4488727494846372,-1.6599221030045261,HAR-RV
2023-03-31,-1.1257866500802696,-1.4117818774825022,-1.5922215430753717,-1.8241517297988266,HAR-RV
2023-04-03,-1.2723933815183994,-1.595632633348668,-1.79957024110711,-2.0617037763912682,HAR-RV
2023-04-04,-1.3603363603302345,-1.7059166767147211,-1.923949674294065,-2.2042008800048456,HAR-RV
2023-04-05,-1.416314032841442,-1.7761149363843827,-2.0031199647724676,-2.294903472839954,HAR-RV
2023-04-06,-1.2041018656244138,-1.5099923172922791,-1.7029842469421184,-1.9510486297525016,HAR-RV
2023-04-10,-1.1357738809434226,-1.4243062679057035,-1.6063466742757155,-1.8403343914546757,HAR-RV
2023-04-11,-0.8819608834830736,-1.1060145293613854,-1.24737410834585,-1.429072259034018,HAR-RV
2023-04-12,-0.7817175801517743,-0.9803053828086002,-1.1055980914586772,-1.2666445067067895,HAR-RV
2023-04-13,-0.7100573175752497,-0.8904405225049525,-1.0042476145733412,-1.1505308612594172,HAR-RV
2023-04-14,-0.8985272127405551,-1.1267893745955628,-1.2708041839570337,-1.4559152653614575,HAR-RV
2023-04-17,-0.8996490695350953,-1.1281962282756535,-1.2723908474304235,-1.4577330494080183,HAR-RV
2023-04-18,-0.9328983374075355,-1.1698921515827254,-1.319415921492377,-1.5116080083087406,HAR-RV
2023-04-19,-0.9329854059849578,-1.1700013390914725,-1.3195390642429923,-1.5117490885890095,HAR-RV
2023-04-20,-0.8368819708126394,-1.049483754227218,-1.183618141895936,-1.3560293103373358,HAR-RV
2023-04-21,-0.659058245940028,-0.8264856291884398,-0.9321186543226095,-1.067895270639391,HAR-RV
2023-04-24,-0.6405164917626536,-0.8032335214089716,-0.9058946975493448,-1.037851413791603,HAR-RV
2023-04-25,-0.5649903200008276,-0.7085206550222776,-0.7990765915284431,-0.9154736996353774,HAR-RV
2023-04-26,-0.8127465281777833,-1.0192169354525602,-1.1494829247905123,-1.3169218032189185,HAR-RV
2023-04-27,-0.945408349127919,-1.1855802109789455,-1.337109069802405,-1.5318784205737237,HAR-RV
2023-04-28,-1.1647640654254157,-1.4606611288144151,-1.6473480454206548,-1.8873082076446657,HAR-RV
2023-05-01,-1.3785290230636853,-1.7287310097399047,-1.949679904376327,-2.2336790917002007,HAR-RV
2023-05-02,-1.3845795153559963,-1.7363185711730798,-1.958237231089468,-2.243482917301052,HAR-RV
2023-05-03,-1.252858998932332,-1.5711357294984991,-1.7719423910326795,-2.0300515287985417,HAR-RV
2023-05-04,-1.3272130652399998,-1.6643787283587301,-1.877102765941977,-2.150530039236588,HAR-RV
2023-05-05,-1.0902982660240659,-1.367278012146992,-1.5420296442647126,-1.766648652142618,HAR-RV
2023-05-08,-1.257049165317851,-1.57639036719232,-1.7778686233144516,-2.03684100286074,HAR-RV
2023-05-09,-1.3457353420644171,-1.6876064107518034,-1.9032991755232596,-2.1805423362438976,HAR-RV
2023-05-10,-1.184853471732129,-1.4858540548019263,-1.6757608761349492,-1.9198597797053307,HAR-RV
2023-05-11,-1.140372709411179,-1.4300733843375484,-1.612850885139069,-1.8477860350710824,HAR-RV
2023-05-12,-1.046549661949022,-1.3124154976608768,-1.4801551586481054,-1.6957612492816183,HAR-RV
2023-05-15,-0.70960262165763,-0.889870315480189,-1.0036045294598954,-1.1497941014616355,HAR-RV
2023-05-16,-0.7349917770932873,-0.921709340686334,-1.0395128965046285,-1.1909330435540677,HAR-RV
2023-05-17,-0.7610359024721751,-0.954369724625133,-1.0763476000391432,-1.2331332564963766,HAR-RV
2023-05-18,-0.8949308889594471,-1.1222794394854194,-1.2657178346032318,-1.4500880153707447,HAR-RV
2023-05-19,-1.075105881289861,-1.3482261487748666,-1.5205427646123684,-1.7420318964805275,HAR-RV
2023-05-22,-1.1142676985059534,-1.3973366474923807,-1.5759300700427503,-1.8054871671676573,HAR-RV
2023-05-23,-1.0546383196415008,-1.3225590007327837,-1.4915951015818831,-1.708867586011081,HAR-RV
2023-05-24,-1.1141372284421571,-1.3971730327687484,-1.5757455437417072,-1.805275761931555,HAR-RV
2023-05-25,-1.0560042770439328,-1.324271966423067,-1.4935270012032906,-1.711080894863429,HAR-RV
2023-05-26,-1.0234537639920929,-1.2834523098513102,-1.4474901894187484,-1.65833815299034,HAR-RV
2023-05-30,-1.2470351729931468,-1.5638324168166797,-1.763705642868335,-2.0206149786669028,HAR-RV
2023-05-31,-1.2757435932175396,-1.5998339339789769,-1.8043085094467226,-2.067132242313957,HAR-RV
2023-06-01,-1.1389049148005714,-1.4282327106797335,-1.610774955210736,-1.8454077158062923,HAR-RV
2023-06-02,-1.1855480273115901,-1.4867250555194405,-1.6767431993454813,-1.9209851925547592,HAR-RV
2023-06-05,-1.281059045775928,-1.606499725931667,-1.8118262554371,-2.075745057165116,HAR-RV
2023-06-06,-1.1167265544288485,-1.4004201520187811,-1.5794076768978973,-1.8094713379559282,HAR-RV
2023-06-07,-1.1526786620968095,-1.4455055454717127,-1.6302554288621,-1.8677258033004482,HAR-RV
2023-06-08,-1.0745956869629028,-1.3475863445057872,-1.5198211870394955,-1.7412052106568967,HAR-RV
2023-06-09,-1.000404273084676,-1.2545473183540592,-1.414890854565122,-1.6209902516746255,HAR-RV
2023-06-12,-0.7555990678255718,-0.9475517146368317,-1.0686581810450175,-1.22432376197579,HAR-RV
2023-06-13,-0.8679035631028594,-1.088386082481742,-1.227492571870272,-1.4062946880918898,HAR-RV
2023-06-14,-0.9791890572214772,-1.227942581763509,-1.3848857699107862,-1.586614490768107,HAR-RV
2023-06-15,-0.9484651192291002,-1.1894135240069248,-1.3414323180901533,-1.536831412747924,HAR-RV
2023-06-16,-1.0256237915997393,-1.2861736120180158,-1.4505593008758049,-1.6618543250944566,HAR-RV
2023-06-20,-1.11354106670955,-1.3964254219047512,-1.5749023808264724,-1.8043097800950343,HAR-RV
2023-06-21,-1.00599200276012,-1.2615545567961748,-1.422793687278131,-1.630044246721007,HAR-RV
2023-06-22,-0.9635465375583172,-1.208326231030412,-1.362762255838304,-1.5612683656386868,HAR-RV
2023-06-23,-1.0323970532862452,-1.2946675554306277,-1.4601388541360723,-1.6728292793817001,HAR-RV
2023-06-26,-0.9375400989443214,-1.1757131078152072,-1.3259808534145687,-1.519129217887872,HAR-RV
2023-06-27,-0.9582510156213246,-1.2016854328810256,-1.3552726981061116,-1.5526878450748092,HAR-RV
2023-06-28,-1.0625367090492366,-1.332463899699516,-1.502765944449578,-1.7216656243425168,HAR-RV
2023-06-29,-1.0065624214267115,-1.2622698848168208,-1.4236004412838343,-1.6309685161616674,HAR-RV
2023-06-30,-0.9861022634955798,-1.236612021334835,-1.3946632494719136,-1.5978162021958107,HAR-RV
2023-07-03,-1.0573552549288057,-1.3259661471940039,-1.4954377150071536,-1.7132699318762903,HAR-RV
2023-07-05,-1.0388866254998537,-1.3028057407991727,-1.4693171799610534,-1.6833445616319067,HAR-RV
2023-07-06,-0.8339285976885742,-1.0457801051799478,-1.1794411299260914,-1.3512438559240854,HAR-RV
2023-07-07,-0.9434357831003991,-1.1831065336000286,-1.3343192320263648,-1.5286822024173026,HAR-RV
2023-07-10,-0.9390937286351817,-1.1776614221265547,-1.3281781815349305,-1.521646618754055,HAR-RV
2023-07-11,-0.7468576176921715,-0.9365895835080148,-1.056294981304528,-1.2101596826800767,HAR-RV
2023-07-12,-0.8401090435114342,-1.053530633583224,-1.1881822523974463,-1.3612582498040398,HAR-RV
2023-07-13,-0.9464400874003105,-1.1868740523965566,-1.33856827693015,-1.5335501824072364,HAR-RV
2023-07-14,-0.9632324802974612,-1.2079323905550994,-1.3623180786609868,-1.5607594876060635,HAR-RV
2023-07-17,-0.950110125113535,-1.1914764277514591,-1.3437588813048584,-1.5394968736764285,HAR-RV
2023-07-18,-0.9590165392131801,-1.2026454303491867,-1.356355392730886,-1.553928249892352,HAR-RV
2023-07-19,-0.9606347419694149,-1.2046747218896234,-1.358644047769882,-1.5565502807689309,HAR-RV
2023-07-20,-0.8681332348212353,-1.0886741000823683,-1.2278174009644944,-1.4066668332601873,HAR-RV
2023-07-21,-0.8180165504071555,-1.0258257559398412,-1.1569364177995956,-1.325461005709108,HAR-RV
2023-07-24,-0.8293645287783105,-1.0400565786355247,-1.1729860801682317,-1.3438485344420044,HAR-RV
2023-07-25,-0.8117134891511085,-1.0179214628366011,-1.1480218779811617,-1.315247933727462,HAR-RV
2023-07-26,-0.7312263818054485,-0.9169873830857977,-1.0341874260923938,-1.184831841050736,HAR-RV
2023-07-27,-0.6879455343135507,-0.8627114542259302,-0.9729744975377285,-1.1147023606435242,HAR-RV
2023-07-28,-0.6525177426938373,-0.8182835742502956,-0.9228682957663086,-1.0572974630446366,HAR-RV
2023-07-31,-0.8218750653940086,-1.0306644893997248,-1.162393589179189,-1.331713093337986,HAR-RV
2023-08-01,-0.815522657814655,-1.0226983140162502,-1.153409257914006,-1.3214200637720033,HAR-RV
2023-08-02,-0.8033044862306953,-1.0073762339249859,-1.1361288646782317,-1.3016225303510216,HAR-RV
2023-08-03,-1.022682702726907,-1.2824853679173829,-1.446399662756905,-1.6570887752858083,HAR-RV
2023-08-04,-1.0060934657128329,-1.2616817954322572,-1.4229371882684139,-1.6302086507141516,HAR-RV
2023-08-07,-0.907779972250915,-1.138392708311146,-1.2838905383068921,-1.470907837235562,HAR-RV
2023-08-08,-1.0400655802655614,-1.3042841976386448,-1.4709845981846903,-1.6852548635306428,HAR-RV
2023-08-09,-1.0978051400723623,-1.37669193505785,-1.5526467594880977,-1.7788123043582535,HAR-RV
2023-08-10,-0.954626293898376,-1.197139885606139,-1.3501461850012346,-1.5468145808995015,HAR-RV
2023-08-11,-0.9328562795733873,-1.1698394093619393,-1.3193564382949337,-1.5115398605198969,HAR-RV
2023-08-14,-0.83310419728177,-1.0447462738105384,-1.1782751646983638,-1.3499080509311843,HAR-RV
2023-08-15,-0.739944629141068,-0.9279204169701133,-1.0465178096731929,-1.1989583240366108,HAR-RV
2023-08-16,-0.8750593112535928,-1.0973596793513745,-1.2376130830360486,-1.4178893986582608,HAR-RV
2023-08-17,-0.9127027764012982,-1.1445661033193486,-1.2908529541607505,-1.478884430052453,HAR-RV
2023-08-18,-1.0618038979315085,-1.3315449249936493,-1.501729515701228,-1.7204782246980777,HAR-RV
2023-08-21,-1.0782057656382953,-1.352113528808285,-1.5249269902027742,-1.7470547481869052,HAR-RV
2023-08-22,-1.0662597933494955,-1.3371327976146499,-1.50803157362464,-1.72769826886359,HAR-RV
2023-08-23,-0.915836387683224,-1.1484957782880312,-1.2952848803968189,-1.4839619306961447,HAR-RV
2023-08-24,-0.9534143444561405,-1.1956200521111768,-1.3484321017769325,-1.54485081656518,HAR-RV
2023-08-25,-1.0745984334852217,-1.3475897887555794,-1.5198250714984238,-1.7412096609436702,HAR-RV
2023-08-28,-1.2504626936825003,-1.5681306660396392,-1.7685532507881272,-2.026168711067229,HAR-RV
2023-08-29,-1.2402149535568243,-1.5552795864913536,-1.7540596763663876,-2.0095639370850114,HAR-RV
2023-08-30,-1.4374265086202445,-1.8025908327641953,-2.0329797421648084,-2.329112760371914,HAR-RV
2023-08-31,-1.3531566114455351,-1.6969129819564193,-1.913795218432224,-2.1925672802045533,HAR-RV
2023-09-01,-1.1252211590248942,-1.4110727288851188,-1.5914217582842476,-1.8232354447400414,HAR-RV
2023-09-05,-1.0059620063831807,-1.2615169401293311,-1.4227512628297923,-1.629995642535767,HAR-RV
2023-09-06,-0.9561308126433157,-1.1990266128099898,-1.3522740545735756,-1.5492524055716104,HAR-RV
2023-09-07,-0.7983777894926677,-1.0011979574548362,-1.129160943463384,-1.2936396302373754,HAR-RV
2023-09-08,-0.795310791173972,-0.9973518178294506,-1.1248232292124156,-1.2886700649223666,HAR-RV
2023-09-11,-0.795860621822886,-0.9980413276453343,-1.1256008651918274,-1.289560974873414,HAR-RV
2023-09-12,-0.8658685088205427,-1.0858340423103088,-1.2246143557629827,-1.4029972180170245,HAR-RV
2023-09-13,-0.9101568367025074,-1.141373392224702,-1.2872521830594974,-1.4747591543572922,HAR-RV
2023-09-14,-0.8187819052287361,-1.0267855417632687,-1.1580188737293493,-1.3267011370622348,HAR-RV
2023-09-15,-0.8899730869099692,-1.116062155699811,-1.2587059205528042,-1.4420547142262425,HAR-RV
2023-09-18,-1.086166485542603,-1.362096592732355,-1.53618598828125,-1.7599537828155813,HAR-RV
2023-09-19,-1.013792022611318,-1.271336096370427,-1.4338254042047862,-1.6426828933979891,HAR-RV
2023-09-20,-0.9261700859316233,-1.1614546527900718,-1.3099000270319014,-1.500705985649801,HAR-RV
2023-09-21,-1.0678483291125658,-1.339124885548785,-1.5102782700690556,-1.7302722292670512,HAR-RV
2023-09-22,-1.2106276264954328,-1.5181758846971976,-1.712213755075879,-1.9616225497579254,HAR-RV
2023-09-25,-1.0846090576910463,-1.360143515374263,-1.5339832883497337,-1.7574302276559504,HAR-RV
2023-09-26,-1.128940112057491,-1.415736446023934,-1.596681544528616,-1.8292613952227266,HAR-RV
2023-09-27,-1.3278605262983516,-1.6651906706468105,-1.8780184824725794,-2.151579143176029,HAR-RV
2023-09-28,-1.2086310392473152,-1.5156720837385487,-1.7093899436291402,-1.958387409172373,HAR-RV
2023-09-29,-0.9678231040222526,-1.2136892179082568,-1.36881068539979,-1.5681978367886875,HAR-RV
2023-10-02,-0.9719435510686172,-1.2188564247380491,-1.3746383122897117,-1.574874342151968,HAR-RV
2023-10-03,-0.9006620690340272,-1.1294665705153568,-1.2738235519532646,-1.4593744481474067,HAR-RV
2023-10-04,-0.83159080807869,-1.0428484226943135,-1.176134749467796,-1.3474558531435659,HAR-RV
2023-10-05,-1.0277425875987984,-1.288830667680686,-1.4535559544911623,-1.6652874848201464,HAR-RV
2023-10-06,-0.966801847439803,-1.212408520952702,-1.3673663027261562,-1.5665430588062776,HAR-RV
2023-10-09,-1.1002433082526517,-1.3797494963204051,-1.5560951072740845,-1.7827629540691008,HAR-RV
2023-10-10,-1.2565382097356301,-1.5757496082784295,-1.7771459690837332,-2.036013083548416,HAR-RV
2023-10-11,-1.097437134152341,-1.376230440787461,-1.5521262816925976,-1.778216011414528,HAR-RV
2023-10-12,-1.022786453756556,-1.2826154758942525,-1.4465463998180628,-1.6572568867305384,HAR-RV
2023-10-13,-1.111679318761331,-1.3940907148680772,-1.572269275174776,-1.8012931243726102,HAR-RV
2023-10-16,-0.9916620928761419,-1.2435842716815704,-1.4025266222654382,-1.6068249894124786,HAR-RV
2023-10-17,-1.0513565147997814,-1.3184434850614586,-1.4869535823661577,-1.7035499621269659,HAR-RV
2023-10-18,-0.9833193945198995,-1.23312219136839,-1.3907273847729333,-1.593307021654872,HAR-RV
2023-10-19,-1.1180394850315785,-1.4020666199629463,-1.5812645797045528,-1.8115987256185062,HAR-RV
2023-10-20,-1.199812341167786,-1.5046130805688258,-1.6969174906442848,-1.9440981623109004,HAR-RV
2023-10-23,-1.3351045250679472,-1.6742749373528434,-1.8882638081727368,-2.1633168493260144,HAR-RV
2023-10-24,-1.1914355499442555,-1.4941082464246376,-1.6850700349589656,-1.9305249526805703,HAR-RV
2023-10-25,-1.312144285719273,-1.6454818709109846,-1.855790703501866,-2.1261135654520293,HAR-RV
2023-10-26,-1.311488012314847,-1.6446588775854052,-1.8548625235020406,-2.1250501825581036,HAR-RV
2023-10-27,-1.3871434164486731,-1.7395338065802863,-1.961863405332859,-2.247637296474856,HAR-RV
2023-10-30,-1.2764983389740452,-1.6007804156067929,-1.8053759607732838,-2.06835518342557,HAR-RV
2023-10-31,-1.4527254274376682,-1.8217762941746454,-2.054617295004084,-2.35390213695838,HAR-RV
2023-11-01,-1.4723707326952693,-1.8464122995299368,-2.0824020251296496,-2.3857341164595796,HAR-RV
2023-11-02,-1.3901928350360688,-1.7433579005133921,-1.9661762562343683,-2.252578376732542,HAR-RV
2023-11-03,-1.49009569219933,-1.868640113836635,-2.1074707736092053,-2.414454492152115,HAR-RV
2023-11-06,-1.6313495447606214,-2.045778143636862,-2.3072487928941596,-2.6433330807124396,HAR-RV
2023-11-07,-1.4695833898399873,-1.8429168591379788,-2.0784598329373716,-2.381217686734069,HAR-RV
2023-11-08,-1.3762479495620283,-1.725870451542119,-1.9464537385922351,-2.2299829880258955,HAR-RV
2023-11-09,-1.1891768994481473,-1.4912758075804344,-1.6818755824595288,-1.9268651817913054,HAR-RV
2023-11-10,-0.9491114068098617,-1.190223994706765,-1.3423463749490059,-1.537878615260327,HAR-RV
2023-11-13,-1.0533049725158778,-1.3208869296452346,-1.4897093232972825,-1.706707116737925,HAR-RV
2023-11-14,-1.1002044767772186,-1.3797008000836106,-1.5560401871773417,-1.7827000340628305,HAR-RV
2023-11-15,-1.348194501041538,-1.6906902953204292,-1.9067772109937815,-2.1845269980815964,HAR-RV
2023-11-16,-1.4350359148850098,-1.799592931775063,-2.029598679824346,-2.325239197208713,HAR-RV
2023-11-17,-1.3013617649352178,-1.6319601548421165,-1.8405407785895331,-2.1086422675480936,HAR-RV
2023-11-20,-0.9985147543299614,-1.2521777856056657,-1.4122184721318367,-1.6179285979370774,HAR-RV
2023-11-21,-1.093870467852747,-1.3717576973556258,-1.5470818774808675,-1.7724368164848712,HAR-RV
2023-11-22,-0.7698389033973708,-0.9654090429300417,-1.088797852239069,-1.2473970687062401,HAR-RV
2023-11-24,-0.8118239749217881,-1.0180600164504265,-1.148178140115081,-1.3154269577101048,HAR-RV
2023-11-27,-0.8061258350484308,-1.0109143191657832,-1.140119152152158,-1.3061940611342933,HAR-RV
2023-11-28,-0.7904944291931879,-0.9913119055961851,-1.1180113565503025,-1.2808659440989776,HAR-RV
2023-11-29,-0.6501580099659754,-0.8153243742094529,-0.9195308807375074,-1.0534739050577968,HAR-RV
2023-11-30,-0.6220398446670007,-0.7800630605366362,-0.8797628229642253,-1.0079130522396922,HAR-RV
2023-12-01,-0.5878161086239272,-0.73714511483004,-0.8313595399723533,-0.9524591282668864,HAR-RV
2023-12-04,-0.6802614974421909,-0.8530753619875654,-0.962106817552811,-1.1022516452706517,HAR-RV
2023-12-05,-0.7424795755966286,-0.9310993420942422,-1.0501030328207568,-1.2030657869928723,HAR-RV
2023-12-06,-0.7279652095738891,-0.9128977415400071,-1.0295750879709584,-1.1795476489110024,HAR-RV
2023-12-07,-0.7598729834279169,-0.952911377227297,-1.0747028614423686,-1.2312489378414622,HAR-RV
2023-12-08,-0.832171606619229,-1.043576767495651,-1.1769561839273066,-1.34839694145929,HAR-RV
2023-12-11,-0.8192389935072453,-1.0273587489051044,-1.1586653424044555,-1.327441773286562,HAR-RV
2023-12-12,-0.795293552775507,-0.9973302001823163,-1.1247988486164986,-1.2886421329386493,HAR-RV
2023-12-13,-0.8651904292578327,-1.0849837031825027,-1.2236553348973604,-1.401898501837391,HAR-RV
2023-12-14,-1.00655740144523,-1.262263589557519,-1.4235933414282267,-1.6309603821090009,HAR-RV
2023-12-15,-0.9615091003139393,-1.2057712025284169,-1.3598806694622962,-1.5579670343665282,HAR-RV
2023-12-18,-0.8625504768357692,-1.081673096340061,-1.219921599807498,-1.3976208940180495,HAR-RV
2023-12-19,-0.8563427420858266,-1.0738883465212896,-1.2111418820858038,-1.387562282929143,HAR-RV
2023-12-20,-0.8824512142025354,-1.106629423865295,-1.248067592439575,-1.4298667591553471,HAR-RV
2023-12-21,-0.8844672915534436,-1.109157666199144,-1.2509189691106286,-1.4331334802403817,HAR-RV
2023-12-22,-1.0639146128830288,-1.334191846696687,-1.5047147401368368,-1.7238982904180373,HAR-RV
2023-12-26,-1.13835382691246,-1.4275416242351746,-1.6099955410939346,-1.8445147687063261,HAR-RV
2023-12-27,-1.1192996850964645,-1.4036469616853158,-1.5830469047052567,-1.8136406721348293,HAR-RV
2023-12-28,-1.0472198375593036,-1.3132559249134639,-1.4811030008029737,-1.6968471584089622,HAR-RV
2023-12-29,-0.7647543001466813,-0.9590327453224976,-1.0816066008299663,-1.2391583071128027,HAR-RV
2024-01-02,-0.6090948765847857,-0.7638295483149754,-0.8614545075712009,-0.9869378648738805,HAR-RV
2024-01-03,-0.6823132535911447,-0.8556483469735747,-0.9650086554288142,-1.1055761779678308,HAR-RV
2024-01-04,-0.7535050579511471,-0.9449257417744147,-1.065696582918735,-1.2209307640801628,HAR-RV
2024-01-05,-0.8119830755146569,-1.018259535012574,-1.1484031591197599,-1.3156847540000793,HAR-RV
2024-01-08,-0.842319817002684,-1.056303032731804,-1.1913089915352544,-1.3648404438973603,HAR-RV
2024-01-09,-1.0249401263312015,-1.2853162681897539,-1.449592380039836,-1.6607465581990883,HAR-RV
2024-01-10,-1.0014721042682881,-1.2558864217384587,-1.4164011085859827,-1.6227204961224349,HAR-RV
2024-01-11,-0.9288407269277351,-1.1648037443424575,-1.3136771655576838,-1.5050333192457197,HAR-RV
2024-01-12,-0.8936134959697882,-1.1206273755280165,-1.263854620557585,-1.4479533971455778,HAR-RV
2024-01-16,-0.8661722853796511,-1.0862149903708695,-1.2250439927476273,-1.4034894378667895,HAR-RV
2024-01-17,-0.646764715190496,-0.8110690456632882,-0.9147316791808553,-1.0479756301102596,HAR-RV
2024-01-18,-0.7053982482057849,-0.884597861552031,-0.997658203853099,-1.1429816071898686,HAR-RV
2024-01-19,-0.7619138533006096,-0.9554707103836834,-1.0775893026501082,-1.2345558311220863,HAR-RV
2024-01-22,-0.9940669581396556,-1.2466000697429294,-1.4059278691006953,-1.6107216772352193,HAR-RV
2024-01-23,-1.0687159501500365,-1.340212917332726,-1.511505363059533,-1.7316780661689184,HAR-RV
2024-01-24,-1.0434951681898907,-1.3085850392576637,-1.4758351298343586,-1.690811945544554,HAR-RV
2024-01-25,-0.9343863286875909,-1.1717581526788339,-1.3215204159557317,-1.514019052947834,HAR-RV
2024-01-26,-0.8342217028207178,-1.046147670840571,-1.1798556741079325,-1.3517187844851717,HAR-RV
2024-01-29,-0.6271855029503018,-0.7865159236182552,-0.8870404256710901,-1.0162507434512271,HAR-RV
2024-01-30,-0.7038055612212398,-0.8826005678186911,-0.9954056362569317,-1.1404009204161545,HAR-RV
2024-01-31,-0.6912682717579453,-0.8668783010323781,-0.9776739085145516,-1.120086309064326,HAR-RV
2024-02-01,-0.9441633173303576,-1.1840188908757439,-1.3353481975716412,-1.5298610517347753,HAR-RV
2024-02-02,-1.1220821976468967,-1.4071363446801202,-1.5869822653052066,-1.8181492751473947,HAR-RV
2024-02-05,-1.3360212737098431,-1.6754245771347178,-1.8895603832716756,-2.164802289414317,HAR-RV
2024-02-06,-1.2787252477865019,-1.603573049099123,-1.8085255204037918,-2.0719635221477044,HAR-RV
2024-02-07,-1.3138964307864673,-1.6476791315130792,-1.8582687957073305,-2.1289526277689905,HAR-RV
2024-02-08,-1.138463549816418,-1.4276792211833544,-1.6101507242908915,-1.8446925565891719,HAR-RV
2024-02-09,-0.9197410115414504,-1.1533923341328147,-1.300807264433111,-1.4902887301520538,HAR-RV
2024-02-12,-0.8056026681479204,-1.010258246766109,-1.1393792272209489,-1.3053463553931817,HAR-RV
2024-02-13,-0.7766866821912118,-0.9739964338015399,-1.098482796466282,-1.2584927656850364,HAR-RV
2024-02-14,-0.96153013782137,-1.2057975844114637,-1.3599104232105232,-1.5580011221802073,HAR-RV
2024-02-15,-1.0242483749362463,-1.2844487840327414,-1.448614022840964,-1.6596256890685046,HAR-RV
2024-02-16,-1.1488846883435728,-1.4407477493226095,-1.624889539380878,-1.8615782941038483,HAR-RV
2024-02-20,-1.1343409891959262,-1.4225093638463375,-1.6043201081327474,-1.8380126265273484,HAR-RV
2024-02-21,-1.223065896120494,-1.5337739766115497,-1.729805437171408,-1.9817767157809831,HAR-RV
2024-02-22,-0.9816472800345805,-1.2310252923446887,-1.3883624813466726,-1.5905976357063007,HAR-RV
2024-02-23,-1.1405870803834046,-1.430342214185215,-1.6131540740960202,-1.8481333879019013,HAR-RV
2024-02-26,-1.131967672084154,-1.4195331284400283,-1.6009634804505453,-1.8341670572851732,HAR-RV
2024-02-27,-1.0993367922964572,-1.3786126887392236,-1.5548130044578077,-1.781294094361567,HAR-RV
2024-02-28,-1.0186558573152888,-1.277435541313789,-1.4407044184452447,-1.6505639359455018,HAR-RV
2024-02-29,-1.0281023472440838,-1.2892818207898715,-1.454064769422936,-1.6658704160346998,HAR-RV
2024-03-01,-0.6982737196066295,-0.8756634152595865,-0.9875818470948954,-1.1314374827616531,HAR-RV
2024-03-04,-0.8473425776539751,-1.0626017772247498,-1.1984127777758595,-1.3729789997505184,HAR-RV
2024-03-05,-0.8037735811513361,-1.0079644978804454,-1.1367923145764325,-1.3023826213601537,HAR-RV
2024-03-06,-0.9221955226898795,-1.1564703901367512,-1.3042787263908175,-1.4942658609493484,HAR-RV
2024-03-07,-1.0064195885460385,-1.2620907666220649,-1.4233984300149578,-1.6307370790182858,HAR-RV
2024-03-08,-1.091891798565854,-1.3692763662432277,-1.5442834077486247,-1.7692307090024912,HAR-RV
2024-03-11,-1.0900641930600257,-1.3669844752067406,-1.5416985904047562,-1.766269375481074,HAR-RV
2024-03-12,-1.1034181522215856,-1.3837308787420708,-1.5605853496862492,-1.7879072654866852,HAR-RV
2024-03-13,-1.0889129700748974,-1.3655407951389147,-1.54007039376761,-1.7644040083623964,HAR-RV
2024-03-14,-1.0662041161513796,-1.3370629761619939,-1.5079528283008328,-1.7276080531399922,HAR-RV
2024-03-15,-0.9197164041631798,-1.1533614754877133,-1.3007724617484298,-1.4902488579510156,HAR-RV
2024-03-18,-0.8876406026211547,-1.1131371263008338,-1.2554070435113411,-1.4382753078441664,HAR-RV
2024-03-19,-0.9846296143408533,-1.2347652598828454,-1.392580453669192,-1.5954300169423352,HAR-RV
2024-03-20,-0.879647953663146,-1.1031140220552897,-1.2441028875629,-1.4253245374460746,HAR-RV
2024-03-21,-1.0066239705222264,-1.2623470698657082,-1.4236874913441886,-1.6310682463272745,HAR-RV
2024-03-22,-1.037281211742372,-1.3007924871791263,-1.4670466126470514,-1.6807432532201,HAR-RV
2024-03-25,-0.9464430164479825,-1.1868777255405054,-1.3385724195381685,-1.5335549284462635,HAR-RV
2024-03-26,-0.8430265742361877,-1.0571893348157457,-1.1923085717779485,-1.365985627516256,HAR-RV
2024-03-27,-0.7929873766298315,-0.9944381622562005,-1.1215371796839269,-1.2849053545667841,HAR-RV
2024-03-28,-0.7669750922005512,-0.9618177081527878,-1.0847475094120764,-1.2427567346357273,HAR-RV
2024-04-01,-0.7621869092185192,-0.9558131335207997,-1.0779754908456503,-1.2349982732357419,HAR-RV
2024-04-02,-0.7700601947612532,-0.9656865512280397,-1.0891108288380054,-1.2477556348912155,HAR-RV
2024-04-03,-0.8296328786821918,-1.0403931002411921,-1.173365612558327,-1.3442833512355077,HAR-RV
2024-04-04,-0.815177511607817,-1.0222654867484362,-1.1529211110471027,-1.3208608112260682,HAR-RV
2024-04-05,-0.8522018501114093,-1.0686955009268972,-1.2052853395439775,-1.3808526499294047,HAR-RV
2024-04-08,-1.0559181595806646,-1.3241639716498403,-1.493405203631574,-1.7109413557068973,HAR-RV
2024-04-09,-1.0693731857336095,-1.3410371172697733,-1.5124349038876872,-1.732743008115578,HAR-RV
2024-04-10,-0.9338209406618091,-1.1710491332847173,-1.3207207768813274,-1.5131029348315246,HAR-RV
2024-04-11,-1.0632430174190906,-1.3333496388903323,-1.5037648898558462,-1.7228100806518436,HAR-RV
2024-04-12,-0.9870536639097035,-1.23780511583706,-1.3960088332335887,-1.5993577897701803,HAR-RV
2024-04-15,-1.0279931777941511,-1.2891449178953678,-1.4539103689865691,-1.6656935249328895,HAR-RV
2024-04-16,-1.2891376945377524,-1.6166306774007368,-1.8232520425492484,-2.088835176071987,HAR-RV
2024-04-17,-1.3496814220895652,-1.6925549543023974,-1.9088801918075549,-2.1869363085860685,HAR-RV
2024-04-18,-1.256802350935231,-1.576080851999135,-1.777519549023048,-2.036441080830253,HAR-RV
2024-04-19,-1.1651642758953762,-1.461163008889675,-1.647914070725707,-1.8879566827540568,HAR-RV
2024-04-22,-1.0232823949053702,-1.2832374061029148,-1.4472478188490872,-1.6580604776279995,HAR-RV
2024-04-23,-0.9570897405316019,-1.2002291470685,-1.3536302845856087,-1.5508061901772858,HAR-RV
2024-04-24,-1.1492240740628747,-1.4411733527066546,-1.6253695390803293,-1.8621282127290955,HAR-RV
2024-04-25,-1.095776022509493,-1.3741473397721127,-1.5497769397964156,-1.7755244537588444,HAR-RV
2024-04-26,-1.1229357457939906,-1.4082067284917774,-1.588189454738265,-1.8195323092497058,HAR-RV
2024-04-29,-1.1348491628489008,-1.4231466341087202,-1.6050388278278438,-1.8388360381818087,HAR-RV
2024-04-30,-1.0520704509801129,-1.3193387898343472,-1.4879633159303491,-1.704706778046061,HAR-RV
2024-05-01,-1.092118365291362,-1.369560490057531,-1.54460384539218,-1.7695978230415683,HAR-RV
2024-05-02,-1.2204613766577754,-1.5305078041296194,-1.7261218155921292,-1.9775565212326873,HAR-RV
2024-05-03,-1.283156655015327,-1.6091302125429732,-1.8147929442139539,-2.0791438872384864,HAR-RV
2024-05-06,-1.3316281353468797,-1.6699154043925624,-1.8833470838488033,-2.157683932713717,HAR-RV
2024-05-07,-1.478276598375298,-1.8538184933565518,-2.090754803665068,-2.395303598470594,HAR-RV
2024-05-08,-1.2219506679142123,-1.532375435448556,-1.728228148636888,-1.9799696722692623,HAR-RV
2024-05-09,-1.1601253750520728,-1.4548440239447924,-1.640787457103529,-1.879791974379747,HAR-RV
2024-05-10,-1.0625594289292777,-1.3324923913456892,-1.5027980776094934,-1.7217024381637456,HAR-RV
2024-05-13,-0.853790156981709,-1.0706873018202638,-1.2075317122609799,-1.3834262394498542,HAR-RV
2024-05-14,-0.6514681963078514,-0.8169674007397939,-0.9213839022836674,-1.055596846097932,HAR-RV
2024-05-15,-0.6795749485126542,-0.8522144019320738,-0.9611358183000612,-1.10113920587788,HAR-RV
2024-05-16,-0.8732282724915287,-1.0950634828730579,-1.2350234099723676,-1.4149225021109355,HAR-RV
2024-05-17,-0.8620788130744336,-1.0810816109547337,-1.21925451674888,-1.3968566406259324,HAR-RV
2024-05-20,-0.8487589103392611,-1.064377915552052,-1.2004159241211403,-1.3752739334465707,HAR-RV
2024-05-21,-0.8605948648059648,-1.0792206799582644,-1.217155740393967,-1.394452147020802,HAR-RV
2024-05-22,-0.7959511791911704,-0.998154890238573,-1.1257289422059369,-1.2897077081643002,HAR-RV
2024-05-23,-0.6094269991028599,-0.7642460433516574,-0.8619242347865491,-0.987476014678559,HAR-RV
2024-05-24,-0.6827243424461142,-0.8561638689825093,-0.9655900662413817,-1.1062422797073037,HAR-RV
2024-05-28,-0.8106251506852437,-1.016556642492919,-1.146482620119662,-1.3134844606084901,HAR-RV
2024-05-29,-0.8228895790968969,-1.0319367305122777,-1.1638284352695818,-1.3333569455953356,HAR-RV
2024-05-30,-0.8784799809949341,-1.1016493372091345,-1.2424510015293273,-1.423432030226412,HAR-RV
2024-05-31,-0.954611455715647,-1.197121277926371,-1.3501251990762373,-1.546790538069814,HAR-RV
2024-06-03,-0.9424526091542687,-1.1818735938068086,-1.3329287103520249,-1.5270891310707921,HAR-RV
2024-06-04,-0.8576540416698374,-1.0755327691021799,-1.2129964781115596,-1.3896870277946887,HAR-RV
2024-06-05,-0.8665702022907348,-1.0867139942307678,-1.2256067742285912,-1.4041341966420138,HAR-RV
2024-06-06,-0.9003876027069195,-1.129122378668205,-1.273435368989078,-1.45892972069809,HAR-RV
2024-06-07,-0.8268569906702098,-1.036912024684862,-1.1694396211695257,-1.3397854821957353,HAR-RV
2024-06-10,-0.686991051669361,-0.8615144944828541,-0.9716245545192516,-1.1131557788233033,HAR-RV
2024-06-11,-0.712692990163563,-0.8937457622632076,-1.007975296612657,-1.1548015343135098,HAR-RV
2024-06-12,-0.7313051409121641,-0.9170861501830447,-1.034298816600015,-1.1849594572031767,HAR-RV
2024-06-13,-0.6501223417935005,-0.8152796448821871,-0.9194804345605052,-1.0534161106626383,HAR-RV
2024-06-14,-0.7262197381570293,-0.9107088499646713,-1.0271064344365182,-1.1767194001445491,HAR-RV
2024-06-17,-0.7137422475982211,-0.8950615734170869,-1.0094592814259211,-1.1565016830622088,HAR-RV
2024-06-18,-0.7695302064574249,-0.965021924513405,-1.0883612562659082,-1.2468968761902375,HAR-RV
2024-06-20,-0.7921362752077725,-0.9933708467364466,-1.1203334507007774,-1.2835262849791562,HAR-RV
2024-06-21,-0.6781817593978474,-0.8504672865758471,-0.9591654043481679,-1.0988817725235847,HAR-RV
2024-06-24,-0.6687572060824587,-0.8386485164979778,-0.9458360787414426,-1.0836108371011208,HAR-RV
2024-06-25,-0.7144770158550804,-0.8959830024543822,-1.0104984781934931,-1.157692253928061,HAR-RV
2024-06-26,-0.6397554564284572,-0.8022791523969873,-0.904818350753029,-1.036618281455904,HAR-RV
2024-06-27,-0.6225529191206417,-0.7807064766007706,-0.8804884739552284,-1.0087444048339498,HAR-RV
2024-06-28,-0.5831915624736438,-0.731345747386763,-0.8248189560998209,-0.9449658133843797,HAR-RV
2024-07-01,-0.6235312231660047,-0.781933309341959,-0.8818721080359787,-1.0103295853088567,HAR-RV
2024-07-02,-0.614434377205849,-0.770525497508445,-0.8690062651955388,-0.9955896456473335,HAR-RV
2024-07-03,-0.641396589721272,-0.8043371997553957,-0.9071394368875036,-1.0392774674879155,HAR-RV
2024-07-05,-0.7103417738565159,-0.8907972421576495,-1.0046499265203364,-1.150991775783041,HAR-RV
2024-07-08,-0.804799173160852,-1.0092506316364482,-1.1382428289273006,-1.304044424187619,HAR-RV
2024-07-09,-0.7656238034236533,-0.9601231375107093,-1.0828363559076897,-1.2405671938735767,HAR-RV
2024-07-10,-0.7093549753243565,-0.8895597569873204,-1.0032542785248062,-1.149392831392225,HAR-RV
2024-07-11,-0.7581037443229747,-0.9506926800122317,-1.0722005928131044,-1.2283821774535344,HAR-RV
2024-07-12,-0.8518658482592238,-1.0682741410487337,-1.2048101257123651,-1.3803082143031375,HAR-RV
2024-07-15,-0.874846804564755,-1.0970931873902878,-1.2373125307706696,-1.417545066591426,HAR-RV
2024-07-16,-0.9235606086140916,-1.1581822629581882,-1.3062093934639478,-1.4964777577148662,HAR-RV
2024-07-17,-1.0122903215387908,-1.2694529026414565,-1.4317015197203091,-1.6402496342996549,HAR-RV
2024-07-18,-1.0710491268541555,-1.3431388150484296,-1.5148052193971746,-1.735458594495881,HAR-RV
2024-07-19,-1.0964902538052432,-1.3750430146316421,-1.5507870907479755,-1.7766817478638386,HAR-RV
2024-07-22,-1.1316761630225811,-1.419167564316292,-1.6005511936217707,-1.8336947148934042,HAR-RV
2024-07-23,-1.2835666113498003,-1.6096443143255152,-1.8153727532811708,-2.0798081539151414,HAR-RV
2024-07-24,-1.2329360495645045,-1.5461515472278222,-1.7437649835436202,-1.9977696727742003,HAR-RV
2024-07-25,-1.3455461418632682,-1.6873691460665459,-1.9030315860681863,-2.180235768499308,HAR-RV
2024-07-26,-1.3903522201064533,-1.7435577758218213,-1.9664016775810265,-2.252836633971447,HAR-RV
2024-07-29,-1.4483590597541405,-1.8163006929445278,-2.0484418578640144,-2.3468271577318305,HAR-RV
2024-07-30,-1.3048481732363215,-1.6363322515059489,-1.8454716723824012,-2.1142914176182157,HAR-RV
2024-07-31,-1.3569507019113012,-1.701670924467743,-1.9191612729822036,-2.1987149785145723,HAR-RV
2024-08-01,-1.1697693332465628,-1.4669379365926367,-1.654427091217764,-1.8954184192495032,HAR-RV
2024-08-02,-1.3692314187715886,-1.7170714388588237,-1.9365301251958662,-2.2186138562479916,HAR-RV
2024-08-05,-1.5150449082092563,-1.8999274372541748,-2.142756925928575,-2.454880584909909,HAR-RV
2024-08-06,-2.0851988029159974,-2.61492342327484,-2.9491364597022907,-3.378721006366927,HAR-RV
2024-08-07,-2.296345478573546,-2.879709872965595,-3.2477652324868376,-3.720849395981892,HAR-RV
2024-08-08,-2.163571964060365,-2.7132065292050305,-3.0599811171372333,-3.505711797615967,HAR-RV
2024-08-09,-2.3067554139109756,-2.8927643518529575,-3.2624882026918005,-3.7377169805739743,HAR-RV
2024-08-12,-2.113482475130839,-2.6503922892972978,-2.9891385970651223,-3.424550035865622,HAR-RV
2024-08-13,-1.5238355570386841,-1.9109512655326626,-2.155189708323736,-2.4691243825842837,HAR-RV
2024-08-14,-1.5876390056643277,-1.9909633641697773,-2.2454281433034096,-2.5725073558761586,HAR-RV
2024-08-15,-1.575804379774197,-1.976122265852187,-2.2286902060617835,-2.553331295041306,HAR-RV
2024-08-16,-1.3997466551010056,-1.7553387763102801,-1.9796884062718318,-2.2680587676186823,HAR-RV
2024-08-19,-1.3965400327233328,-1.7513175424820009,-1.9751532190497467,-2.2628629645270166,HAR-RV
2024-08-20,-1.549134158303908,-1.9426767321558034,-2.1909700028771413,-2.51011659656742,HAR-RV
2024-08-21,-1.2906440030380946,-1.6185196490300675,-1.8253824434068098,-2.091275900747763,HAR-RV
2024-08-22,-1.275439515169432,-1.599452607839048,-1.8038784460604331,-2.0666395339509562,HAR-RV
2024-08-23,-1.1267317726768347,-1.412967099348239,-1.5935582479998716,-1.8256831452044664,HAR-RV
2024-08-26,-1.278464210103529,-1.6032456973134765,-1.8081563298272703,-2.0715405536030844,HAR-RV
2024-08-27,-1.1890206240088497,-1.4910798318748422,-1.6816545591234595,-1.92661196319709,HAR-RV
2024-08-28,-1.1721098200412416,-1.4698730014568178,-1.657737286355986,-1.8992107923734696,HAR-RV
2024-08-29,-1.1932375457585773,-1.4963680218747881,-1.6876186320274156,-1.9334447899175378,HAR-RV
2024-08-30,-1.039065414331994,-1.303029949207661,-1.469570044418253,-1.683634259468876,HAR-RV
2024-09-03,-0.9518926206939631,-1.1937117491215976,-1.3462798988203815,-1.5423851139981317,HAR-RV
2024-09-04,-1.267415901969227,-1.5893906731845813,-1.7925304967933497,-2.0536385911014854,HAR-RV
2024-09-05,-1.3362703513915701,-1.675736930596293,-1.889912658590198,-2.1652058787480013,HAR-RV
2024-09-06,-1.2223874634675271,-1.532923194694316,-1.7288459169234969,-1.9806774274767796,HAR-RV
2024-09-09,-1.5018697895758586,-1.88340530695623,-2.124123104218952,-2.4335324765061515,HAR-RV
2024-09-10,-1.5674161061525143,-1.9656030323174747,-2.2168265106016345,-2.5397394800771416,HAR-RV
2024-09-11,-1.2400994306602284,-1.5551347161184133,-1.7538962901291595,-2.009376751269971,HAR-RV
2024-09-12,-1.395442720813575,-1.749941469077656,-1.973601269875305,-2.2610849514210956,HAR-RV
2024-09-13,-1.511268308792352,-1.8951914292237755,-2.13741560930279,-2.448761227961937,HAR-RV
2024-09-16,-1.2668723072106742,-1.5887089834267887,-1.791761680352678,-2.0527577853830548,HAR-RV
2024-09-17,-1.082655551094434,-1.3576937392906299,-1.531220406690545,-1.754264892166202,HAR-RV
2024-09-18,-0.9774812628713759,-1.2258009387499167,-1.38247040377087,-1.5838472914789203,HAR-RV
2024-09-19,-0.8152127984285382,-1.0223097378452177,-1.1529710178710422,-1.3209179877035588,HAR-RV
2024-09-20,-0.9417185439274104,-1.1809530463974973,-1.3318905078931993,-1.5258996993491927,HAR-RV
2024-09-23,-0.9487785830502582,-1.189806620284915,-1.341875655954381,-1.5373393292093194,HAR-RV
2024-09-24,-0.9719406338300118,-1.218852766403146,-1.3746341863834812,-1.5748696152475872,HAR-RV
2024-09-25,-1.005621285010388,-1.2610896617819236,-1.4222693740901202,-1.629443559704162,HAR-RV
2024-09-26,-0.9715195183925954,-1.218324670655315,-1.3740385947840177,-1.5741872670837025,HAR-RV
2024-09-27,-0.7121812132233207,-0.8931039733332217,-1.0072514807196147,-1.1539722841258766,HAR-RV
2024-09-30,-0.711787959245027,-0.8926108169791617,-1.0066952941134804,-1.1533350808647582,HAR-RV
2024-10-01,-0.7215060750468884,-0.904797726258434,-1.0204398107470019,-1.1690816859156234,HAR-RV
2024-10-02,-0.8464727719698152,-1.061511005805724,-1.1971825949978792,-1.3715696229887349,HAR-RV
2024-10-03,-0.8414208185636516,-1.0551756524204274,-1.1900375208869602,-1.3633837650874538,HAR-RV
2024-10-04,-0.7528606849874506,-0.9441176720816167,-1.0647852339393349,-1.2198866638891728,HAR-RV
2024-10-07,-0.8794193484667934,-1.102827341916308,-1.243779566871128,-1.4249541204009462,HAR-RV
2024-10-08,-0.9933374326634729,-1.2456852153641151,-1.4048960872978842,-1.6095396014314103,HAR-RV
2024-10-09,-0.9852165230763394,-1.235501267115154,-1.3934105298940198,-1.5963810058219732,HAR-RV
2024-10-10,-1.1258912257836888,-1.4119130196335499,-1.5923694464883804,-1.8243211774914898,HAR-RV
2024-10-11,-1.1539895560802873,-1.4471494594131715,-1.632109451239282,-1.869849890957176,HAR-RV
2024-10-14,-1.0695722047955447,-1.3412866952025848,-1.512716380344948,-1.7330654857058623,HAR-RV
2024-10-15,-1.0237075155325916,-1.2837705245203452,-1.4478490750649247,-1.6587493155418829,HAR-RV
2024-10-16,-0.9888556588199442,-1.2400648901534568,-1.3985574290233798,-1.6022776255422335,HAR-RV
2024-10-17,-0.9623934907099202,-1.2068802637644658,-1.3611314796765313,-1.5594000432501662,HAR-RV
2024-10-18,-0.9472280684784753,-1.1878622124585656,-1.3396827336063775,-1.53482697588021,HAR-RV
2024-10-21,-0.8897409341364525,-1.1157710267559433,-1.2583775824549488,-1.4416785489169825,HAR-RV
2024-10-22,-0.7595307400733304,-0.9524821902533179,-1.074218820134801,-1.2306943888891928,HAR-RV
2024-10-23,-0.6236412732775312,-0.7820713166216304,-0.8820277540088438,-1.0105079033776412,HAR-RV
2024-10-24,-0.6809614582212552,-0.853953141043447,-0.9630967854402918,-1.1033858163552266,HAR-RV
2024-10-25,-0.753864177199571,-0.9453760918001001,-1.0662044921250067,-1.2215126576371431,HAR-RV
2024-10-28,-0.6885277310434783,-0.8634415524131691,-0.9737979094831736,-1.1156457144947223,HAR-RV
2024-10-29,-0.6903608450379384,-0.8657403513166324,-0.9763905175876347,-1.118615973614134,HAR-RV
2024-10-30,-0.7181526727210369,-0.9005924244535075,-1.0156970298431434,-1.163648050108184,HAR-RV
2024-10-31,-0.5924009758084448,-0.7428947232494547,-0.8378440051263928,-0.9598881499247106,HAR-RV
2024-11-01,-0.8580834057919807,-1.0760712090334403,-1.2136037359832454,-1.3903827415927386,HAR-RV
2024-11-04,-1.011357611474029,-1.2682832465913672,-1.4303823700764124,-1.63873833135614,HAR-RV
2024-11-05,-1.0227051560866147,-1.2825135253363056,-1.4464314189720264,-1.657125157254761,HAR-RV
2024-11-06,-1.1883519575991626,-1.490241297220687,-1.6807088514597928,-1.925528499480584,HAR-RV
2024-11-07,-1.5770820351990047,-1.9777244973001105,-2.230497218511133,-2.5554015250916304,HAR-RV
2024-11-08,-1.436915694917158,-1.8019502517724633,-2.0322572885964574,-2.3282850709513445,HAR-RV
2024-11-11,-1.4418212444495089,-1.80810200879354,-2.0391953009147556,-2.3362337055033833,HAR-RV
2024-11-12,-1.4160487663774666,-1.7757822815367543,-2.0027447933502738,-2.2944736522526483,HAR-RV
2024-11-13,-1.219673106816162,-1.5295192819465957,-1.7250069505122454,-1.9762792598661352,HAR-RV
2024-11-14,-0.7384281286156069,-0.9260186641301005,-1.0443729940400068,-1.196501084863839,HAR-RV
2024-11-15,-0.682302004794915,-0.8556342405292858,-0.964992746041641,-1.1055579511474123,HAR-RV
2024-11-18,-0.8493721604414989,-1.0651469559209727,-1.2012832554436483,-1.3762676041698083,HAR-RV
2024-11-19,-0.956881328035565,-1.1999677893903602,-1.3533355228152393,-1.5504684920751362,HAR-RV
2024-11-20,-0.9770630138907846,-1.2252764376545873,-1.381878866255996,-1.583169587935911,HAR-RV
2024-11-21,-0.9878949833034762,-1.238860164298701,-1.3971987273074582,-1.6007210091931097,HAR-RV
2024-11-22,-0.9572928874182393,-1.2004839014600193,-1.3539175991041186,-1.5511353562272086,HAR-RV
2024-11-25,-0.7652722922846812,-0.9596823283612149,-1.0823392069958042,-1.2399976280040987,HAR-RV
2024-11-26,-0.7514800959615229,-0.9423863577451773,-1.062832640533596,-1.2176496469023328,HAR-RV
2024-11-27,-0.7824913808025442,-0.9812757600425666,-1.106692492485829,-1.2678983231341923,HAR-RV
2024-11-29,-0.8667053352659971,-1.0868834564334968,-1.225797895374305,-1.40435315735767,HAR-RV
2024-12-02,-0.8706064664252229,-1.0917756322928254,-1.2313153396197476,-1.4106742974704667,HAR-RV
2024-12-03,-0.8639566342751506,-1.0834364744984928,-1.221910355108317,-1.399899340405057,HAR-RV
2024-12-04,-0.7906643821727526,-0.9915250334890736,-1.118251724292586,-1.2811413248930519,HAR-RV
2024-12-05,-0.7744355719766157,-0.9711734507745551,-1.0952990083308822,-1.2548452125792764,HAR-RV
2024-12-06,-0.7545367452679683,-0.9462195192916848,-1.0671557179790445,-1.2226024433485718,HAR-RV
2024-12-09,-0.6741499076967867,-0.8454111818833207,-0.9534630795458119,-1.092348821316304,HAR-RV
2024-12-10,-0.6956854903308991,-0.8724176713293441,-0.9839212650379465,-1.1272436837766475,HAR-RV
2024-12-11,-0.7514751475880119,-0.9423801522851595,-1.0628256419545077,-1.2176416288785812,HAR-RV
2024-12-12,-0.7759517445146386,-0.9730747923050882,-1.0974433600851752,-1.257301920302459,HAR-RV
2024-12-13,-0.8655754717120211,-1.085466561954052,-1.2241999077882484,-1.402522399677007,HAR-RV
2024-12-16,-0.8377050449037153,-1.050515922343196,-1.1847822312900187,-1.3573629662541844,HAR-RV
2024-12-17,-0.7803244422646997,-0.9785583316940164,-1.103627749959143,-1.2643871563585913,HAR-RV
2024-12-18,-0.7934918670932283,-0.9950708136502596,-1.1222506901737157,-1.285722798219546,HAR-RV
2024-12-19,-1.1245914167683275,-1.4102830066893168,-1.590531101793145,-1.8222150511987236,HAR-RV
2024-12-20,-1.168090858556194,-1.4648330616152092,-1.652053192432127,-1.89269872763685,HAR-RV
2024-12-23,-1.3414913678966403,-1.6822842959282316,-1.8972968418682035,-2.173665675538408,HAR-RV
2024-12-24,-1.4389412628244913,-1.8044903956469525,-2.0351220879425753,-2.331567169918963,HAR-RV
2024-12-26,-1.5691623969900197,-1.9677929514793584,-2.219296323058331,-2.5425690565797052,HAR-RV
2024-12-27,-1.041430773293376,-1.3059962047723208,-1.4729154167364897,-1.6874669338398973,HAR-RV
2024-12-30,-1.2023410659832072,-1.5077842035052167,-1.7004939144074696,-1.9481955441246812,HAR-RV
